560;470;;;;;;;;;;;;;;;;;;;;;;;;;;;;;;;;;;;;;;;;;;;;;;;;;;;;;;;;;;;;;;;;;;;;;;;;;;;;;;;;;;;;;;;;;;;;;;;;;;;;;;;;;;;;;;;;;;;;;;;;;;;;;;;;;;;;;;;;;;;;;;;;;;;;;;;;;;;;;;;;;;;;;;;;;;;;;;;;;;;;;;;;;;;;;;;;;;;;;;;;;;;;;;;;;;;;;;;;;;;;;;;;;;;;;;;;;;;;;;;;;;;;;;;;;;;;;;;;;;;;;;;;;;;;;;;;;;;;;;;;;;;;;;;;;;;;;;;;;;;;;;;;;;;;;;;;;;;;;;;;;;;;;;;;;;;;;;;;;;;;;;;;;;;;;;;;;;;;;;;;;;;;;;;;;;;;;;;;;;;;;;;;;;;;;;;;;;;;;;;;;;;;;;;;;;;;;;;;;;;;;;;;;;;;;;;;;;;;;;;;;;;;;;;;;;;;;;;;;;;;;;;;;;;;
113;125;108;112;121;152;79;100;244;114;86;238;199;223;232;226;226;212;205;209;218;225;230;238;192;250;186;67;114;133;127;124;151;177;143;226;248;205;106;252;200;168;183;162;174;169;144;89;22;93;116;160;166;66;165;14;129;32;10;8;54;126;124;117;112;139;121;125;111;118;144;131;165;161;26;15;14;43;55;43;31;30;45;18;70;221;171;99;87;165;214;247;245;120;212;137;84;248;242;227;244;151;80;249;121;191;91;90;173;111;230;219;236;201;239;119;122;168;179;172;152;236;160;192;248;246;244;93;10;37;254;170;27;244;249;250;165;24;2;89;147;125;51;199;155;232;20;133;164;168;83;145;242;209;189;190;40;93;139;141;113;97;68;31;57;55;69;63;65;68;71;71;71;74;75;74;71;78;81;86;95;95;82;69;71;72;75;72;67;70;78;81;75;69;70;73;67;58;59;66;55;62;56;26;131;205;121;106;149;163;126;123;120;123;137;129;178;235;177;2;96;92;67;53;43;39;50;36;47;59;56;53;55;97;77;25;240;169;199;174;205;165;138;233;243;245;75;52;220;219;198;215;211;209;208;210;210;210;210;210;210;210;210;210;210;210;210;210;211;211;211;211;211;211;211;211;211;211;210;210;210;210;210;210;210;210;210;210;210;210;210;210;210;210;210;210;210;210;210;210;210;210;209;209;210;210;210;210;210;210;210;210;209;209;208;207;207;207;208;208;209;209;209;209;209;209;209;209;209;209;208;208;208;208;208;208;208;208;208;208;208;209;209;209;207;207;207;207;207;206;206;206;209;208;208;207;207;207;207;207;206;206;206;206;206;206;206;206;207;207;207;207;207;207;207;207;208;207;206;207;207;207;207;206;207;207;207;207;206;206;206;206;206;206;206;206;206;206;206;206;205;205;206;206;206;206;207;207;205;206;206;206;206;206;206;205;206;206;206;206;206;206;206;206;207;207;206;206;207;206;205;204;206;206;206;206;206;206;206;206;206;206;206;206;206;206;206;206;206;206;206;206;206;206;206;206;205;206;206;206;207;207;208;208;206;207;207;208;208;207
117;115;118;122;120;155;95;94;245;106;101;244;183;232;238;233;227;217;212;226;233;212;207;237;215;210;251;116;93;145;136;88;168;181;135;111;247;252;203;109;129;179;208;168;170;167;165;180;67;27;41;123;110;115;176;11;105;49;13;26;9;45;67;83;108;133;100;103;120;101;135;125;132;77;17;24;44;58;61;93;118;105;110;127;39;81;171;123;241;248;229;138;248;250;100;161;143;20;200;244;209;247;215;240;102;196;109;86;165;109;234;224;221;200;211;109;109;177;167;189;141;245;165;158;241;226;249;241;150;1;2;252;250;7;207;253;155;129;70;14;122;138;43;192;144;242;69;54;136;147;168;66;208;240;148;253;72;130;135;135;128;109;96;68;53;42;74;69;64;68;69;68;68;69;69;68;65;72;76;77;81;81;76;73;73;74;76;73;68;70;76;76;69;72;71;71;72;60;52;60;62;53;63;18;91;191;153;105;111;126;149;122;116;118;117;102;164;249;126;22;104;105;107;79;94;104;112;88;67;64;76;92;89;69;84;8;227;183;168;197;172;217;146;180;252;51;40;67;113;241;200;208;206;199;220;208;211;211;210;210;210;210;210;210;210;210;210;210;211;211;211;211;211;211;211;211;211;211;211;210;210;210;210;210;210;210;210;210;210;210;210;210;210;210;210;210;210;210;210;210;210;210;210;209;210;210;210;210;210;210;209;209;210;209;209;208;208;209;209;209;209;209;209;209;209;209;209;209;209;209;209;208;208;208;208;208;208;208;208;208;208;209;209;209;207;207;207;207;207;207;207;207;209;208;208;207;207;207;207;207;207;207;207;207;207;207;207;207;207;207;207;207;207;207;207;207;208;207;206;207;207;207;207;206;206;206;206;206;206;206;206;206;206;206;206;206;206;206;206;206;206;206;206;206;206;206;206;206;205;206;206;206;206;206;206;205;206;206;206;206;206;206;206;206;207;206;206;206;207;206;205;205;206;206;206;206;206;206;206;206;206;206;206;206;206;206;206;206;206;206;206;206;206;206;206;206;207;207;207;207;207;207;207;207;207;207;207;207;207;207
128;134;135;122;125;164;104;101;247;101;87;246;222;192;156;249;244;220;218;218;213;212;212;223;217;225;248;248;64;97;198;82;110;184;241;134;66;240;252;151;138;94;142;218;180;163;160;170;177;145;13;26;59;100;158;67;131;52;33;15;7;28;47;86;64;81;126;90;112;93;155;128;95;136;65;27;70;24;44;74;92;95;103;131;137;95;85;241;244;216;239;221;118;233;243;153;151;182;38;141;242;216;208;243;151;173;120;93;151;115;232;230;216;206;243;114;114;174;166;175;150;236;186;154;170;237;241;228;246;198;13;4;202;253;29;174;246;48;183;191;83;66;47;213;143;234;111;61;119;166;164;87;213;237;133;254;91;117;165;146;135;101;97;96;58;32;62;53;63;66;68;67;66;66;65;65;73;80;83;80;77;72;72;77;71;71;73;72;67;68;71;70;62;71;66;63;70;61;49;56;46;49;51;45;9;145;172;128;128;131;113;108;127;114;107;98;161;254;7;60;100;75;83;77;91;95;92;92;88;91;97;99;118;83;112;14;177;209;172;172;179;210;169;195;191;5;127;135;88;237;220;203;213;211;207;209;211;211;211;210;210;210;209;209;210;210;210;210;211;211;211;211;211;211;211;211;211;211;211;211;211;211;211;211;211;211;211;211;211;211;211;211;211;211;211;211;211;211;211;211;211;210;210;210;211;211;210;210;210;209;209;209;209;210;210;210;210;210;210;210;209;209;209;209;209;209;209;209;209;209;209;209;208;208;208;208;208;208;208;208;208;209;209;209;208;208;208;208;208;208;208;208;209;208;208;207;207;207;207;207;207;207;207;207;207;207;207;207;207;207;207;207;207;207;207;207;208;207;206;207;207;207;207;206;206;206;206;206;206;206;206;206;206;206;206;206;206;206;206;206;206;206;206;206;206;206;206;206;206;206;206;206;206;206;206;206;207;207;207;207;207;207;207;207;206;206;205;206;206;206;206;205;207;207;207;207;207;207;207;207;207;207;207;207;207;207;207;207;206;206;206;206;206;206;206;206;208;208;207;207;207;206;206;206;207;207;206;206;206;206
133;134;134;130;127;159;95;112;244;127;44;233;249;230;72;122;237;246;217;222;226;209;222;221;220;212;216;244;208;49;138;154;86;216;230;250;210;113;54;163;194;181;116;119;187;210;155;158;154;184;114;39;24;18;68;79;149;49;30;5;71;165;102;100;125;79;111;89;96;80;146;126;76;171;156;32;15;15;43;66;89;122;124;134;150;131;124;243;220;216;215;249;239;129;181;246;202;116;189;61;99;249;208;212;237;221;64;82;161;120;236;212;213;177;244;108;101;190;195;175;149;242;178;177;97;183;237;235;223;244;199;56;2;103;248;90;136;249;63;182;218;71;13;196;158;241;17;96;193;173;159;89;222;223;143;251;97;109;163;148;153;116;100;117;86;45;57;57;61;64;67;68;67;66;67;67;62;70;77;79;77;73;73;81;69;69;71;71;68;69;70;67;65;68;60;53;57;55;49;50;51;45;43;54;27;75;147;133;117;120;115;119;103;120;95;74;247;190;2;93;88;78;91;86;86;88;75;90;89;85;83;75;94;82;118;8;166;253;157;156;44;219;208;196;196;3;94;127;43;213;233;199;215;210;214;206;211;211;210;210;210;210;210;210;210;210;210;210;211;211;211;211;211;211;211;211;211;211;211;211;211;211;211;211;211;211;211;211;211;211;212;212;212;212;211;211;211;211;211;211;211;211;210;210;211;211;211;210;209;209;209;208;208;209;209;210;210;210;210;209;209;209;209;209;209;209;209;209;209;209;209;209;208;208;208;208;208;208;209;209;209;209;209;209;208;208;208;208;209;209;209;209;209;209;208;208;207;207;207;207;208;208;208;208;208;208;208;208;207;207;207;207;207;207;207;207;208;207;206;207;207;207;207;206;205;205;205;205;206;206;206;206;206;206;206;206;206;206;206;206;207;207;207;206;206;206;206;206;206;206;206;207;207;206;206;206;207;207;207;207;207;207;207;207;206;205;205;206;206;207;206;205;207;207;207;207;207;207;207;207;207;207;207;207;207;207;207;207;206;206;206;206;206;206;206;206;208;208;207;207;207;206;206;206;207;207;206;206;206;206
127;105;117;146;119;145;86;121;247;69;154;138;242;241;107;142;100;171;238;224;228;238;204;216;224;212;224;245;238;26;149;154;230;242;208;167;249;223;114;73;132;177;198;124;100;154;201;166;140;156;159;116;60;8;30;47;86;73;10;6;116;107;131;93;140;103;118;183;119;97;164;166;130;116;192;157;13;16;29;88;109;114;129;132;139;129;123;246;220;224;220;222;228;249;161;144;247;249;116;186;103;33;230;244;201;237;208;48;131;126;241;222;218;202;240;109;129;218;168;163;146;229;195;195;24;94;188;236;241;212;247;232;120;5;18;251;162;102;228;127;129;215;22;186;134;246;19;132;182;147;151;119;220;220;153;253;114;115;143;143;147;134;103;107;94;48;38;59;60;63;66;68;68;67;68;70;61;68;73;77;78;74;72;77;72;71;73;73;70;71;72;69;74;66;60;52;44;49;51;42;37;41;52;45;60;10;64;108;100;119;101;87;96;119;79;169;254;9;49;105;99;75;85;82;85;89;76;93;90;86;92;88;97;77;113;16;80;253;254;209;49;91;237;174;248;59;5;23;38;205;240;198;207;208;208;212;210;210;210;210;210;210;211;211;210;210;210;210;211;211;211;211;211;211;211;211;211;211;211;211;212;212;212;212;212;212;212;212;211;211;212;212;212;212;211;211;211;211;211;211;211;211;211;210;211;211;211;210;209;209;209;208;207;207;209;209;210;209;209;208;209;209;209;209;209;209;209;209;209;209;209;209;209;208;208;208;209;209;209;209;209;209;209;209;208;208;209;209;209;209;210;210;209;209;208;208;207;207;207;208;208;208;208;208;208;208;208;208;207;207;207;207;207;207;207;207;208;207;206;207;207;207;207;206;205;205;205;205;206;206;206;206;206;206;206;206;206;206;206;206;207;207;207;207;206;206;206;206;206;206;207;207;207;207;206;206;207;207;207;207;207;207;207;207;206;205;205;206;207;207;206;206;207;207;207;207;207;207;207;207;207;207;207;207;207;207;207;207;206;206;206;206;206;206;206;206;207;207;207;207;207;207;207;206;207;207;207;206;206;207
126;124;126;143;120;156;89;139;245;12;174;151;181;249;169;146;181;105;101;227;241;202;242;212;202;230;211;246;233;20;190;114;129;250;217;228;190;157;236;174;65;101;174;215;162;109;129;187;181;158;139;124;99;65;13;24;67;98;11;8;148;61;148;103;143;145;98;137;143;109;93;159;116;146;176;202;85;87;34;106;123;125;133;143;159;138;127;244;226;233;215;222;243;200;243;206;122;227;240;157;155;159;19;145;240;211;237;241;107;100;245;216;212;214;245;114;131;214;197;202;186;239;165;190;169;47;57;169;219;247;223;245;239;153;11;6;248;216;78;232;163;133;63;185;164;239;25;142;153;171;175;119;224;197;152;249;123;101;160;139;136;145;109;99;110;67;31;57;59;62;66;69;67;65;66;69;73;77;77;76;78;75;72;74;75;74;75;73;69;70;71;68;73;61;60;56;44;50;55;41;50;45;44;40;54;53;45;65;97;112;112;97;131;82;158;197;34;34;110;60;87;93;86;89;84;87;76;89;89;84;91;88;90;89;106;55;71;253;196;254;117;116;208;198;231;251;2;12;222;221;205;221;203;207;208;209;209;209;210;210;210;211;211;211;210;210;210;210;211;211;211;211;211;211;211;211;211;211;211;211;211;211;211;211;211;211;211;211;210;211;212;212;212;212;211;210;211;211;211;211;211;211;210;210;211;211;210;210;210;209;209;209;207;208;208;209;209;209;208;207;210;210;210;210;210;210;210;210;209;209;209;209;209;209;209;208;209;209;209;209;209;209;209;209;209;209;209;209;209;209;209;209;209;209;208;208;208;208;208;208;208;208;208;208;208;208;208;208;207;207;207;207;207;207;207;207;208;207;206;207;207;207;207;206;205;205;205;206;206;206;206;206;206;206;206;206;206;206;206;206;207;207;207;207;207;206;206;206;206;207;207;207;207;207;207;206;207;207;207;207;207;207;207;207;207;206;206;207;207;207;206;206;207;207;207;207;207;207;207;207;207;207;207;207;207;207;207;207;206;206;206;206;206;206;206;206;206;206;207;207;207;207;207;207;208;207;207;207;207;207
110;135;126;118;114;151;73;128;246;43;62;227;221;164;248;117;141;188;138;74;168;245;219;223;224;231;212;242;217;22;142;221;130;140;236;242;151;168;199;203;179;114;65;147;207;193;124;121;164;181;147;130;90;57;58;55;102;101;26;6;130;169;144;131;87;148;190;146;146;137;102;123;139;135;143;153;75;131;77;99;134;127;144;152;155;134;134;247;217;231;229;234;227;221;227;250;237;116;192;238;220;136;187;62;81;249;213;234;242;101;245;247;244;248;244;225;108;219;192;189;154;248;210;149;171;221;101;26;157;196;246;239;223;250;187;12;7;188;253;100;190;201;3;166;177;220;52;140;153;160;184;129;225;174;154;254;128;86;171;134;139;135;106;97;119;74;26;54;60;62;66;69;67;64;64;67;66;73;74;72;74;77;78;81;77;76;75;72;66;67;71;69;66;60;60;58;51;52;52;42;43;40;47;36;41;59;60;50;80;159;167;183;115;228;228;12;57;93;84;85;82;74;77;77;68;77;80;85;85;78;91;95;83;83;83;90;33;243;195;182;240;127;239;242;201;25;44;31;175;251;198;202;207;209;213;204;210;210;210;210;210;210;211;211;210;210;210;210;211;211;211;211;210;211;211;211;211;211;211;211;211;211;211;211;211;211;211;211;210;210;211;212;212;211;210;210;211;211;211;211;211;211;210;210;210;210;210;210;210;210;209;209;209;209;210;210;210;209;209;208;210;210;210;210;210;210;210;210;209;209;209;209;209;209;209;209;209;209;209;209;209;209;209;209;209;209;209;209;209;209;209;209;209;209;208;208;208;208;208;208;208;208;208;208;208;208;208;208;208;208;208;208;208;208;208;208;208;207;206;207;207;207;207;206;205;206;206;206;206;207;207;207;206;206;206;206;206;206;206;206;206;206;207;207;207;207;207;207;207;207;207;207;207;207;207;207;207;207;207;207;207;207;207;207;208;207;207;207;208;207;207;206;207;207;207;207;207;207;207;207;207;207;207;207;207;207;207;207;207;207;207;207;207;207;207;207;206;206;207;207;207;207;207;207;208;208;208;208;208;208
119;132;139;141;135;157;79;127;243;93;106;200;189;216;117;141;147;138;169;164;73;108;234;228;210;227;225;243;193;19;119;181;207;93;173;242;155;89;195;226;191;204;163;73;81;185;222;136;114;142;187;148;113;76;66;57;73;106;44;5;13;48;56;147;98;15;55;88;96;97;107;98;138;107;108;83;53;140;129;101;129;131;143;145;156;138;137;246;216;237;228;222;232;246;217;208;244;248;139;144;248;245;106;177;132;38;241;240;213;237;152;71;78;64;49;29;36;36;30;51;9;7;239;235;104;143;227;147;8;126;188;243;241;224;251;216;74;7;77;253;138;151;197;173;166;233;56;141;170;155;181;125;236;174;177;254;148;66;167;139;160;130;105;101;116;64;22;63;60;62;67;69;67;63;64;67;66;77;80;75;75;78;81;83;79;78;77;72;66;68;73;72;65;65;61;57;55;51;44;40;47;51;32;48;68;49;50;55;70;165;169;169;134;252;67;24;116;74;91;75;78;92;100;97;82;79;78;76;83;79;88;86;88;75;95;91;8;229;246;186;199;122;21;81;75;84;51;117;250;245;198;204;211;206;204;219;210;210;210;210;210;210;210;210;210;210;210;210;211;211;211;211;210;210;211;211;211;211;211;211;211;211;211;211;211;211;211;211;209;210;211;212;212;211;210;209;210;211;211;211;211;210;210;210;210;210;210;210;210;210;210;210;211;211;211;211;210;210;209;209;211;211;211;211;211;211;211;211;209;209;209;209;209;209;209;209;209;209;209;209;209;209;209;208;210;209;209;209;209;208;208;208;209;209;208;208;208;208;208;208;208;208;208;208;208;208;208;208;208;208;208;208;208;208;208;208;208;207;206;207;207;207;207;206;206;206;206;206;207;207;207;207;206;206;206;206;206;206;206;206;206;206;206;207;207;207;207;207;207;207;207;207;207;207;207;207;207;207;207;207;207;207;207;207;209;208;208;208;208;208;207;206;207;207;207;207;207;207;207;207;207;207;207;207;207;207;207;207;208;208;208;208;208;208;208;208;207;207;207;207;207;207;207;207;208;208;209;209;209;209
125;111;99;113;105;116;63;129;245;91;115;238;229;223;70;135;161;147;137;140;180;123;76;187;241;226;219;250;181;49;90;161;189;122;120;222;232;189;155;99;205;123;202;207;104;46;148;215;165;111;128;183;157;82;52;61;96;121;65;35;23;7;10;60;176;130;108;96;129;138;128;98;161;163;23;33;141;131;122;124;134;140;149;154;163;144;138;248;238;227;224;230;222;198;248;225;211;236;251;184;122;238;248;128;137;162;43;209;241;243;16;53;126;137;165;177;169;159;178;126;235;36;11;244;201;107;127;209;203;17;78;188;233;240;230;238;229;140;14;8;249;184;73;252;160;238;39;156;170;158;192;133;233;172;172;254;192;76;171;155;172;120;78;86;122;82;29;62;61;61;64;70;71;67;65;66;72;79;81;78;75;78;81;82;77;75;75;77;73;68;69;76;68;70;58;58;51;51;46;48;44;41;48;39;44;56;72;2;62;155;152;168;114;252;96;8;105;72;89;84;72;82;80;72;82;77;75;74;81;73;79;76;77;108;74;99;13;220;204;252;254;31;66;76;86;132;22;229;206;188;248;182;209;222;205;208;210;210;210;210;210;210;210;210;210;210;210;211;211;211;211;212;211;211;211;211;211;211;211;211;210;212;212;210;210;212;212;210;212;212;212;212;212;212;212;212;212;212;211;211;211;211;210;210;210;210;210;210;210;210;210;210;210;211;211;211;211;210;210;209;210;210;210;210;210;210;210;210;210;210;210;210;210;210;210;210;210;210;210;210;210;210;210;210;210;210;210;210;210;210;210;210;209;209;209;208;208;208;208;208;208;208;208;209;209;208;208;208;208;208;208;208;208;208;207;207;207;207;207;207;207;207;206;206;206;206;206;206;206;206;206;206;208;208;207;207;206;205;205;204;206;206;206;206;207;207;208;208;207;207;207;207;207;207;207;207;208;208;207;207;208;208;207;207;207;207;207;207;206;206;206;206;208;208;208;208;207;207;207;207;207;207;207;207;207;207;207;207;208;208;208;208;208;208;208;208;207;207;207;207;207;207;208;208;208;208;208;208;208;208
71;72;70;77;65;96;81;115;169;94;110;222;237;241;42;110;107;130;129;115;132;150;122;59;114;230;237;239;189;71;94;155;173;169;114;144;245;229;196;139;248;162;106;171;223;119;24;74;192;182;103;86;173;154;44;71;119;98;77;76;41;38;7;93;137;139;174;160;160;141;141;108;114;179;187;45;25;91;133;137;137;142;149;155;167;148;142;248;204;225;241;246;224;118;144;247;238;216;216;251;233;107;205;245;197;160;186;43;166;146;45;161;187;170;160;175;156;172;179;143;161;246;92;8;220;250;106;116;174;228;45;56;172;221;240;230;239;243;144;2;8;253;187;129;183;243;45;174;169;169;188;130;239;172;168;254;239;87;165;139;109;85;76;108;101;57;33;62;61;64;67;69;71;72;70;68;67;76;84;84;82;80;77;74;78;75;74;75;74;71;71;74;77;74;59;40;48;49;42;52;45;49;52;54;44;51;40;61;186;188;159;201;212;255;255;55;34;44;58;69;86;73;75;84;75;79;81;73;81;71;80;70;92;69;64;113;3;177;239;211;218;9;100;91;130;64;21;254;4;5;248;205;206;209;204;209;210;210;210;210;210;210;210;210;210;210;210;211;211;211;211;212;211;211;211;211;211;211;211;211;210;212;212;210;210;212;212;210;212;212;212;212;212;212;212;212;211;211;211;211;210;210;210;210;210;210;209;209;209;209;210;210;211;211;211;211;211;210;209;208;210;210;210;210;210;210;210;210;210;210;210;210;210;210;210;210;210;210;210;210;210;210;210;210;210;210;210;210;210;210;210;210;209;209;209;209;208;208;208;208;208;208;209;209;209;209;208;208;208;208;208;208;208;208;208;208;207;207;207;207;207;207;207;206;206;206;206;206;206;206;206;206;208;208;208;207;207;206;206;206;206;206;206;206;207;207;208;208;207;207;207;207;207;207;207;207;208;208;207;207;208;208;207;207;207;207;207;207;206;206;206;206;208;208;208;208;207;207;207;207;207;207;207;207;207;207;207;207;208;208;208;208;208;208;208;208;207;207;207;206;207;207;207;208;208;208;208;208;208;208
132;185;140;160;177;156;169;125;93;142;63;212;240;244;20;71;107;84;108;125;128;115;119;134;71;68;180;240;200;60;131;148;110;182;151;113;207;237;248;189;245;252;220;112;138;207;217;70;23;143;203;119;62;153;71;64;120;108;87;80;55;73;15;49;135;81;114;113;116;100;114;80;95;213;187;21;15;24;144;147;142;145;150;156;172;151;145;249;227;241;198;224;248;245;156;126;245;248;215;228;246;246;148;141;250;193;97;161;39;99;108;121;152;167;153;143;150;156;158;187;247;134;251;163;9;171;240;125;123;186;231;80;40;156;215;231;229;249;238;164;16;4;197;161;101;234;51;186;161;160;176;136;239;185;166;235;255;73;171;74;9;71;80;100;98;57;37;58;65;69;70;68;68;70;69;65;70;75;78;77;76;79;81;82;79;76;73;73;75;74;73;71;65;52;77;61;41;53;50;45;46;36;48;26;34;57;69;148;220;158;135;187;169;65;87;197;145;162;154;89;64;96;74;84;85;67;74;72;76;76;73;90;76;78;71;106;12;136;253;254;112;1;113;80;110;33;83;254;2;2;228;225;210;199;213;207;210;210;210;210;210;210;210;210;210;210;210;211;211;211;211;212;211;211;211;211;211;211;211;211;211;212;212;211;211;212;212;211;212;212;212;212;212;212;212;212;211;211;211;210;210;210;210;210;210;210;210;210;210;210;210;210;212;212;211;211;210;210;209;208;210;210;210;210;210;210;210;210;210;210;210;210;210;210;210;210;210;210;210;210;210;210;210;210;210;210;210;210;210;210;210;210;209;209;209;209;208;208;208;208;208;208;209;209;209;209;208;208;209;209;209;209;208;208;208;208;207;207;207;207;207;207;207;207;207;207;207;207;207;207;207;207;208;208;208;208;207;207;207;207;207;207;207;207;207;207;207;207;207;207;207;207;207;207;207;207;208;207;207;207;208;208;208;207;207;207;207;207;207;206;206;206;207;207;207;207;208;208;208;208;207;207;207;207;207;207;207;207;207;207;207;207;207;207;207;207;207;207;206;206;206;207;207;207;208;208;208;208;208;208
126;152;165;126;138;137;137;151;151;150;67;166;250;234;152;14;40;90;90;100;111;106;115;111;133;128;31;101;242;88;121;173;9;130;151;142;124;136;219;240;236;215;241;249;127;114;181;197;136;7;61;175;146;141;69;87;127;131;95;86;66;82;72;7;16;46;148;142;135;143;147;126;114;54;17;12;21;83;164;144;148;150;153;156;172;148;147;249;217;247;189;180;131;185;250;183;169;197;247;222;210;241;243;194;91;121;166;141;110;81;82;124;151;167;158;169;151;170;142;159;246;250;141;239;224;2;112;245;132;91;173;230;140;13;117;216;239;233;244;233;156;15;1;200;207;242;34;180;154;179;189;139;233;171;186;253;228;94;178;121;55;64;83;140;153;62;50;84;68;69;70;69;68;68;67;65;66;72;78;79;79;79;79;77;77;76;74;72;73;75;72;69;67;82;52;59;59;42;47;51;50;45;17;73;139;148;60;108;190;147;125;123;136;128;106;142;130;160;224;184;49;92;87;80;74;79;79;80;75;89;74;70;78;82;74;100;11;102;233;236;126;2;100;90;126;7;140;244;33;1;173;250;192;216;216;203;210;210;210;210;210;210;210;210;210;210;210;211;211;211;211;212;211;211;211;211;211;211;211;212;211;212;212;211;211;212;212;211;212;212;212;212;212;212;212;212;212;211;211;211;211;210;210;210;211;211;211;211;211;211;211;211;212;212;212;211;211;210;210;210;210;210;210;210;210;210;210;210;210;210;210;210;210;210;210;210;210;210;210;210;210;210;210;210;210;210;210;210;210;210;210;210;210;209;209;209;209;208;208;208;209;209;209;209;209;209;209;209;209;209;209;209;209;209;208;208;207;207;207;207;207;207;207;207;207;207;207;207;207;207;207;207;207;207;207;207;207;207;207;207;208;208;207;207;207;207;207;207;207;207;207;207;207;207;207;207;207;207;207;207;208;208;208;208;207;207;207;207;207;207;207;207;207;207;207;207;208;208;208;208;207;207;207;207;207;207;207;207;207;207;207;207;207;207;207;207;208;207;207;207;207;207;208;208;208;208;208;208;208;208
129;119;126;130;133;136;135;131;149;89;198;148;100;244;247;233;74;18;69;123;116;102;125;124;95;133;131;10;245;198;46;227;190;210;194;225;173;132;116;251;243;233;210;243;236;172;174;58;189;150;7;150;171;153;64;85;136;153;108;92;81;58;84;69;9;10;112;156;166;161;143;205;97;12;15;62;47;83;160;149;151;155;156;155;170;141;145;248;210;246;213;241;247;110;151;143;242;217;174;245;247;209;218;249;177;71;220;75;50;122;75;95;117;124;138;129;157;160;135;100;176;252;249;167;204;248;3;42;248;183;96;164;215;186;40;46;184;241;245;237;246;170;189;195;182;222;47;177;163;187;175;145;244;161;188;254;250;77;143;133;68;102;139;152;171;57;45;69;69;66;67;71;72;68;68;72;75;77;77;76;75;75;75;74;75;75;74;72;71;72;70;68;52;66;58;50;54;42;45;47;58;5;62;170;148;147;52;124;195;166;144;163;180;176;181;167;148;130;170;129;29;89;86;76;81;78;62;81;78;65;79;86;80;78;69;94;27;86;254;251;109;6;101;99;104;5;171;254;52;5;106;251;189;216;209;212;210;210;210;210;210;210;210;210;210;210;210;211;211;211;211;212;211;211;211;211;211;212;212;212;211;212;212;211;211;212;212;211;212;212;212;212;212;212;212;212;212;212;212;212;212;211;211;211;211;211;211;211;211;211;211;211;212;212;212;212;212;212;212;212;210;210;210;210;210;210;210;210;210;210;210;210;210;210;210;210;210;210;210;210;210;210;210;210;210;210;210;210;210;210;210;210;210;210;210;209;209;209;209;208;209;209;209;209;209;209;209;209;209;209;209;209;209;209;208;208;207;207;207;207;207;207;207;207;206;206;206;206;206;206;206;206;206;206;207;207;207;207;207;207;208;208;207;207;207;207;207;207;207;207;207;207;207;207;207;207;207;207;206;207;208;209;208;208;208;207;207;207;207;207;207;207;207;207;207;207;208;208;208;208;207;207;207;207;207;207;207;207;207;207;207;207;207;207;207;207;209;209;208;208;208;208;208;209;208;208;208;208;208;208
135;131;126;151;136;140;134;147;154;129;75;245;193;70;169;243;243;173;37;73;129;121;121;114;123;108;124;63;248;242;21;207;245;249;163;217;176;145;173;206;211;224;242;221;248;194;149;155;133;192;71;142;146;158;91;75;144;141;119;110;110;87;58;63;64;12;110;172;146;154;144;210;63;9;77;68;66;79;162;141;152;157;158;155;169;136;145;249;209;250;171;158;251;249;8;94;243;243;237;146;238;252;203;231;245;147;95;21;73;137;90;99;120;127;132;147;151;130;180;250;102;155;251;248;203;166;248;14;10;251;204;96;147;191;222;91;46;141;208;249;237;250;74;183;133;244;51;163;177;178;175;141;244;176;161;248;255;118;152;125;53;128;171;154;174;46;42;75;72;66;66;72;71;65;65;70;82;79;74;71;70;74;78;81;74;75;75;73;71;68;68;68;78;58;59;49;64;42;51;68;10;4;153;142;172;165;70;69;222;167;145;157;155;157;151;167;168;153;147;173;6;52;87;89;67;66;89;72;76;77;74;79;80;95;75;78;50;33;241;255;151;0;110;83;139;9;183;252;56;7;63;243;215;206;199;210;210;210;210;210;210;210;210;210;210;210;210;211;211;211;211;212;211;211;211;211;212;212;212;212;211;213;213;211;211;213;213;211;212;212;212;212;212;212;212;212;213;213;213;212;212;212;212;211;210;210;210;210;210;210;210;210;212;212;211;211;211;212;212;212;210;210;210;210;210;210;210;210;210;210;210;210;210;210;210;210;210;210;210;210;210;210;210;210;210;210;210;210;210;210;210;210;210;210;210;210;209;209;209;209;209;209;210;210;210;210;209;209;209;209;209;209;208;208;208;208;207;207;207;207;207;207;208;208;206;206;206;206;206;206;206;206;206;206;207;207;207;207;207;207;208;208;207;207;207;207;207;207;207;207;207;207;207;207;207;207;207;206;206;207;208;209;209;208;208;208;208;208;208;207;207;207;206;206;207;207;208;208;209;209;207;207;207;207;207;207;207;207;207;207;207;207;207;207;207;207;210;209;209;209;209;209;209;209;208;208;208;208;208;208
154;161;155;160;159;158;154;164;95;167;247;33;164;246;112;100;236;243;242;79;76;122;113;123;120;125;155;76;231;241;54;203;210;246;159;187;210;100;154;199;188;231;222;218;246;129;52;246;93;172;65;149;160;142;92;80;155;127;143;130;82;85;81;68;62;7;115;194;137;151;156;193;44;21;70;64;73;94;159;155;151;157;158;156;171;135;147;248;211;238;245;226;230;216;114;136;218;238;249;222;86;238;246;200;250;217;65;29;121;139;123;119;146;137;148;150;163;134;215;243;244;111;131;253;244;214;161;251;85;36;251;220;113;155;169;216;98;43;111;156;247;243;30;190;159;242;44;182;178;165;199;141;237;192;190;196;254;160;127;134;81;125;150;151;148;50;74;71;75;71;69;71;69;63;61;63;74;75;77;79;81;80;79;78;77;75;74;75;72;67;66;68;65;66;51;50;44;48;64;1;28;188;133;147;170;173;132;83;186;179;156;154;189;163;164;177;167;140;128;248;168;14;37;88;102;70;89;72;71;79;57;84;81;76;80;89;87;12;220;248;173;1;93;91;124;12;188;254;104;0;64;247;199;203;206;213;210;210;210;210;210;210;210;210;210;210;210;211;211;211;211;212;211;211;211;211;212;212;212;212;212;213;213;212;212;213;213;212;212;212;212;212;212;212;212;212;213;213;212;212;212;212;211;211;211;211;210;210;210;210;211;211;212;211;211;211;210;211;211;212;211;211;211;211;211;211;211;211;210;210;210;210;210;210;210;210;210;210;210;210;210;210;210;210;210;210;210;210;210;210;210;210;210;210;210;210;209;209;209;209;209;209;210;210;210;210;209;209;208;208;208;208;208;208;208;208;207;207;207;207;207;208;208;208;206;206;206;206;206;206;206;206;207;207;207;207;207;207;207;207;208;208;207;207;207;207;207;208;208;208;208;208;208;208;208;208;206;206;206;207;208;209;209;209;208;208;208;208;208;208;208;208;206;206;207;207;208;208;209;209;208;208;208;208;208;208;208;208;208;208;208;208;208;208;208;208;210;209;209;209;208;209;209;209;208;208;208;208;208;208
59;52;63;61;94;112;151;124;156;236;187;248;111;60;244;210;71;144;238;243;75;87;123;117;123;133;159;82;245;244;35;218;228;219;163;172;249;101;141;132;206;239;207;230;247;212;127;213;41;72;101;112;153;173;91;78;137;124;115;126;122;96;88;73;70;15;100;180;143;145;152;202;50;27;63;64;79;84;148;168;150;157;158;156;174;137;149;247;214;240;230;216;250;145;140;86;183;241;222;250;238;64;199;248;237;236;73;42;142;147;138;133;191;187;172;189;198;128;189;242;245;251;142;75;227;245;236;116;223;252;227;246;246;119;131;186;220;127;49;68;105;242;90;183;142;216;64;186;170;177;186;138;245;149;204;254;234;181;140;89;94;149;151;171;155;51;69;67;74;74;73;71;69;67;65;63;80;79;77;78;79;80;81;81;79;74;73;76;74;67;65;68;60;52;52;52;44;48;1;47;199;55;71;170;168;176;164;102;98;152;118;124;146;129;169;177;165;178;153;200;251;225;57;15;97;91;65;84;77;90;79;77;75;62;80;85;103;6;189;254;201;2;63;97;102;3;200;254;123;22;28;250;209;208;219;202;210;210;210;210;210;210;210;210;210;210;210;211;211;211;211;212;211;211;211;212;212;212;212;212;212;213;213;212;212;213;213;212;212;212;212;212;212;212;212;212;212;212;212;212;211;211;211;211;212;212;212;212;212;212;212;212;212;211;210;210;209;210;210;210;211;211;211;211;211;211;211;211;210;210;210;210;210;210;210;210;210;210;210;210;210;210;210;210;210;210;210;210;210;210;210;210;210;210;210;210;210;209;209;209;209;210;210;210;210;210;210;209;208;208;208;208;208;208;207;207;207;207;207;207;208;208;208;208;207;207;207;207;207;207;207;207;208;208;208;208;208;208;208;208;208;207;207;207;207;207;208;208;208;208;208;208;208;208;208;208;206;206;206;207;208;209;209;209;208;208;208;208;208;208;208;208;206;206;207;207;208;208;209;209;208;208;208;208;208;208;208;208;208;208;208;208;208;208;208;208;209;209;209;208;208;208;208;208;208;208;208;208;208;208
109;116;134;138;121;42;82;76;8;182;238;183;247;220;58;148;247;131;143;216;84;101;118;130;130;150;150;83;241;243;15;184;245;249;158;174;245;93;121;169;173;204;205;207;204;229;240;125;103;91;99;152;128;161;106;105;135;156;136;119;108;88;88;92;73;24;112;167;151;156;140;195;47;27;73;59;79;89;159;151;156;155;157;154;164;142;145;249;209;233;220;231;236;86;161;140;174;241;185;230;250;239;44;233;233;246;101;38;130;171;133;10;50;116;148;134;138;200;134;237;238;247;247;165;69;192;250;226;208;237;217;214;247;241;154;120;161;161;121;83;65;92;107;199;153;227;61;177;175;186;183;137;250;157;192;253;254;178;134;103;120;158;164;184;149;44;52;83;76;77;76;74;72;72;71;69;85;81;77;76;77;78;77;76;81;73;73;78;74;66;62;60;59;64;57;50;50;16;26;223;144;127;210;159;191;177;172;169;152;149;129;106;88;84;82;103;108;123;129;107;128;221;242;107;38;95;95;100;78;89;89;81;88;73;74;86;100;5;158;254;242;15;39;84;122;1;193;252;135;59;27;239;228;199;205;215;211;210;204;214;209;210;208;213;209;212;212;209;210;213;213;211;211;211;211;211;212;212;212;212;212;212;212;212;212;212;212;212;212;212;212;212;212;212;212;212;211;211;211;211;211;211;211;211;212;212;212;212;212;212;212;212;212;212;212;211;211;211;210;210;211;211;211;211;211;211;211;211;211;211;211;211;211;211;211;211;210;210;210;210;210;210;210;210;210;210;210;210;210;210;210;210;211;211;210;210;210;210;210;209;209;209;209;209;209;209;209;209;209;209;208;208;208;208;207;207;208;208;208;208;208;208;208;208;208;208;208;208;208;208;208;208;208;208;208;208;208;208;208;208;209;208;208;207;207;208;208;209;209;209;209;209;209;209;209;209;209;207;206;207;208;209;208;206;208;208;208;208;208;208;208;208;208;208;208;208;208;208;208;208;208;208;208;208;208;208;208;208;208;208;208;208;208;208;208;208;208;208;208;208;208;208;208;208;209;209;208;208;208;208
171;168;163;188;192;59;77;231;191;6;99;242;194;194;246;136;93;247;114;29;126;129;135;108;105;153;155;60;242;221;92;150;246;250;139;190;248;150;101;159;144;224;242;170;154;211;213;176;241;98;33;163;142;160;118;103;134;148;129;125;130;113;93;74;79;23;121;170;150;159;140;195;53;33;70;58;71;97;166;154;158;155;156;153;164;140;144;247;212;223;209;244;185;89;192;162;153;241;207;192;218;245;67;195;245;246;117;46;153;162;182;20;14;96;119;86;44;91;174;121;234;237;232;251;197;35;131;250;234;206;228;229;212;242;242;159;103;141;103;104;167;161;107;215;155;224;58;181;174;182;180;143;234;191;181;191;254;226;84;94;109;155;156;138;85;23;85;67;73;75;75;73;72;73;72;71;75;74;74;77;80;82;80;79;73;70;72;74;72;70;66;59;65;41;58;45;10;1;153;177;62;163;149;124;136;209;221;207;218;218;228;246;253;255;228;204;204;199;196;162;100;93;138;217;74;17;42;39;82;79;67;65;78;75;76;78;104;10;128;253;250;45;5;84;53;9;122;253;167;24;66;243;219;206;204;209;212;210;220;207;205;213;205;209;212;213;212;211;213;211;209;212;211;211;211;211;212;212;212;212;213;213;213;213;213;213;213;213;212;212;212;212;212;212;212;212;211;211;211;211;211;211;211;211;211;211;211;211;211;211;211;211;212;212;212;212;211;211;211;211;211;211;211;211;211;211;211;211;211;211;211;211;211;211;211;211;210;210;210;210;210;210;210;210;210;210;210;210;210;210;210;210;211;211;210;210;210;210;210;209;209;209;209;209;209;209;209;209;209;209;208;208;208;208;207;207;209;209;209;209;209;209;209;209;209;209;209;209;209;209;209;209;209;209;209;209;209;209;209;209;209;208;208;207;207;208;208;209;209;209;209;209;209;209;209;209;209;207;206;207;208;209;208;207;208;208;208;208;208;208;208;208;208;208;208;208;208;208;208;208;208;208;208;208;208;208;208;208;208;208;208;208;208;208;208;208;208;208;208;208;208;208;208;208;208;208;208;208;208;208
137;147;133;141;180;99;63;203;248;154;195;85;165;246;174;245;236;18;50;114;138;114;126;122;143;159;155;79;244;80;147;161;189;248;169;170;244;241;78;136;230;121;239;238;192;214;186;188;240;56;66;142;145;164;93;116;137;146;129;122;127;117;99;74;81;19;126;171;146;160;143;197;58;40;68;66;68;111;171;151;160;156;156;154;168;141;147;247;212;224;217;247;90;96;191;170;160;160;231;208;232;76;60;188;247;247;116;70;173;165;202;73;42;148;187;127;63;47;78;165;120;205;242;242;244;183;208;243;218;217;211;203;233;229;244;240;82;83;111;152;165;150;123;195;155;220;57;186;172;178;177;150;249;175;192;247;219;252;28;11;54;27;34;39;52;82;85;73;73;74;75;74;74;74;73;71;75;75;75;77;79;79;78;76;78;79;78;74;71;73;70;60;49;65;30;7;96;106;117;94;82;54;62;79;51;72;106;119;154;151;150;155;163;185;195;208;230;217;229;241;246;251;212;207;232;222;166;59;28;97;76;70;73;81;78;72;105;22;79;248;255;117;0;35;29;178;37;207;106;2;184;251;191;204;208;217;210;205;212;207;220;202;215;214;210;212;209;211;215;210;209;218;211;211;211;211;212;212;212;212;213;213;213;213;213;213;213;213;212;212;212;212;212;212;212;212;212;212;212;212;212;212;212;212;212;212;212;212;212;212;212;212;213;213;212;212;212;212;211;211;211;211;211;211;211;211;211;211;211;211;211;211;211;211;211;211;211;211;211;211;211;211;211;211;210;210;210;210;210;210;210;210;211;211;210;210;210;210;210;209;210;210;210;210;210;210;210;210;209;209;209;208;208;208;208;208;209;209;209;209;209;209;209;209;209;209;209;209;209;209;209;209;208;208;208;208;208;208;208;208;209;208;208;207;207;208;208;209;209;209;209;209;209;209;209;209;209;208;207;207;208;209;208;207;208;208;208;208;208;208;208;208;208;208;208;208;208;208;208;208;208;208;208;208;208;208;208;208;208;208;208;208;208;208;208;208;208;208;208;208;208;208;208;208;208;208;208;208;208;209
143;144;153;161;175;99;68;212;247;125;192;127;129;101;248;190;77;92;74;140;109;133;125;127;149;154;138;95;243;131;43;189;192;184;250;184;243;247;131;115;202;142;146;231;214;233;196;221;212;32;133;143;157;156;103;112;142;147;130;118;118;118;111;90;85;23;128;173;144;156;150;197;58;41;67;79;73;125;172;146;157;155;155;155;171;141;149;247;217;234;226;247;85;91;184;163;162;125;229;236;245;202;43;193;246;244;116;65;165;143;135;134;48;115;153;163;138;83;54;89;154;105;155;243;251;242;244;230;215;217;221;210;217;206;244;235;122;105;130;159;162;147;130;200;151;216;60;190;171;178;176;153;237;214;153;47;243;254;9;66;77;51;65;86;65;85;64;79;74;74;73;73;74;74;71;67;81;80;77;75;74;74;74;74;73;72;70;62;55;57;58;53;53;42;6;147;247;87;117;90;97;112;94;103;105;97;79;70;49;55;61;59;43;49;64;93;72;81;88;88;125;155;175;186;198;195;252;248;101;64;77;84;75;82;78;78;103;48;47;253;215;255;171;2;39;250;42;127;37;5;190;245;196;220;206;208;209;209;213;214;204;215;201;209;207;212;209;209;214;211;209;218;211;211;211;211;212;212;212;212;213;213;213;213;213;213;213;213;212;212;212;212;212;212;212;212;212;212;212;212;212;212;212;212;213;213;213;213;213;213;213;213;213;213;213;212;212;212;212;212;211;211;211;211;211;211;211;211;211;211;211;211;211;211;211;211;211;211;211;211;211;211;211;211;210;210;210;210;210;210;210;210;211;211;210;210;210;210;210;209;210;210;210;210;210;210;210;210;209;209;209;209;208;208;208;208;209;209;209;209;209;209;209;209;209;209;209;209;209;209;209;209;207;207;207;207;207;207;207;207;209;208;208;208;208;208;208;209;209;209;209;209;209;209;209;209;209;208;207;208;209;209;208;208;208;208;208;208;208;208;208;208;208;208;208;208;208;208;208;208;208;208;208;208;208;208;208;208;208;208;208;208;208;208;208;208;208;208;208;208;208;208;208;208;207;207;208;208;208;209
140;146;149;150;173;101;78;212;240;138;201;130;243;86;15;88;66;123;70;132;95;117;131;117;151;152;144;64;244;216;40;167;198;186;112;208;241;238;223;109;202;222;175;92;243;230;192;242;156;53;126;130;157;171;108;102;154;152;138;125;123;124;108;78;96;38;133;179;148;151;159;195;56;40;65;85;76;129;172;149;153;152;153;154;171;136;147;246;216;226;206;243;183;62;182;155;182;152;176;226;219;245;150;88;215;246;155;108;159;178;244;163;49;95;155;125;161;146;84;54;40;146;132;111;226;233;227;241;223;210;220;227;214;201;244;224;138;101;136;153;144;148;147;190;146;213;65;192;172;180;178;152;231;209;175;182;88;226;108;16;124;99;72;61;82;68;77;75;72;71;69;70;73;74;70;65;80;79;76;74;73;73;74;75;77;74;74;70;61;58;62;64;50;40;3;184;122;54;127;129;106;108;128;162;161;167;156;181;185;169;177;180;154;158;153;133;96;74;81;61;27;19;37;33;51;48;35;133;131;51;91;75;72;69;67;82;92;74;31;252;172;247;250;11;7;244;6;168;27;15;118;251;186;198;219;203;203;216;195;209;216;207;221;198;209;215;212;208;210;210;209;211;211;211;211;211;212;212;212;212;212;212;212;212;212;212;212;212;212;212;212;212;212;212;212;212;212;212;212;212;212;212;212;212;211;211;211;211;211;211;211;211;213;213;213;213;213;212;212;212;211;211;211;211;211;211;211;211;211;211;211;211;211;211;211;211;212;212;212;212;212;212;212;212;210;210;210;210;210;210;210;210;211;211;210;210;210;210;210;209;210;210;210;210;210;210;210;210;209;209;209;209;209;208;208;208;209;209;209;209;209;209;209;209;209;209;209;209;209;209;209;209;209;209;209;209;209;209;209;209;209;209;208;208;208;208;209;209;209;209;209;209;209;209;209;209;209;208;208;208;209;209;208;208;208;208;208;208;208;208;208;208;208;208;208;208;208;208;208;208;208;208;208;208;208;208;208;208;208;208;208;208;208;208;208;208;208;208;208;208;208;208;208;208;207;207;208;208;208;209
143;140;144;155;178;99;89;216;251;106;200;120;243;215;6;99;100;97;83;114;120;118;134;146;138;126;137;56;244;243;56;219;162;248;138;209;245;207;249;149;107;89;135;239;243;143;166;231;117;131;92;140;151;181;93;101;148;144;140;130;122;120;101;68;99;45;135;181;153;151;165;196;55;43;67;82;75;127;173;154;153;154;156;154;170;129;145;245;211;219;206;234;238;52;159;164;179;138;181;210;217;243;228;176;152;197;145;125;144;176;245;243;154;130;154;108;118;161;141;84;166;143;113;85;154;242;229;223;233;204;208;230;221;206;242;227;128;108;153;155;148;157;155;190;146;210;70;191;174;180;181;150;233;227;142;73;252;80;177;137;90;129;119;75;68;87;71;74;72;72;71;72;74;75;73;69;76;77;77;77;75;73;74;74;71;67;69;70;60;51;52;57;46;30;25;7;1;149;165;147;148;139;156;162;159;155;165;144;144;154;133;126;157;183;164;161;172;160;162;164;166;167;136;149;71;36;37;54;44;53;78;84;81;70;70;85;83;92;19;228;253;189;253;65;0;254;144;57;191;166;154;226;219;213;205;203;216;233;236;210;199;199;214;213;210;212;211;208;207;211;212;209;211;211;211;211;212;212;212;212;212;212;212;212;212;212;212;212;213;213;213;213;213;213;213;213;212;212;212;212;212;212;212;212;212;212;212;212;212;212;212;212;212;212;212;212;212;212;212;212;211;211;211;211;211;211;211;211;211;211;211;211;211;211;211;211;211;211;211;211;211;211;211;211;210;210;210;210;210;210;210;210;211;211;210;210;210;210;210;209;210;210;210;210;210;210;210;210;210;210;209;209;209;209;208;208;208;208;208;208;208;208;208;208;208;208;208;208;208;208;208;208;209;209;209;209;209;209;209;209;209;209;208;208;208;208;209;209;209;209;209;209;209;209;209;209;209;209;209;209;209;209;209;209;208;208;208;208;208;208;208;208;208;208;208;208;208;208;208;208;208;208;208;208;208;208;208;208;208;208;208;208;208;208;208;208;208;208;208;208;208;208;208;208;208;208;208;208;208;209
165;150;150;158;167;100;99;207;247;102;203;134;247;202;40;125;106;88;33;44;55;71;51;63;72;93;95;62;237;205;33;229;221;251;152;134;250;207;230;241;90;117;174;223;181;169;209;137;106;175;63;158;149;164;114;111;132;132;138;130;115;115;108;84;94;40;136;178;155;156;165;198;53;51;81;84;81;126;172;153;156;158;159;155;168;123;145;246;206;226;233;237;236;72;148;181;178;170;197;200;213;222;236;169;249;154;36;169;157;177;246;219;246;183;220;123;128;81;119;128;186;243;217;248;250;230;212;225;226;231;225;212;220;216;233;213;136;114;156;153;159;171;159;182;152;208;73;188;175;178;182;151;246;180;247;28;7;251;76;153;203;79;165;104;75;95;80;75;76;79;79;76;73;72;71;71;74;77;79;78;76;73;72;73;73;67;68;68;59;49;47;49;59;33;17;2;21;22;19;96;188;161;150;140;132;138;124;130;131;129;142;151;149;174;171;147;139;154;181;196;208;222;154;80;57;78;91;58;96;96;71;81;92;83;85;87;88;108;19;199;242;207;253;85;2;252;254;151;249;247;242;211;200;200;221;245;241;206;181;245;249;237;203;209;212;205;208;210;207;212;217;210;211;211;211;211;212;212;212;212;213;213;213;213;213;213;213;213;213;213;213;213;213;213;213;213;213;213;213;213;213;213;213;213;213;213;213;213;213;213;213;213;212;212;212;212;212;212;212;212;212;212;212;212;212;212;212;212;211;211;211;211;211;211;211;211;211;211;211;211;211;211;211;211;211;211;211;211;211;211;211;211;211;211;210;210;210;210;210;209;210;210;210;210;210;210;210;210;210;210;210;209;209;209;209;209;208;208;208;208;208;208;208;208;208;208;208;208;208;208;208;208;208;208;208;208;208;208;208;208;209;209;208;208;208;208;209;209;209;209;209;209;209;209;209;209;209;209;209;209;209;209;209;209;208;208;208;208;208;208;208;208;208;208;208;208;208;208;208;208;208;208;208;208;208;208;208;208;209;209;209;209;209;209;209;209;208;208;208;208;208;208;208;208;208;208;208;208;208;208
145;143;154;168;169;90;86;221;246;116;190;125;235;205;92;91;73;124;117;92;109;129;139;151;138;121;145;136;136;157;110;169;242;219;244;103;138;248;236;245;228;117;121;158;99;227;216;118;100;219;138;146;157;177;95;102;149;143;148;136;115;113;105;82;95;38;140;176;156;160;160;197;51;59;96;91;89;127;171;145;155;158;159;153;165;118;144;247;193;224;240;242;237;79;160;180;187;170;199;196;197;198;245;121;155;248;101;171;148;177;248;211;245;53;86;237;131;201;247;248;119;106;249;234;218;230;207;223;219;224;235;222;227;215;236;220;129;109;155;150;161;171;159;185;158;207;73;186;177;175;182;152;242;176;188;251;108;1;248;198;157;217;78;60;91;61;85;80;79;83;84;77;68;64;65;66;73;76;78;77;75;74;74;76;78;72;70;69;62;55;53;52;45;30;29;31;21;24;2;6;59;188;157;103;91;89;128;129;125;126;112;109;120;128;119;133;137;147;173;180;122;44;41;42;52;73;75;69;81;73;76;72;78;76;83;75;87;113;19;178;249;171;254;160;0;233;255;250;215;203;180;207;238;249;243;205;153;102;91;83;165;235;249;246;218;204;207;214;207;210;216;209;211;211;211;211;212;212;212;212;213;213;213;213;213;213;213;213;214;214;214;214;214;214;214;214;213;213;213;213;213;213;213;213;212;212;212;212;212;212;212;212;212;212;212;212;212;212;212;212;212;212;212;212;212;212;212;212;211;211;211;211;211;211;211;211;211;211;211;211;211;211;211;211;211;211;211;211;211;211;211;211;211;211;210;210;210;210;210;209;210;210;210;210;210;210;210;210;210;210;210;209;209;209;209;209;209;209;209;209;209;209;209;209;209;209;209;209;209;209;209;209;208;208;208;208;208;208;208;208;209;209;208;208;208;208;209;209;209;209;209;209;209;209;209;209;209;209;209;209;209;209;209;209;208;208;208;208;208;208;208;208;208;208;208;208;208;208;208;208;208;208;208;208;208;208;208;208;209;209;209;209;209;209;209;209;208;208;208;208;208;208;208;208;209;209;208;208;208;208
145;154;143;174;172;98;88;228;246;84;200;131;235;245;88;39;13;134;188;183;173;170;190;188;197;194;188;188;162;172;147;128;243;226;234;248;161;93;211;242;248;220;153;188;214;251;190;170;34;146;144;130;149;167;95;113;149;142;140;133;125;117;104;103;101;33;149;173;154;158;160;197;44;63;92;106;86;133;171;151;151;165;154;155;170;127;157;245;209;225;208;223;247;69;134;180;165;240;133;193;224;190;194;216;146;107;133;174;159;182;249;218;249;217;141;172;205;23;231;245;249;149;34;241;241;205;239;213;218;217;234;235;231;218;241;226;131;99;156;155;163;169;168;189;159;206;72;185;172;174;179;151;247;163;221;191;240;191;7;166;243;150;201;6;71;95;72;89;77;80;79;72;67;67;68;66;76;77;75;74;78;78;77;79;69;69;68;65;60;56;56;59;38;31;29;33;33;29;28;31;4;4;122;132;123;187;183;161;159;159;156;165;161;157;139;131;151;172;46;5;13;1;51;89;86;74;82;79;74;75;68;76;76;84;83;79;74;106;24;136;248;211;226;247;0;221;255;235;226;249;214;227;190;64;9;6;6;27;60;22;9;80;18;141;236;211;210;219;210;210;214;203;208;212;214;205;214;210;211;212;213;213;213;213;213;213;213;213;213;213;213;213;213;213;213;213;214;214;214;214;213;213;213;213;213;213;213;213;212;212;212;212;212;212;212;212;212;212;212;212;212;212;212;212;213;213;213;213;211;211;211;211;211;211;211;211;212;212;212;212;212;212;212;212;211;211;211;211;211;211;211;211;211;211;211;211;210;210;210;210;210;210;210;210;210;210;210;210;211;210;210;210;210;209;209;209;209;209;209;209;209;209;209;209;209;209;209;209;209;209;209;209;210;210;209;209;209;209;210;210;209;209;209;209;209;209;209;209;209;209;209;209;209;209;209;209;209;209;210;209;209;208;209;209;208;208;208;208;208;208;208;208;208;208;208;208;208;208;208;208;209;209;209;209;209;208;208;208;209;209;209;209;209;209;209;209;210;209;209;209;209;209;209;208;208;208;208;208;208;208
143;153;143;172;170;98;88;230;247;76;201;130;234;246;100;76;18;114;103;121;120;146;129;128;122;138;150;150;167;160;180;125;122;247;237;209;245;240;100;131;239;250;240;246;240;251;165;175;93;88;80;155;141;180;104;99;155;144;138;131;127;121;104;95;103;40;150;173;157;158;155;191;33;57;88;101;92;141;177;154;157;162;161;157;175;139;160;250;215;212;224;225;244;108;34;162;127;130;245;179;166;233;181;248;214;40;159;175;160;190;250;221;232;251;253;234;199;65;3;167;253;254;208;10;170;254;227;213;220;228;227;219;213;219;251;212;130;97;141;164;156;175;167;169;158;204;73;189;163;177;182;146;230;164;215;250;190;238;243;4;134;254;148;163;50;94;76;61;71;75;74;70;68;71;73;72;82;81;76;73;75;74;71;72;73;72;71;68;62;55;52;52;51;44;39;39;38;34;30;30;38;7;102;191;184;166;168;185;175;177;175;181;177;178;169;166;200;177;3;28;37;63;77;55;72;70;78;76;75;79;78;79;73;84;84;83;78;109;37;123;230;227;255;221;0;168;190;255;203;174;227;233;167;20;12;6;7;34;1;1;31;7;34;201;231;211;208;212;207;210;217;212;211;212;210;214;214;214;211;214;213;213;213;214;214;213;213;213;213;213;213;213;213;213;213;213;214;214;214;214;213;213;213;213;213;213;213;213;212;212;212;212;212;212;212;212;212;212;212;212;213;213;213;212;212;212;212;212;211;211;211;211;211;211;211;211;211;211;211;211;211;211;211;211;211;211;211;211;211;211;211;211;211;211;211;211;210;210;210;210;210;210;210;210;210;210;210;210;210;210;210;210;210;209;209;209;209;209;209;209;209;209;209;209;209;209;209;209;209;209;209;209;210;210;209;209;209;209;210;210;209;209;209;209;209;209;209;209;209;209;209;209;209;209;209;209;209;209;210;209;209;208;209;209;209;209;209;209;209;209;209;209;208;208;208;208;208;208;208;208;209;209;209;209;209;208;208;208;209;209;209;209;209;209;209;209;209;208;208;209;209;210;210;209;209;209;209;209;209;209
145;156;147;172;170;100;90;233;244;79;204;126;245;212;82;91;39;117;119;124;151;159;149;144;138;155;170;169;171;144;118;227;156;100;200;246;216;236;244;173;85;179;248;226;214;245;159;167;185;134;71;156;136;185;95;107;145;146;147;134;122;114;101;97;92;40;147;170;162;163;161;196;22;56;85;97;95;147;176;152;159;156;164;155;176;146;159;251;203;224;233;226;247;192;41;160;239;193;93;206;184;104;204;245;177;94;170;160;170;183;247;234;230;134;220;250;235;249;171;4;72;247;254;231;59;100;251;251;211;222;226;219;223;204;241;229;122;110;146;147;163;173;162;182;157;203;75;192;157;180;185;142;240;162;173;244;250;216;209;249;4;111;254;38;6;121;65;85;72;74;73;69;69;72;74;73;81;80;75;73;77;78;77;80;72;71;70;69;65;58;52;50;48;46;43;42;43;44;43;41;39;2;110;198;159;165;168;173;164;175;178;174;161;161;163;168;179;209;1;44;46;42;72;76;69;79;80;77;75;78;81;74;75;77;68;79;84;114;45;71;249;187;210;243;158;165;0;137;252;201;185;194;252;248;231;217;173;92;146;148;173;246;246;244;214;207;207;208;206;207;210;207;212;211;211;212;210;214;213;210;213;213;213;214;214;213;213;213;214;214;214;214;214;214;214;214;214;214;214;214;213;213;213;213;213;213;213;213;212;212;212;212;212;212;212;212;212;212;212;212;213;213;212;212;212;211;211;211;211;211;211;211;211;211;211;211;211;211;211;211;211;211;211;211;211;211;211;211;211;211;211;211;211;211;211;211;210;210;210;210;210;210;210;210;210;210;210;210;210;210;210;210;210;209;209;209;209;209;209;209;209;209;209;209;209;209;209;209;209;209;209;209;210;210;209;209;209;209;210;210;209;209;209;209;209;209;209;209;209;209;209;209;209;209;209;209;209;209;210;209;209;208;209;209;209;209;209;209;209;209;209;209;208;208;208;208;208;208;208;208;209;209;209;209;209;208;208;208;209;209;209;209;209;209;209;209;208;208;208;208;210;210;210;210;209;209;209;209;209;209
149;159;151;173;169;100;90;235;237;76;199;113;247;172;85;114;56;84;137;136;170;148;157;153;148;151;162;172;163;136;240;122;176;233;93;150;244;229;241;247;244;132;105;239;243;249;145;121;178;149;74;160;138;186;93;105;143;141;139;129;125;121;102;88;89;47;148;168;161;159;158;192;19;67;91;103;93;150;171;150;158;155;163;155;175;140;161;249;224;210;207;218;250;243;72;138;205;240;227;132;148;196;207;245;164;92;168;177;161;190;249;226;250;187;118;204;253;242;216;228;40;9;244;254;254;113;44;237;251;211;237;219;230;207;239;216;125;96;164;167;176;163;173;174;161;201;75;188;163;181;183;141;227;195;188;174;238;249;224;224;250;10;73;254;74;41;86;68;75;75;73;70;70;73;74;73;81;80;75;71;72;72;71;75;69;67;65;64;61;55;50;47;49;50;48;45;44;46;47;44;45;2;128;198;143;174;152;162;172;170;164;162;165;170;164;154;202;159;1;63;47;24;70;93;67;83;76;75;75;74;83;76;76;84;76;86;82;105;62;46;251;255;191;183;243;250;79;0;229;212;251;200;196;204;236;247;180;117;132;233;201;243;207;200;209;213;215;214;214;213;212;213;211;212;216;207;206;212;218;207;213;213;214;214;214;214;213;213;214;214;214;214;214;214;214;214;214;214;214;214;213;213;213;213;213;213;213;213;212;212;212;212;212;212;212;212;212;212;212;212;212;212;212;212;211;211;211;211;211;211;211;211;211;211;211;211;211;211;211;211;211;211;211;211;211;211;211;211;211;211;211;211;211;211;211;211;210;210;210;210;210;210;210;210;210;210;210;210;210;210;210;210;210;210;209;209;209;209;209;209;209;209;209;209;209;209;209;209;209;209;209;209;209;209;209;209;209;209;209;209;209;209;209;209;209;209;209;209;209;209;209;209;209;209;209;209;209;209;210;209;209;208;209;209;209;209;209;209;209;209;209;209;208;208;208;208;208;208;208;208;209;209;209;209;209;209;209;209;209;209;209;209;209;209;209;209;209;208;208;209;209;210;210;209;209;209;209;209;209;209
150;157;152;173;167;98;87;237;244;75;208;113;245;195;125;116;62;36;100;136;128;141;142;143;140;143;167;161;161;201;183;244;163;110;242;174;108;187;230;228;244;244;198;96;188;240;249;149;108;176;77;167;131;176;89;108;140;138;137;128;126;123;102;85;82;51;147;165;159;157;161;193;20;81;100;114;92;156;171;156;159;164;164;161;177;131;168;248;213;229;218;230;220;244;170;177;223;169;216;236;169;165;238;251;175;77;171;173;171;197;242;224;229;245;221;122;140;253;251;170;243;104;7;157;251;247;204;48;154;250;246;215;222;229;239;221;120;112;146;176;166;175;191;171;168;201;74;181;176;180;177;143;242;202;154;84;212;237;245;238;226;245;79;51;244;57;73;78;73;74;73;72;73;75;77;77;79;81;78;75;75;74;75;79;80;76;71;68;64;58;53;51;47;51;51;47;45;49;52;51;35;4;102;196;151;165;165;162;161;160;160;162;174;186;187;181;197;237;17;1;45;48;60;83;62;77;68;73;76;73;87;87;80;87;79;87;78;99;87;41;254;157;250;219;145;251;209;98;210;206;214;197;212;205;239;209;1;12;12;130;158;224;212;215;205;211;210;205;206;207;208;212;209;211;213;215;207;214;216;211;213;213;214;214;214;214;213;213;215;215;215;215;215;215;215;215;214;214;214;214;213;213;213;213;213;213;213;213;212;212;212;212;212;212;212;212;212;212;212;212;211;211;211;211;212;212;212;212;211;211;211;211;211;211;211;211;211;211;211;211;211;211;211;211;211;211;211;211;211;211;211;211;211;211;211;211;210;210;210;210;210;210;210;210;210;210;210;210;210;210;210;210;210;210;210;209;209;209;209;209;209;209;209;209;209;209;209;209;209;209;209;209;208;208;208;208;208;208;208;208;209;209;209;209;209;209;209;209;209;209;209;209;209;209;209;209;209;209;210;209;209;208;209;209;208;208;208;208;208;208;208;208;209;209;209;208;208;208;208;208;209;209;209;209;209;209;209;209;209;209;209;209;209;209;209;209;209;209;209;209;209;209;209;209;210;210;210;210;210;210
151;155;153;175;168;98;86;242;236;73;200;113;246;182;109;163;173;51;60;125;88;115;107;125;125;126;138;120;20;182;235;181;231;248;105;167;223;131;123;215;241;238;242;245;111;117;243;251;203;77;70;158;145;180;74;116;139;141;142;131;122;116;100;89;79;53;146;166;161;162;172;198;21;83;103;116;91;158;175;161;159;171;163;165;179;123;175;247;226;223;223;217;203;244;150;163;238;148;218;168;202;242;176;248;188;82;176;177;159;193;252;224;234;239;251;249;145;123;251;250;210;223;165;8;108;252;250;249;93;73;253;249;222;206;245;192;117;114;121;144;172;148;184;178;175;199;72;177;182;179;173;145;236;180;221;60;66;180;219;244;226;210;252;118;24;91;59;71;74;75;75;74;74;75;77;78;74;78;79;78;81;81;82;86;84;79;74;71;67;63;59;58;44;48;50;47;47;51;55;56;1;127;204;158;131;129;109;137;128;136;144;137;136;138;151;158;174;202;254;198;30;89;74;75;73;85;73;76;77;69;79;85;78;80;77;87;79;95;100;25;233;255;151;230;241;161;254;254;111;242;231;204;212;186;237;221;3;89;14;155;145;226;211;204;212;216;215;211;210;208;208;211;209;209;204;224;209;216;207;217;213;214;214;214;214;214;214;213;214;214;214;214;214;214;214;214;214;214;214;214;213;213;213;213;213;213;213;213;212;212;212;212;212;212;212;212;212;212;212;212;211;211;211;212;212;212;213;213;211;211;211;211;211;211;211;211;211;211;211;211;211;211;211;211;211;211;211;211;211;211;211;211;211;211;211;211;210;210;210;210;210;210;210;210;210;210;210;210;210;210;210;210;210;210;210;210;209;209;209;209;209;209;209;209;209;209;209;209;209;209;209;209;208;208;208;208;208;208;208;208;209;209;209;209;209;209;209;209;209;209;209;209;209;209;209;209;209;209;210;209;209;208;209;209;208;208;208;208;208;208;208;208;209;209;209;209;208;208;208;208;208;208;208;209;209;209;209;209;209;209;209;209;209;209;209;209;210;209;209;209;209;209;209;208;209;209;209;209;209;209
154;154;154;178;170;98;85;244;242;68;211;126;236;181;124;64;123;66;110;143;104;140;160;158;166;172;147;156;218;11;71;235;220;175;248;167;132;219;198;242;213;243;229;222;250;193;77;171;244;236;47;112;147;185;77;117;149;141;136;126;123;119;99;86;86;60;148;167;160;161;172;187;27;80;102;109;91;155;178;158;157;169;161;164;178;121;178;248;225;221;227;244;212;248;202;116;228;220;209;251;252;242;206;243;215;72;168;181;158;206;243;237;227;242;244;247;247;118;107;240;247;220;189;235;7;33;244;252;250;122;39;230;253;210;238;215;130;185;206;200;150;186;181;179;180;197;71;180;176;178;174;144;237;193;195;184;112;46;142;200;225;249;239;45;67;82;76;75;76;77;77;77;74;73;74;76;77;79;78;78;80;77;73;73;73;70;68;66;64;61;59;59;58;57;54;51;49;49;49;49;3;140;197;176;103;11;139;167;151;145;142;133;134;127;126;122;90;71;49;103;55;62;77;75;78;90;81;78;78;68;71;78;71;79;90;96;79;84;106;27;175;245;255;147;193;254;182;219;243;151;244;238;191;205;234;218;3;70;16;161;141;192;230;204;208;208;209;210;208;206;206;208;214;212;206;213;212;214;209;214;213;214;214;214;214;214;214;213;214;214;214;214;214;214;214;214;214;214;214;214;213;213;213;213;213;213;213;213;212;212;212;212;212;212;212;212;212;212;212;212;212;212;212;212;212;213;213;213;212;212;212;212;212;212;212;212;211;211;211;211;211;211;211;211;211;211;211;211;211;211;211;211;211;211;211;211;210;210;210;210;210;210;210;210;210;210;210;210;210;210;210;210;210;210;210;210;209;209;209;209;209;209;209;209;209;209;209;209;209;209;209;209;209;209;209;208;208;209;209;209;209;209;209;209;209;209;209;209;209;209;209;209;209;209;209;209;209;209;210;209;209;208;209;209;209;209;209;209;209;209;209;209;209;209;209;209;208;208;208;208;208;208;208;209;209;209;209;209;209;209;209;209;209;209;209;209;209;209;208;209;209;210;209;209;209;209;209;209;209;209
155;153;154;178;169;94;81;243;246;84;200;120;252;157;156;114;152;79;106;152;138;136;156;161;153;178;134;132;243;203;124;179;153;249;182;223;219;211;131;159;251;211;223;240;223;247;248;121;109;245;246;124;79;184;55;122;145;142;141;128;115;108;97;93;80;53;141;163;158;161;173;183;37;80;104;104;95;152;180;153;156;165;160;161;177;123;180;250;227;227;161;191;249;242;197;136;210;166;197;219;218;240;239;249;212;74;172;178;162;202;246;242;247;123;240;245;231;251;181;88;182;251;243;198;248;13;6;250;251;254;195;21;164;249;244;203;119;83;108;117;208;245;174;183;182;195;71;185;167;178;176;142;239;195;177;143;230;144;66;111;153;249;237;1;78;103;74;68;73;75;77;77;75;73;74;77;79;80;79;82;88;86;80;77;74;73;72;72;69;65;63;63;62;58;54;54;55;56;55;55;21;1;75;61;1;2;222;192;187;180;183;183;193;188;187;181;170;158;53;5;72;85;75;76;61;77;75;74;78;74;76;84;77;74;79;85;76;85;113;28;147;255;199;254;144;206;252;153;215;253;179;211;205;192;239;211;5;64;32;155;153;171;241;188;209;203;203;205;207;212;220;226;222;220;219;193;216;212;221;210;214;214;214;214;214;214;214;214;214;214;214;214;214;214;214;214;214;214;214;214;213;213;213;213;213;213;213;213;212;212;212;212;212;212;212;212;212;212;212;212;213;213;213;213;212;212;212;212;212;212;212;212;212;212;212;212;212;212;212;212;212;212;212;212;211;211;211;211;211;211;211;211;211;211;211;211;210;210;210;210;210;210;210;210;210;210;210;210;210;210;210;210;210;210;210;210;209;209;209;209;209;209;209;209;209;209;209;209;209;209;209;209;210;210;209;209;209;209;210;210;209;209;209;209;209;209;209;209;209;209;209;209;209;209;209;209;209;209;210;209;209;208;209;209;209;209;209;209;209;209;209;209;209;209;209;209;208;208;208;208;208;208;208;209;209;209;209;209;209;209;209;209;209;209;209;209;208;208;208;209;209;210;210;210;209;209;209;209;209;209
154;155;152;180;173;91;82;243;243;85;203;101;246;161;137;87;128;69;103;164;126;146;148;147;161;178;147;130;245;190;146;247;15;70;222;210;163;142;243;162;105;219;241;212;234;217;236;247;199;23;95;229;173;167;73;113;140;144;148;121;113;103;88;90;76;54;143;172;162;165;183;192;31;83;101;110;68;145;183;158;165;158;170;159;177;123;181;248;221;227;240;173;171;251;206;123;221;172;232;247;217;231;212;248;206;70;174;188;151;204;246;231;243;92;110;236;247;229;250;212;86;138;249;251;228;246;57;3;199;250;236;248;40;117;243;196;122;158;109;204;226;129;170;194;186;193;82;186;169;173;179;139;242;176;194;122;150;193;195;163;184;206;163;31;81;73;74;83;78;76;74;73;72;71;73;77;86;85;79;81;86;86;86;78;78;80;81;78;71;64;63;65;65;59;54;57;62;56;52;57;30;10;15;12;8;91;216;160;166;168;173;172;176;179;176;182;208;170;124;41;67;83;75;72;74;70;73;78;76;73;73;70;75;82;81;81;80;84;112;45;75;255;190;173;252;195;215;253;165;199;237;192;205;215;249;236;6;70;25;187;197;207;250;247;247;252;250;253;253;246;247;234;228;225;238;227;215;205;214;210;214;218;209;218;215;212;213;219;214;214;214;214;214;214;214;214;214;214;214;214;214;214;213;213;213;213;212;212;212;211;211;211;212;212;211;211;212;212;213;214;213;213;213;213;212;212;212;212;212;212;212;212;212;212;212;212;212;212;212;212;212;212;212;212;211;211;211;211;211;211;211;211;211;211;211;211;211;211;211;211;210;210;210;210;210;210;210;210;210;210;210;210;210;210;211;211;211;210;209;210;210;210;210;209;209;209;209;209;209;209;208;208;208;209;210;211;211;210;209;208;209;209;209;209;209;209;209;209;208;209;209;209;209;209;209;209;210;209;209;208;209;209;210;210;209;209;209;209;209;209;209;209;211;210;210;209;209;208;208;207;207;208;208;209;209;210;210;211;209;209;209;209;209;209;209;209;209;209;208;209;209;210;210;209;209;209;209;209;209;209
149;153;148;177;172;92;83;244;240;72;217;123;251;189;131;138;147;77;103;150;131;151;160;159;156;176;142;125;244;174;122;245;251;155;179;190;222;224;121;198;232;134;156;243;223;225;222;237;249;179;78;9;161;203;75;99;131;141;131;116;108;103;93;85;72;55;128;159;165;150;169;186;13;76;98;112;53;148;175;166;158;159;163;157;178;120;182;246;224;206;251;248;206;212;211;88;244;90;198;247;212;221;230;244;209;68;166;174;152;208;243;225;244;111;133;109;217;245;230;243;241;114;94;216;251;248;253;121;1;120;251;246;252;67;68;250;146;109;239;210;164;151;166;184;189;184;94;186;168;165;184;134;247;139;234;215;129;231;102;35;37;3;25;53;93;80;71;79;74;73;74;74;73;73;76;81;82;83;79;81;82;78;77;72;77;76;77;79;75;66;62;63;67;65;61;57;55;49;45;45;35;43;43;52;1;142;211;149;169;166;166;163;166;169;167;175;175;181;146;57;64;82;82;80;80;78;82;84;77;78;80;73;87;88;84;84;82;83;107;50;85;248;254;235;142;252;223;192;253;185;220;251;221;244;240;190;4;82;25;117;122;131;183;140;135;112;95;72;48;48;34;34;39;69;164;243;219;203;212;220;214;209;215;213;216;216;210;209;214;214;214;214;214;214;214;214;214;214;214;214;214;214;213;213;213;213;213;213;212;212;212;212;212;211;211;211;211;212;213;213;213;213;213;213;212;212;212;212;212;212;212;212;212;212;212;212;212;212;212;212;212;212;212;212;211;211;211;211;211;211;211;211;211;211;211;211;211;211;211;211;210;210;210;210;210;210;210;210;210;210;210;210;210;210;210;211;211;210;209;210;210;210;210;209;209;209;210;210;210;209;209;209;209;209;210;211;211;210;209;209;209;209;209;209;209;209;209;209;208;208;208;209;209;209;209;209;209;208;208;208;208;208;209;209;209;209;209;209;209;209;209;209;210;210;210;209;209;208;208;208;207;208;208;209;209;210;210;211;209;209;209;209;209;209;209;209;209;208;208;209;210;210;210;209;209;209;209;209;209;209
158;164;156;183;174;94;84;244;236;85;219;105;242;250;146;121;134;70;106;148;142;153;158;155;159;181;144;130;249;168;108;251;239;248;191;174;194;205;230;159;137;242;195;119;207;238;203;242;216;139;230;138;48;184;63;121;138;140;128;121;108;98;79;73;67;57;143;156;137;129;173;198;71;36;100;92;61;137;185;152;151;154;163;153;177;125;179;250;218;225;232;217;244;249;96;126;242;132;192;249;224;222;221;249;199;68;175;169;154;209;243;240;247;76;175;139;16;183;246;228;223;252;191;132;159;253;250;252;171;2;62;251;245;252;169;40;198;250;112;92;158;173;161;179;188;117;101;195;175;176;173;127;245;156;206;251;237;130;13;64;89;75;81;90;79;80;70;76;74;74;74;74;71;70;73;77;83;84;80;84;81;73;74;73;71;69;71;76;75;67;61;60;60;64;64;58;54;52;50;48;23;49;39;37;3;202;171;159;166;165;167;163;160;157;159;175;151;179;144;77;52;72;64;70;74;72;78;78;72;79;87;79;81;80;80;82;80;79;103;69;61;253;155;245;246;148;227;241;165;249;216;228;111;5;40;16;93;85;76;36;12;54;4;13;22;31;56;47;61;59;77;75;2;71;88;150;248;218;208;210;218;207;219;223;212;216;221;213;214;214;214;214;214;214;214;214;214;214;214;214;214;214;213;213;214;213;213;213;213;213;212;212;212;211;211;211;211;212;212;213;213;213;213;213;212;212;212;212;212;212;212;212;212;212;212;212;212;212;212;212;212;212;212;212;211;211;211;211;211;211;211;211;211;211;211;211;211;211;211;211;210;210;210;210;210;210;210;210;210;210;210;210;210;210;210;210;211;210;209;210;210;210;210;209;210;210;210;210;210;210;209;209;209;209;210;211;211;210;209;209;209;209;209;209;209;209;209;209;208;208;209;209;209;209;209;209;208;208;208;207;208;208;208;209;209;209;209;209;209;209;209;209;209;209;209;209;209;209;209;209;208;208;208;209;209;210;210;210;209;209;209;209;209;209;209;209;209;208;208;209;210;210;210;210;209;209;209;209;209;209
151;159;152;181;171;98;90;249;237;96;213;108;228;253;150;101;159;91;118;149;148;160;162;163;157;178;141;134;248;164;105;252;231;219;244;208;175;191;204;235;216;113;183;239;154;171;232;234;228;130;134;191;202;170;53;114;132;136;136;114;94;85;76;79;62;29;121;125;105;101;93;130;118;56;93;85;51;132;167;178;165;151;158;147;185;147;177;245;220;236;203;251;244;245;72;156;227;173;231;230;209;252;207;248;196;77;194;177;163;215;246;250;249;108;188;226;131;14;124;245;249;227;253;234;149;127;225;253;253;194;8;7;206;253;250;234;44;146;231;108;161;188;154;179;200;103;109;192;164;170;166;145;240;166;215;235;252;61;56;111;70;83;83;75;81;88;77;84;77;76;75;74;73;71;72;74;86;84;81;86;83;75;76;77;74;74;76;78;78;75;70;67;66;66;66;62;55;51;49;44;35;37;48;0;64;209;139;169;167;161;161;162;165;162;157;166;173;187;169;107;70;83;77;75;82;74;76;75;67;72;80;73;72;73;81;83;79;75;98;91;2;252;254;155;213;248;166;245;242;134;229;254;95;0;74;43;34;64;61;83;74;92;88;102;89;101;102;111;94;129;104;58;56;32;111;44;137;250;210;206;211;230;205;205;212;213;209;216;214;214;214;214;214;214;214;214;214;214;214;214;214;214;213;213;214;214;214;214;213;213;213;213;212;212;212;211;212;212;213;214;213;213;213;213;212;212;212;212;212;212;212;212;212;212;212;212;212;212;212;212;212;212;212;212;211;211;211;211;211;211;211;211;211;211;211;211;211;211;211;211;210;210;210;210;210;210;210;210;210;210;210;210;210;210;210;210;211;210;209;210;210;210;210;209;210;210;210;211;210;210;210;209;209;209;210;211;211;210;209;209;209;209;209;209;209;209;209;209;209;209;209;209;209;209;209;209;208;208;208;208;208;208;208;209;209;209;209;209;209;209;209;209;209;209;209;209;209;209;209;209;208;208;209;209;209;209;210;210;209;209;209;209;209;209;209;209;210;209;209;209;210;210;209;209;209;209;209;209;209;209
152;159;154;183;167;101;94;249;240;92;212;124;223;247;154;103;140;84;121;152;146;158;154;160;159;178;140;139;245;164;112;249;238;211;215;238;230;201;151;194;222;249;168;120;237;211;127;209;248;246;168;98;148;171;78;103;131;131;118;100;88;58;66;50;68;103;120;140;157;156;159;168;73;6;42;122;50;140;177;142;154;162;170;159;178;130;178;251;224;230;136;186;242;244;64;169;246;88;200;251;232;230;210;246;200;77;191;177;166;216;239;235;246;132;164;161;242;187;11;54;241;237;227;249;250;180;103;194;249;252;217;90;5;104;247;248;254;77;107;250;145;118;183;167;184;120;96;192;170;172;172;132;239;169;206;230;249;77;72;100;88;77;77;78;78;80;80;80;78;75;75;76;78;79;79;80;84;82;79;86;86;78;77;75;73;77;78;74;72;74;74;70;66;60;61;61;55;50;46;41;43;31;48;2;153;175;161;166;156;158;166;165;161;153;152;167;166;171;189;112;68;67;82;70;85;73;73;79;76;76;79;76;78;78;86;86;83;79;91;101;32;209;227;253;186;177;243;160;243;216;212;240;3;44;75;57;59;60;53;48;53;82;67;67;76;70;76;56;59;32;70;167;154;102;101;191;50;128;249;209;207;203;215;230;216;208;214;217;214;214;214;214;214;214;214;214;214;214;214;214;214;214;213;213;214;214;214;214;214;214;214;214;213;213;213;212;213;213;214;215;213;213;213;213;212;212;212;212;212;212;212;212;212;212;212;212;212;212;212;212;212;212;212;212;211;211;211;211;211;211;211;211;211;211;211;211;211;211;211;211;210;210;210;210;210;210;210;210;210;210;210;210;210;210;210;210;211;210;209;210;210;210;210;209;210;210;211;211;211;210;210;210;209;210;210;210;210;210;210;209;208;208;208;208;208;208;208;208;210;210;210;210;210;210;210;210;208;209;209;209;209;209;209;209;209;209;209;209;209;209;209;209;209;209;209;209;209;209;209;209;208;209;209;209;209;209;209;210;209;209;209;209;209;209;209;209;211;210;209;209;210;210;209;208;209;209;209;209;209;209
160;165;160;189;163;101;97;247;240;85;214;124;218;253;159;100;155;83;110;141;151;174;166;162;167;187;142;147;245;164;122;248;234;229;229;201;215;250;227;176;166;199;240;223;118;156;244;168;157;238;251;230;86;92;87;103;113;148;117;92;85;70;133;101;124;153;168;152;147;172;160;182;243;168;54;72;73;116;160;154;151;160;145;154;181;131;189;244;213;250;202;176;163;246;142;122;240;144;202;203;227;239;232;246;199;75;187;181;163;213;239;227;251;120;191;167;118;235;245;31;110;218;247;247;234;252;214;120;157;242;252;251;178;17;4;218;243;252;161;65;222;184;99;185;211;128;97;206;157;167;177;124;240;164;198;236;240;80;73;87;78;85;87;85;70;82;82;74;79;76;75;77;79;80;82;83;82;82;79;86;88;81;77;72;69;73;73;68;64;66;68;67;64;55;56;60;54;51;48;41;32;48;6;46;197;162;184;164;157;162;170;165;157;150;153;170;156;163;185;149;67;51;64;77;72;63;64;76;82;80;78;78;78;75;82;80;85;86;86;104;28;193;213;182;248;193;170;253;177;164;247;145;4;46;88;67;56;70;93;71;71;80;87;86;89;72;55;92;65;60;80;128;164;125;130;144;187;65;141;251;216;212;224;203;212;222;213;206;214;214;214;214;214;214;214;214;214;214;214;214;214;214;213;213;213;213;213;214;214;214;214;214;214;214;213;213;213;214;215;215;213;213;213;213;212;212;212;212;212;212;212;212;212;212;212;212;212;212;212;212;212;212;212;212;211;211;211;211;211;211;211;211;211;211;211;211;211;211;211;211;210;210;210;210;210;210;210;210;210;210;210;210;210;210;210;210;211;210;209;210;210;210;210;209;210;210;210;211;210;210;210;209;209;210;210;210;210;210;210;209;208;208;208;208;208;208;208;208;210;210;210;210;210;210;209;209;209;209;210;210;210;210;210;210;209;209;209;209;209;209;209;209;209;209;209;209;209;209;209;209;209;209;209;209;209;209;209;209;209;209;209;209;209;209;209;209;211;210;209;209;210;210;209;208;209;209;209;209;209;209
152;154;154;187;155;101;104;247;236;84;210;132;221;248;152;108;145;89;142;159;149;152;154;158;166;193;136;146;245;158;122;247;229;228;218;220;219;233;240;244;197;165;190;193;249;189;123;218;215;130;173;250;240;124;29;77;106;111;80;81;57;22;117;156;130;115;121;138;118;108;103;116;173;236;123;51;71;139;161;141;145;152;148;154;172;129;188;248;219;239;174;240;198;214;207;122;247;196;243;192;172;234;241;248;198;76;191;194;160;212;249;242;245;97;240;241;164;142;235;206;130;170;138;217;244;226;249;216;150;117;239;253;248;223;120;1;98;254;245;232;70;177;207;135;190;102;89;210;151;162;168;131;247;142;205;230;253;65;64;109;82;87;76;74;73;81;80;84;79;78;78;77;76;76;79;82;82;82;78;81;83;81;81;75;76;75;75;74;70;67;67;71;71;62;62;60;51;48;45;31;40;53;5;113;183;170;168;168;176;167;161;160;167;170;162;163;161;166;165;187;101;60;54;77;74;71;67;71;78;74;68;70;74;75;83;75;81;87;80;106;25;145;254;184;170;253;196;153;254;234;185;103;62;41;93;74;73;85;80;94;96;72;105;83;77;75;127;116;206;145;108;79;141;197;135;145;145;138;23;152;243;225;202;215;222;218;213;223;215;215;215;215;215;215;215;215;214;214;214;214;214;214;213;213;213;213;213;213;214;214;214;214;214;213;213;213;213;214;215;215;213;213;213;213;212;212;212;212;212;212;212;212;212;212;212;212;212;212;212;212;212;212;212;212;212;212;212;212;212;212;212;212;211;211;211;211;211;211;211;211;210;210;210;210;210;210;210;210;211;210;210;210;210;210;210;210;211;210;209;210;210;210;210;209;210;210;210;210;210;210;209;209;210;210;210;210;210;210;210;210;208;208;208;208;208;208;208;208;209;209;209;209;209;209;209;209;209;209;210;210;211;210;210;210;209;209;209;209;209;209;209;209;209;209;209;209;209;209;209;209;209;209;209;209;209;209;209;209;209;209;209;209;209;209;209;209;210;209;209;209;210;210;210;210;209;209;209;209;209;209
158;156;158;192;154;102;106;246;230;98;204;131;226;252;162;103;164;83;124;136;150;160;164;153;165;199;133;147;248;157;124;251;217;225;237;208;217;228;214;241;245;233;165;192;183;222;248;133;144;235;186;145;244;245;103;50;49;50;35;30;28;33;82;89;107;116;109;130;138;138;154;153;182;176;155;92;11;31;108;137;156;149;167;156;167;138;178;252;230;247;63;89;238;162;42;158;221;175;220;249;214;170;192;248;193;69;180;191;150;204;250;242;239;130;245;249;233;193;123;36;60;139;177;163;178;243;242;241;240;194;98;191;253;254;234;197;1;8;251;253;248;79;138;207;241;167;79;184;170;171;162;120;242;145;205;238;250;68;86;83;81;84;87;81;77;69;78;77;78;79;80;79;76;75;80;86;82;82;74;73;75;77;83;80;80;74;74;78;75;65;64;71;64;59;61;57;48;51;49;33;43;8;50;164;152;168;154;176;173;173;174;167;166;167;165;173;164;165;153;185;144;77;67;59;78;81;73;70;79;79;74;79;82;88;97;79;77;81;72;105;39;117;250;207;204;172;190;240;180;254;81;67;94;36;61;53;77;51;55;68;64;67;67;68;64;52;44;5;153;250;101;99;102;191;158;102;68;23;77;6;94;235;212;219;210;214;208;219;215;215;215;215;215;215;215;215;214;214;214;214;214;214;213;213;212;213;213;213;214;214;214;214;213;213;213;213;213;213;214;215;213;213;213;213;212;212;212;212;212;212;212;212;212;212;212;212;212;212;212;212;212;212;212;212;212;212;212;212;212;212;212;212;211;211;211;211;211;211;211;211;210;210;210;210;210;210;210;210;211;211;210;210;210;210;210;210;211;210;209;210;210;210;210;209;210;210;210;210;210;210;209;209;210;210;210;210;210;210;210;210;209;209;209;209;209;209;209;209;209;208;208;208;208;208;208;208;209;209;210;210;211;210;210;209;209;209;209;209;209;209;209;209;210;209;209;209;209;209;209;208;209;209;209;209;209;209;209;209;209;209;209;209;209;209;209;209;209;208;208;209;210;211;211;211;209;209;209;209;209;209
159;160;159;199;153;102;111;245;221;94;212;130;230;250;170;108;147;84;141;151;155;163;163;169;163;193;129;158;247;157;130;250;218;226;231;221;207;220;234;220;216;244;245;205;180;185;189;247;200;113;179;230;151;141;166;192;124;145;153;173;191;210;223;206;216;232;227;212;212;231;211;189;197;194;210;225;203;183;107;54;65;82;133;156;155;116;178;249;213;248;117;64;97;91;120;172;238;154;231;240;241;247;172;216;174;85;187;179;157;216;250;238;237;148;219;246;172;129;198;195;113;69;96;171;172;142;239;247;230;248;235;106;151;245;254;231;237;94;4;147;247;253;129;65;237;251;161;156;165;165;174;114;237;161;204;238;249;47;86;102;84;86;84;81;79;74;73;79;77;79;83;75;79;76;84;88;90;87;81;84;83;82;89;87;82;67;77;84;75;70;68;66;56;61;62;54;48;46;44;38;30;12;147;168;140;151;168;155;162;166;182;164;151;164;161;162;161;156;157;157;176;97;65;54;73;68;71;68;72;74;76;77;67;72;71;86;77;72;84;108;46;70;251;174;165;254;172;187;236;205;152;79;94;80;33;43;68;50;79;59;45;66;51;68;66;82;100;173;30;155;248;99;113;108;4;67;124;147;165;166;162;236;212;222;207;222;222;207;216;215;215;215;216;216;215;215;214;214;214;214;214;213;213;213;214;214;214;214;213;213;213;213;213;213;213;213;213;213;213;213;213;213;213;213;212;212;212;212;212;212;212;212;212;212;212;212;212;212;212;212;212;212;212;212;213;213;213;213;212;212;212;212;212;211;211;211;211;212;211;210;210;210;210;210;210;210;210;210;211;211;211;210;210;210;210;210;210;210;210;210;210;210;210;210;210;210;210;210;210;210;210;210;210;210;210;210;210;210;210;210;210;210;210;210;210;210;210;210;210;210;210;210;210;210;210;210;209;209;208;208;208;209;210;211;210;210;209;209;209;209;208;208;208;208;209;209;208;208;208;209;209;209;209;209;208;208;208;208;210;210;209;209;209;209;209;209;210;210;210;210;209;209;209;209;209;209;209;209;209;209
159;160;155;194;150;100;111;247;219;89;204;122;227;249;159;94;158;93;145;149;150;156;155;161;159;186;125;153;245;156;128;249;219;222;227;225;207;216;203;233;220;230;218;235;245;200;175;176;206;243;158;125;146;91;132;150;120;181;186;197;176;159;164;137;95;109;146;175;171;177;189;114;100;116;104;110;169;236;246;242;229;116;31;87;156;120;187;247;249;245;108;127;139;169;147;147;247;224;189;246;226;242;243;249;157;78;189;187;156;207;248;238;247;135;149;247;175;139;155;162;216;128;69;74;135;194;131;219;250;233;246;252;159;110;232;249;236;222;162;10;51;252;253;204;36;180;252;121;156;174;157;126;246;138;217;228;241;59;74;96;80;79;76;78;83;82;79;81;79;73;72;70;74;73;74;72;78;85;76;78;74;82;82;79;69;81;81;70;76;79;64;60;63;53;60;57;57;47;31;35;2;87;199;156;169;150;142;164;159;167;171;152;158;162;162;157;163;162;158;155;168;121;77;68;63;88;80;60;72;83;72;77;69;71;73;94;91;84;82;87;57;42;254;254;177;136;252;194;159;237;240;205;91;42;88;89;78;77;64;62;81;121;133;130;135;56;196;248;147;48;154;245;138;80;168;239;244;251;235;246;232;235;201;214;217;218;212;215;216;215;215;215;216;216;215;215;215;215;215;215;214;214;214;214;215;215;214;214;213;213;213;212;212;212;213;213;213;213;213;213;213;213;213;213;212;212;212;212;212;212;212;212;212;212;212;212;212;212;212;212;212;212;212;212;213;212;212;212;212;212;212;212;212;211;211;211;211;212;211;210;210;210;210;210;210;210;210;210;210;210;210;210;210;210;210;210;210;210;210;210;210;210;210;210;210;210;210;210;210;210;210;210;210;210;210;210;210;210;210;210;210;210;210;210;210;210;210;210;209;209;209;209;209;209;209;209;209;209;208;208;209;209;210;210;210;210;209;209;209;209;209;208;208;209;209;209;208;208;208;209;209;209;209;209;209;209;209;209;209;209;209;209;210;210;210;210;211;211;210;210;210;210;209;209;209;209;209;209;209;209
160;164;154;192;150;100;112;249;216;93;212;128;230;252;163;109;146;82;137;146;152;163;166;174;167;188;129;156;248;161;132;251;231;214;236;210;227;244;206;222;214;235;223;214;231;245;232;177;170;204;203;102;127;138;116;28;50;128;129;144;155;155;156;136;143;138;144;172;181;179;189;132;125;127;112;98;60;18;54;116;234;241;241;102;146;159;147;150;191;242;106;127;181;152;160;108;198;243;186;146;250;232;224;249;140;107;179;183;152;208;246;240;240;141;156;250;220;113;179;157;123;191;164;96;65;98;173;141;166;248;243;235;251;196;104;178;251;238;232;220;2;5;235;253;250;72;133;231;151;141;156;122;245;144;215;252;245;57;69;100;82;82;79;80;84;82;77;78;79;73;72;76;69;71;74;74;77;81;70;87;82;77;66;73;72;73;77;70;69;76;69;59;64;73;44;61;42;35;46;1;45;220;165;148;155;138;158;153;162;167;173;155;140;174;161;159;152;143;148;173;176;161;73;86;61;65;82;69;76;71;63;76;79;76;76;93;93;91;90;87;90;45;214;231;251;181;154;251;211;146;239;253;217;64;72;100;83;62;102;99;71;128;165;150;159;66;145;253;192;156;59;145;121;197;241;225;225;210;217;204;214;210;215;217;219;211;207;221;216;215;215;215;216;216;215;215;216;216;216;215;215;215;215;215;215;215;215;214;214;213;212;212;212;212;212;213;213;214;214;214;213;213;213;213;212;212;212;212;212;212;212;212;212;212;212;212;212;212;212;212;212;212;212;212;212;212;212;212;212;212;212;211;212;211;211;211;211;212;211;210;211;211;211;211;211;211;211;211;209;209;209;210;210;210;210;210;210;210;210;210;210;210;210;210;210;210;210;210;210;210;210;210;210;210;210;210;210;210;210;210;210;210;210;210;210;210;210;210;209;209;209;209;209;209;209;209;208;209;209;209;210;210;210;210;210;210;210;209;209;209;209;208;208;209;209;209;208;208;208;209;210;210;210;210;210;209;209;209;209;209;209;209;210;210;210;211;211;211;211;210;210;210;210;210;209;209;209;209;209;209
160;167;155;192;151;99;113;248;209;97;218;133;230;248;155;106;155;90;144;150;151;157;156;162;172;190;131;157;248;158;132;248;217;230;224;201;218;218;237;219;229;217;223;220;218;227;222;247;230;104;81;139;128;122;110;44;14;76;142;126;176;175;161;171;159;159;151;170;180;170;147;151;172;158;163;189;184;175;167;134;79;143;238;72;128;141;146;109;67;235;198;79;126;193;174;137;85;154;242;199;140;210;246;242;149;92;173;178;158;217;245;237;241;157;164;245;198;145;149;174;171;133;177;183;119;67;90;138;149;151;247;245;231;251;239;126;130;252;245;247;237;73;2;149;248;250;117;95;225;179;124;145;240;154;219;240;253;60;89;85;82;85;85;84;83;79;76;79;76;78;84;88;67;71;83;92;79;95;84;82;85;89;78;70;83;73;75;70;64;69;66;57;58;48;49;63;20;31;13;2;182;172;147;145;138;150;166;147;150;152;168;166;164;147;151;156;135;159;162;161;184;181;89;74;102;52;58;74;75;59;83;65;67;66;65;73;72;75;85;87;98;2;233;222;194;254;211;158;254;244;152;211;252;231;35;74;80;85;98;92;87;102;135;130;155;84;160;247;253;178;125;180;200;224;236;208;205;219;216;217;212;212;224;215;215;217;214;216;216;215;215;215;216;216;215;215;216;216;216;216;215;215;215;215;215;215;215;214;214;214;213;213;213;213;213;213;213;213;214;214;213;213;213;213;213;212;212;212;212;212;212;212;212;212;212;212;212;212;212;212;212;212;212;212;212;212;212;212;211;211;211;211;212;211;211;211;211;212;211;210;211;211;211;211;211;211;211;211;209;209;209;209;209;210;210;210;210;210;210;210;210;210;210;210;210;210;210;210;210;210;210;210;210;210;210;210;210;210;210;210;210;210;210;210;210;210;210;210;209;209;209;209;209;209;209;209;208;208;209;210;210;210;210;209;210;210;210;209;209;209;209;209;208;209;209;209;209;208;209;209;210;210;210;210;210;210;210;210;209;209;209;210;210;210;210;210;211;211;211;211;210;210;210;210;209;209;209;209;209;209
156;164;153;194;151;99;115;246;213;103;209;128;232;252;164;117;148;84;139;148;152;162;163;170;174;191;131;159;249;154;136;248;218;232;223;211;210;211;206;218;225;226;226;220;225;211;215;247;190;118;77;79;110;109;91;103;118;149;128;152;143;160;172;180;176;150;131;150;173;181;161;160;153;169;134;131;141;114;101;173;203;74;15;55;139;131;108;139;67;196;240;237;34;10;131;158;120;102;87;208;240;153;175;246;183;52;178;188;148;204;245;246;245;139;175;244;179;231;239;99;156;178;148;146;184;164;73;61;125;126;99;209;250;232;240;252;183;71;207;253;245;228;173;2;49;254;252;208;54;212;187;84;243;127;200;252;244;61;62;103;80;85;85;84;86;84;83;86;83;85;91;96;76;81;90;95;105;99;87;86;95;77;75;82;70;83;77;64;77;82;67;67;70;65;45;42;36;24;33;154;187;136;157;154;151;147;152;160;156;155;147;146;143;176;149;157;198;183;174;181;208;172;147;47;61;102;81;78;69;76;80;75;64;69;72;76;76;76;87;91;92;7;196;240;210;167;216;254;149;223;253;144;199;252;97;68;84;86;79;56;94;101;115;124;131;78;126;254;215;236;232;233;224;232;210;202;219;222;209;216;226;220;217;219;215;216;216;213;216;215;215;215;216;216;215;215;216;215;215;215;215;214;214;214;214;214;214;214;214;215;215;215;214;214;213;213;213;213;213;213;214;213;213;213;213;212;212;212;212;212;212;212;212;212;212;212;212;212;212;212;212;212;212;212;212;212;212;212;211;211;211;211;212;211;211;211;211;212;211;210;212;212;212;212;212;212;212;212;209;209;209;209;209;210;210;210;210;210;210;210;210;210;210;210;210;210;210;210;210;210;210;210;210;210;210;210;210;210;210;210;210;210;210;210;210;210;210;210;209;209;209;209;209;209;209;209;208;208;210;210;211;210;210;209;210;210;210;210;209;209;209;209;209;209;210;209;209;209;209;210;210;210;210;210;210;210;210;210;210;210;210;210;210;210;209;209;211;211;211;211;210;210;210;210;210;210;210;210;210;210
155;162;153;198;151;100;121;247;202;106;207;135;238;247;151;97;157;91;142;146;148;156;157;164;170;192;129;161;250;149;144;251;206;222;201;207;233;227;223;227;229;227;214;219;231;219;245;186;108;204;168;49;75;74;61;93;99;74;119;140;127;135;145;154;156;153;158;162;166;153;154;146;144;102;78;86;71;95;92;68;95;111;57;132;127;154;166;114;175;195;127;240;248;136;18;107;174;155;122;50;130;244;189;175;245;111;146;184;131;213;252;241;240;138;156;243;200;215;220;182;199;130;173;161;152;169;166;114;55;105;174;35;128;247;252;231;250;200;123;165;252;243;227;220;7;2;222;249;249;83;158;204;195;113;206;242;254;62;73;94;89;88;83;81;85;85;80;77;79;74;72;75;73;79;77;67;78;87;86;71;83;76;83;75;77;83;83;79;84;78;60;59;64;77;38;41;18;2;123;187;156;154;158;153;124;154;143;161;146;144;199;223;207;205;193;172;182;207;240;203;202;232;254;235;40;2;65;72;64;62;81;71;60;66;65;66;74;69;74;76;101;31;140;252;200;249;169;192;254;159;241;229;169;250;161;29;98;68;100;79;90;115;133;119;147;50;51;218;232;219;219;218;217;208;214;214;224;212;207;225;207;215;212;220;210;211;216;214;216;215;215;215;216;216;215;215;215;215;215;214;214;214;214;214;214;214;214;214;215;215;215;216;214;214;214;214;213;213;212;212;214;214;213;213;213;213;212;212;213;213;213;213;213;213;213;213;212;212;212;212;212;212;212;212;212;212;212;212;212;212;212;211;212;211;211;211;211;212;211;210;211;211;211;211;211;211;211;211;209;209;209;210;210;210;210;210;210;210;210;210;210;210;210;210;210;210;210;210;210;210;210;210;210;210;210;210;210;210;210;210;210;210;210;210;210;210;210;210;209;209;209;209;209;209;209;209;208;209;210;210;211;210;210;209;210;210;210;210;209;209;209;209;209;210;210;210;209;209;209;210;210;210;210;210;210;210;211;211;211;211;211;210;210;209;209;209;211;211;211;210;210;210;210;210;210;210;210;210;210;210
159;162;154;201;149;100;127;247;201;108;191;123;232;249;173;126;155;89;141;145;147;155;156;163;161;189;122;158;247;136;143;247;228;221;230;206;209;220;222;222;221;216;217;219;217;238;231;122;176;156;159;168;83;34;25;73;97;51;55;114;135;156;167;179;182;169;175;175;184;173;160;158;155;164;156;171;150;105;101;140;121;58;116;149;136;151;159;131;126;184;221;90;168;243;165;9;68;117;111;129;48;56;222;107;152;118;125;197;129;218;247;239;213;182;196;221;189;230;221;190;242;131;158;169;165;130;175;152;106;149;156;171;12;41;248;253;224;253;230;153;140;251;243;244;248;75;12;152;245;251;123;98;197;215;221;232;249;54;76;99;84;82;74;68;69;68;62;58;59;53;45;41;53;62;58;44;44;49;58;61;64;51;62;68;52;46;56;66;68;67;63;65;55;31;32;24;4;93;210;162;135;151;148;154;172;158;139;153;206;237;151;32;1;162;241;150;202;206;129;101;101;109;172;249;254;126;41;83;64;63;53;80;66;71;64;61;76;68;70;76;101;43;107;247;189;201;253;200;177;232;206;160;250;237;185;36;84;82;86;99;99;93;125;97;170;178;203;176;181;254;211;201;212;210;218;213;221;217;216;209;217;221;212;210;209;217;219;213;216;215;215;215;216;216;215;215;215;215;215;214;214;214;214;214;214;214;214;215;215;215;215;215;214;214;214;214;213;213;213;213;214;214;213;213;213;213;212;212;213;213;213;213;213;213;213;213;212;212;212;212;212;212;212;212;213;212;212;212;212;212;212;212;212;211;211;211;211;212;211;210;211;211;211;211;211;211;211;211;210;210;210;210;210;210;210;210;210;210;210;210;210;210;210;210;210;210;210;210;210;210;210;210;210;210;210;210;210;210;210;210;210;210;210;210;210;210;210;210;210;210;210;210;210;210;210;210;208;209;210;210;210;210;210;210;210;210;210;210;210;209;209;209;209;210;210;210;209;209;209;210;210;210;210;210;210;210;210;211;211;211;210;210;210;210;210;209;211;211;210;210;210;210;209;209;210;210;210;210;210;210
162;162;154;200;145;97;128;245;201;111;191;133;245;247;148;78;147;83;138;146;150;158;158;164;163;194;124;162;247;131;145;246;224;218;235;249;204;221;240;211;219;204;219;219;215;246;172;144;167;170;153;142;137;70;38;89;134;114;64;133;160;151;145;169;172;123;141;153;153;167;135;148;136;154;140;146;167;184;175;106;50;37;115;142;136;162;98;177;244;138;99;230;171;173;228;79;33;82;110;113;143;112;93;131;179;124;137;177;124;228;247;248;238;109;251;247;108;243;226;191;230;194;242;100;171;173;135;114;151;172;91;196;247;46;7;187;252;242;248;232;174;125;200;247;248;251;163;2;38;248;248;174;41;231;253;216;254;48;65;79;60;62;57;50;49;48;46;47;52;51;45;32;47;57;63;56;46;54;53;43;24;16;26;30;36;48;40;26;38;44;33;42;43;57;26;1;99;215;162;138;151;135;163;138;128;135;192;225;166;25;4;17;12;3;12;184;215;95;110;117;97;86;87;90;215;254;91;80;111;70;102;73;73;82;75;71;89;76;77;87;100;53;47;254;250;192;175;250;229;170;244;204;181;252;218;35;91;98;106;121;100;86;117;130;104;109;179;245;158;172;251;213;218;214;218;214;207;212;217;218;214;214;218;216;217;215;213;219;216;215;215;215;216;216;215;215;215;215;215;215;214;214;214;214;215;215;215;215;215;215;215;215;213;213;213;213;213;214;214;214;214;214;213;213;213;213;213;212;214;214;214;214;214;214;214;214;212;212;212;212;212;212;212;212;213;213;213;213;212;212;212;212;212;211;211;211;211;212;211;210;211;211;211;211;211;211;211;211;211;211;211;210;210;210;210;210;210;210;210;210;210;210;210;210;210;210;210;210;210;210;210;210;210;210;210;210;210;210;210;210;210;210;210;210;210;210;210;210;210;210;210;210;210;210;210;210;209;209;209;210;210;210;210;210;210;210;210;210;210;209;209;209;209;210;210;210;209;209;210;210;209;210;210;210;210;210;210;210;210;210;210;210;210;210;210;210;210;210;210;210;209;209;209;209;210;210;210;210;210;210
163;162;163;197;138;103;124;246;196;118;208;137;222;240;184;137;150;86;144;148;153;150;149;159;161;196;127;161;248;123;143;250;220;210;89;188;251;232;202;227;213;214;219;224;212;234;138;172;167;166;150;121;123;66;85;105;129;119;51;68;130;136;131;129;142;135;153;164;166;149;110;143;151;146;137;114;115;136;180;128;10;70;121;123;135;134;101;186;203;232;187;73;209;127;8;88;69;96;113;127;128;151;151;155;173;90;145;170;134;211;247;245;243;102;142;247;145;166;191;211;238;186;244;166;198;126;156;128;144;119;147;185;183;242;166;86;183;243;248;244;247;202;148;165;253;243;218;229;14;6;241;250;224;29;163;254;241;15;79;78;53;56;56;56;60;54;57;58;52;62;74;69;89;66;44;50;43;65;31;8;29;60;37;22;6;19;39;41;40;34;40;51;35;2;2;136;209;158;119;148;150;143;116;122;205;199;118;37;1;6;44;0;1;98;253;232;108;112;130;138;114;135;111;69;110;253;137;1;127;93;114;89;79;90;84;86;89;87;84;90;87;62;19;243;222;250;191;189;249;230;163;207;226;200;234;83;56;74;116;96;92;93;85;115;114;84;61;151;223;130;165;226;214;213;216;214;216;219;213;213;214;214;214;214;214;214;214;214;215;215;216;216;216;216;215;215;216;216;216;216;215;215;215;215;216;216;215;215;215;215;214;214;214;214;214;214;214;214;214;214;214;214;214;214;214;214;214;214;213;213;213;213;213;213;212;212;213;213;213;213;213;213;213;213;213;213;213;213;212;212;212;212;212;212;211;211;211;211;210;210;211;211;211;211;211;211;211;211;211;211;211;211;211;211;211;211;211;211;211;211;211;211;211;211;210;211;211;211;211;211;210;210;210;210;210;210;210;210;210;210;210;210;210;210;210;210;210;210;210;210;210;210;210;210;210;210;210;210;210;210;210;210;210;210;210;210;210;210;210;210;210;210;210;210;210;210;210;210;210;210;210;210;210;210;210;210;210;210;211;211;211;211;211;211;211;211;210;210;210;210;209;209;209;209;210;210;210;210;210;210
176;162;155;203;143;102;126;247;195;114;186;133;250;251;149;87;144;86;151;148;149;156;160;164;161;196;126;162;247;122;144;248;198;250;229;100;121;239;246;204;209;228;219;208;227;227;132;175;159;165;155;143;126;83;100;113;143;125;33;103;150;136;131;175;176;175;153;185;162;141;180;136;142;151;137;130;142;137;179;101;11;91;128;131;162;116;183;234;157;180;224;226;106;218;93;20;20;93;126;126;122;136;136;135;161;85;125;182;119;219;247;238;234;122;177;191;233;88;56;245;232;206;210;199;238;101;101;145;147;132;246;167;187;186;226;161;152;143;214;248;238;246;233;167;125;246;251;226;244;115;3;169;251;250;47;119;251;31;13;101;68;66;69;73;89;87;85;75;81;83;84;90;105;58;37;49;67;46;12;90;185;192;183;196;138;12;1;59;34;39;57;11;2;44;183;187;146;127;129;125;147;148;159;193;135;14;1;22;41;44;15;125;217;252;131;132;152;131;137;106;109;133;124;78;129;202;249;30;4;105;87;102;100;93;92;83;87;88;89;100;108;105;10;239;212;172;240;202;180;226;248;192;160;247;250;97;61;96;93;90;72;74;122;89;83;107;94;138;185;187;194;232;214;212;216;215;216;219;214;214;215;215;215;215;215;215;215;215;215;215;216;216;216;216;215;215;216;216;216;215;215;215;215;214;216;216;215;215;215;215;214;214;214;214;214;214;214;214;214;214;214;214;214;214;214;214;214;214;213;213;213;213;213;213;213;212;213;213;213;213;213;213;213;213;213;213;213;213;212;212;212;212;212;212;211;211;211;211;210;210;211;211;211;211;211;211;211;211;211;211;211;211;211;211;211;211;211;211;211;211;211;211;211;211;210;211;211;211;211;210;210;210;210;210;210;210;210;210;210;210;210;210;210;210;210;210;210;210;210;210;210;210;210;210;210;210;210;210;210;210;210;210;210;210;210;210;210;210;210;210;210;210;210;210;210;210;210;210;210;210;210;210;210;210;210;210;210;210;211;211;211;211;211;211;211;211;210;210;210;210;209;209;209;209;210;210;210;210;210;210
156;168;167;189;154;93;134;251;198;124;191;133;242;243;168;149;148;84;152;150;147;158;163;163;163;198;125;167;248;124;149;249;224;195;245;252;180;119;163;251;248;188;237;213;235;218;136;166;161;160;159;135;129;83;100;104;155;125;50;97;101;114;133;113;89;137;134;80;134;170;145;110;151;156;127;140;130;141;187;58;51;131;147;147;175;120;182;250;216;180;189;69;194;242;79;59;18;78;112;131;121;121;137;142;168;99;103;177;114;219;243;236;235;102;191;197;229;206;227;97;116;231;221;169;241;128;96;125;130;189;239;246;184;173;56;32;98;184;145;176;243;241;250;244;195;112;202;250;243;234;187;2;111;253;248;90;104;252;45;29;126;86;98;68;68;88;72;87;81;100;81;78;104;53;34;51;35;6;120;223;197;193;155;156;215;180;3;8;40;53;3;7;102;221;186;144;138;143;149;154;194;151;89;9;0;15;16;1;4;4;109;249;203;86;78;62;33;146;96;89;100;77;122;32;130;139;241;247;61;16;41;76;91;104;106;116;119;83;117;115;101;140;22;178;255;194;189;228;248;215;167;250;190;169;254;133;42;91;132;89;63;89;106;98;91;102;97;107;178;195;201;243;217;212;216;216;216;219;216;215;216;216;216;216;216;216;216;216;215;215;216;216;216;216;215;215;216;215;215;215;215;214;214;214;216;216;215;215;215;215;214;214;214;214;214;214;214;214;214;214;214;214;214;214;214;214;214;214;213;213;213;213;213;213;213;213;213;213;213;213;213;213;213;213;213;213;213;213;212;212;212;212;212;212;212;211;211;211;211;211;211;211;211;211;211;211;211;211;211;211;211;211;211;211;211;211;210;210;210;210;210;210;210;210;211;211;211;211;211;210;210;210;210;210;210;210;210;210;210;210;210;210;210;210;210;210;210;210;210;210;210;210;210;210;210;210;210;210;210;210;210;210;210;210;210;210;210;210;210;210;210;210;210;210;210;210;210;210;210;210;210;210;210;210;210;210;210;210;210;210;210;210;210;210;210;210;210;210;210;210;209;209;209;209;210;210;210;210;210;210
193;172;149;205;144;99;138;242;192;126;194;135;239;251;150;75;156;76;147;151;147;156;161;162;162;197;122;171;249;126;157;250;214;230;206;210;246;242;151;123;215;250;226;206;220;250;126;157;175;157;151;131;144;92;83;122;155;136;73;59;102;121;135;124;131;135;171;97;141;187;124;72;171;148;84;133;180;221;41;43;104;138;152;160;173;139;158;251;245;250;80;43;199;247;42;41;63;69;79;132;114;104;124;123;124;116;126;179;123;212;240;246;222;123;186;218;185;208;245;57;148;176;175;210;230;196;141;98;130;206;248;212;137;148;207;127;44;73;158;162;153;234;249;247;249;215;115;159;252;252;231;219;2;22;253;254;154;66;253;114;8;106;136;119;49;73;82;87;78;75;78;91;112;56;28;58;21;81;250;166;173;149;147;110;86;189;183;12;1;1;49;195;222;174;131;149;162;158;172;141;60;1;6;17;7;1;17;95;184;186;118;146;59;54;78;111;28;82;102;77;87;77;63;60;61;85;67;252;251;5;35;13;5;31;29;49;55;74;75;69;63;102;7;146;240;255;254;150;203;244;253;165;232;228;228;181;15;99;114;89;63;101;82;99;105;82;100;110;145;209;134;220;225;213;215;216;215;219;216;215;216;216;216;216;216;216;216;216;215;216;216;216;216;216;216;215;215;215;215;215;214;214;214;214;215;215;215;215;215;215;215;215;214;214;214;214;214;214;214;214;214;214;214;214;214;214;214;214;213;213;213;213;213;213;213;213;213;213;213;213;213;213;213;213;213;213;213;213;212;212;212;212;212;212;212;212;211;211;211;211;211;211;211;211;211;211;211;211;211;211;211;211;211;211;211;211;210;210;210;210;210;210;210;210;211;211;211;211;211;210;210;210;210;210;210;210;210;210;210;210;210;210;210;210;210;210;210;210;210;210;210;210;210;210;210;210;210;210;210;210;210;210;210;210;210;210;210;210;210;210;210;210;210;210;210;210;210;210;210;210;210;210;210;210;210;210;210;210;210;210;210;210;210;210;210;210;210;210;210;210;210;209;209;209;210;210;210;210;210;210
101;178;207;210;151;94;152;250;189;117;184;148;244;248;169;140;154;74;150;152;144;157;163;166;162;196;118;174;248;125;161;248;209;212;222;231;216;225;251;234;133;146;245;247;205;229;191;130;160;160;152;145;135;82;33;135;157;142;91;44;82;110;107;146;151;141;168;118;154;191;103;101;198;94;80;143;99;52;28;108;134;129;155;169;170;134;184;250;216;249;117;60;193;248;43;72;92;80;49;99;91;96;110;111;112;138;151;171;115;216;245;238;219;160;201;230;187;161;247;246;242;68;81;217;236;218;153;119;167;156;224;251;111;166;131;199;174;102;54;124;193;152;201;246;244;245;241;148;124;250;245;238;244;61;2;215;254;212;76;200;199;102;137;152;125;70;53;86;82;68;98;82;87;72;35;42;1;197;186;171;131;107;101;140;116;95;213;148;25;164;232;182;149;128;156;193;197;164;70;0;13;21;8;1;27;177;253;208;146;99;56;113;137;121;126;124;147;114;125;123;151;135;161;153;105;93;71;107;183;66;5;23;25;9;22;18;9;12;19;38;33;31;21;1;51;38;132;174;182;191;246;247;160;223;244;212;10;90;120;93;70;57;87;79;66;97;77;108;127;207;170;166;234;215;213;215;214;218;217;213;215;215;215;215;215;215;215;215;215;216;216;216;216;216;216;215;215;215;215;215;214;214;214;214;215;215;215;215;215;215;215;215;215;215;215;214;214;214;214;214;214;214;214;214;214;214;214;214;214;213;213;213;213;213;213;213;213;213;213;213;213;213;213;213;213;213;213;213;212;212;212;212;212;212;212;212;212;211;211;211;211;211;211;211;211;211;211;211;211;211;211;211;211;211;211;211;210;210;210;210;210;210;210;210;211;211;211;211;211;210;210;209;210;210;210;210;210;210;210;210;210;210;210;210;210;210;210;210;210;210;210;210;210;210;210;210;210;210;210;210;210;210;210;210;210;210;210;210;210;210;210;210;210;210;210;210;210;210;210;210;210;210;210;210;210;210;210;210;210;210;210;210;210;210;210;210;211;210;210;210;210;209;209;209;210;210;210;210;210;210
95;109;119;193;161;98;132;246;189;143;192;140;247;253;145;85;153;83;163;152;138;157;165;167;165;199;117;179;247;125;165;246;214;223;233;220;219;209;203;233;244;177;118;190;249;249;226;130;158;163;157;136;146;103;33;113;150;127;111;90;46;111;117;150;150;136;161;132;157;199;90;166;180;63;190;57;6;24;110;133;133;140;168;171;169;128;185;249;222;246;114;83;195;246;56;66;95;109;58;86;103;108;109;134;153;148;152;169;106;224;246;229;237;150;160;207;127;207;247;244;246;179;238;99;114;232;147;125;164;177;203;245;143;148;169;132;199;199;136;73;61;147;161;167;251;249;233;246;184;121;218;253;234;253;134;2;135;251;240;97;127;233;144;98;149;138;87;83;83;98;65;81;103;43;38;29;31;219;179;104;122;160;152;126;80;81;122;187;144;209;153;122;152;177;227;161;73;7;0;17;22;1;24;156;253;187;113;90;110;113;83;60;194;178;151;141;163;164;145;140;152;142;168;141;154;135;102;57;123;251;208;61;2;30;24;23;49;32;32;2;2;15;21;15;12;0;29;254;158;253;172;252;250;184;214;245;39;77;135;131;25;26;63;79;47;75;108;101;101;211;134;149;239;215;213;215;213;217;217;212;215;215;215;215;215;215;215;215;216;216;216;216;216;216;216;216;216;215;215;215;215;214;214;214;215;215;215;215;215;215;215;215;215;215;215;215;214;214;214;214;214;214;214;214;214;214;214;214;214;214;214;213;213;213;213;213;213;213;213;213;213;213;213;213;213;213;213;213;212;212;212;212;213;213;212;212;212;212;211;211;211;211;211;211;211;211;211;211;211;211;211;211;211;211;211;211;210;210;210;210;210;210;210;210;211;211;211;211;211;210;210;209;210;210;210;210;210;210;210;210;210;210;210;210;210;210;210;210;210;210;210;210;210;210;210;210;210;210;210;210;210;210;210;210;210;210;210;210;210;210;210;210;210;210;210;210;210;210;210;210;210;210;210;210;210;210;210;210;210;210;210;210;210;210;210;210;211;211;210;210;210;210;209;209;210;210;210;210;210;210
80;135;123;107;143;103;147;251;164;131;194;149;239;249;168;144;157;87;164;150;138;157;161;164;166;200;116;183;248;126;169;246;213;225;216;228;218;222;231;222;201;251;233;159;120;222;252;138;150;149;168;136;142;88;59;124;155;130;110;119;59;103;110;134;150;144;144;143;177;172;91;202;128;126;114;11;15;80;137;116;128;154;167;165;174;130;173;253;213;252;119;47;196;253;52;81;99;139;95;96;128;123;116;149;152;144;166;174;109;226;243;241;208;172;187;97;132;245;239;239;241;246;251;107;28;115;122;157;153;185;217;249;132;179;180;172;141;154;212;152;64;46;122;166;148;227;248;238;248;194;118;163;244;253;246;197;10;57;251;250;159;81;234;205;89;142;118;85;84;88;82;64;100;75;25;22;27;227;142;40;127;161;126;40;104;106;93;115;112;181;130;146;210;192;45;1;1;22;43;38;11;117;241;222;117;90;165;153;165;160;130;48;145;221;145;133;145;170;153;146;157;158;135;165;147;58;95;136;114;95;180;246;171;26;8;38;30;30;2;50;151;188;180;158;86;24;0;231;186;175;244;188;183;252;201;252;93;54;125;115;52;0;39;68;88;36;95;10;96;142;53;180;237;213;213;218;212;215;217;214;216;216;216;216;216;216;216;216;216;216;216;216;216;216;216;216;216;216;216;215;215;215;215;214;215;215;215;215;215;215;215;215;215;215;215;215;214;214;214;214;214;214;214;214;214;214;214;214;214;214;214;213;213;213;213;213;213;213;213;213;213;213;213;213;213;213;213;213;212;212;212;212;213;213;213;212;212;212;212;212;211;211;211;211;211;211;211;211;211;211;211;211;211;211;211;211;211;211;211;211;211;211;211;211;211;211;211;211;211;210;209;209;210;210;210;210;210;210;210;210;210;210;210;210;210;210;210;210;210;210;210;210;210;210;210;210;210;210;210;210;210;210;210;210;210;210;210;210;210;210;210;210;210;210;210;210;210;210;210;210;210;210;210;210;210;210;210;210;211;211;211;211;211;211;211;211;211;211;210;210;210;210;209;209;210;210;210;210;210;210
6;75;93;111;179;118;132;244;207;133;185;154;239;247;151;94;160;79;153;147;143;158;157;164;164;198;113;183;247;125;170;245;213;217;229;211;215;227;210;216;214;203;220;249;233;108;90;189;213;152;145;155;157;96;76;129;155;135;102;101;70;100;125;108;156;163;166;127;175;165;107;191;114;174;30;11;6;113;140;118;149;163;157;163;181;115;188;251;210;220;247;113;173;243;66;89;109;147;102;70;107;125;142;167;152;157;176;146;102;231;242;240;193;218;248;205;233;214;208;244;246;227;244;158;79;135;147;162;178;178;224;247;169;240;134;152;173;163;143;200;189;93;59;95;154;139;200;242;251;233;219;148;136;233;250;227;224;55;9;245;249;225;94;172;235;73;62;109;109;70;59;58;71;61;50;25;62;213;137;66;192;176;39;30;84;145;107;73;128;175;179;211;45;1;10;30;46;57;49;6;151;240;134;115;144;165;170;177;183;167;165;137;114;193;180;174;166;182;135;146;186;168;160;169;80;33;119;153;179;163;113;103;205;225;82;2;35;0;129;188;172;157;133;212;232;82;37;255;172;181;160;253;214;188;225;252;114;26;137;108;138;16;0;56;98;45;8;4;208;194;92;230;234;211;215;220;212;214;218;216;217;217;217;217;217;217;217;217;216;216;216;216;216;216;216;216;216;216;216;216;215;215;215;215;215;215;215;215;215;215;215;215;215;215;215;215;214;214;214;214;214;214;214;214;214;214;214;214;214;214;214;214;213;213;213;213;213;213;213;213;213;213;213;213;213;213;213;213;212;212;212;212;213;213;213;212;212;212;212;212;211;211;211;211;211;211;211;211;211;211;211;211;211;211;211;211;211;211;211;211;211;211;211;211;211;211;211;211;211;210;209;209;210;210;210;210;210;210;210;210;210;210;210;210;210;210;210;210;210;210;210;210;210;210;210;210;210;210;210;210;210;210;210;210;210;210;210;210;210;210;210;210;210;210;210;210;210;210;210;210;210;210;210;210;210;210;210;210;211;211;211;211;211;211;211;211;211;211;210;210;210;210;210;209;210;210;210;210;210;210
75;83;4;97;118;86;133;127;139;195;193;148;235;252;142;143;150;75;150;149;141;155;162;161;167;202;118;179;249;127;176;244;217;221;222;229;219;216;227;214;210;224;195;218;244;247;114;4;136;219;204;115;134;136;73;123;157;139;107;96;87;106;143;97;147;167;180;127;179;156;132;180;134;148;6;50;15;96;146;138;158;156;161;160;181;131;182;251;220;219;242;247;193;248;63;77;102;136;91;101;133;155;163;157;129;132;144;132;93;232;241;238;209;132;245;247;249;220;176;198;227;248;247;145;118;163;152;154;150;170;211;247;152;251;166;241;152;155;172;125;176;193;126;74;77;162;114;158;244;248;250;248;162;98;214;253;231;249;122;4;150;253;252;117;129;254;62;2;117;120;97;211;128;41;43;19;0;229;162;43;76;193;183;98;52;92;139;115;133;174;230;29;1;36;27;45;53;21;17;158;202;135;153;154;165;167;170;153;148;155;118;65;80;180;165;155;190;177;160;185;174;157;181;116;43;127;125;131;142;191;182;169;100;155;239;114;1;92;243;98;106;85;80;116;150;213;60;204;233;189;100;62;252;250;157;232;209;6;116;107;142;142;11;28;99;49;105;224;241;200;185;241;218;216;214;214;214;215;217;218;216;216;216;216;216;215;215;215;217;217;217;217;217;217;217;217;216;216;216;216;216;216;216;216;215;215;215;215;215;215;215;215;215;215;215;215;215;215;215;215;216;215;215;215;215;215;215;214;215;215;215;215;214;214;214;214;213;213;213;213;213;213;213;213;213;213;213;213;213;213;213;213;213;213;213;213;213;213;213;213;211;211;211;211;211;211;211;211;212;212;212;211;211;211;211;211;211;211;211;211;211;211;211;211;211;211;211;211;210;210;210;210;210;210;210;210;210;210;210;210;210;210;210;210;210;210;210;210;210;210;210;210;210;210;210;210;210;210;210;210;210;210;210;210;210;210;210;210;210;210;210;210;211;211;211;211;210;210;210;210;209;209;210;210;210;210;210;210;212;212;212;211;211;211;211;211;212;211;211;210;210;210;210;210;209;209;209;209;209;209
140;136;117;18;74;32;90;147;79;139;179;198;245;247;155;101;143;68;156;155;146;155;159;161;172;197;114;184;250;120;172;248;206;218;224;214;213;225;208;222;224;197;223;222;209;223;246;190;17;39;175;223;135;94;94;132;152;139;116;99;75;117;144;97;143;151;198;162;159;163;137;172;160;71;11;59;12;113;147;141;161;156;162;162;180;129;184;250;211;221;178;237;248;215;79;76;112;94;33;67;77;97;92;90;82;70;125;124;82;220;240;243;247;165;115;244;203;211;247;209;192;196;248;176;86;150;169;155;151;238;205;218;176;238;174;250;147;194;162;165;147;161;206;177;87;48;150;131;70;227;252;247;251;213;108;179;252;253;243;172;8;106;254;249;177;96;233;149;61;134;183;182;161;25;24;33;5;150;223;112;1;9;133;209;127;72;152;139;172;250;41;2;50;42;43;56;10;46;193;184;150;171;147;164;177;159;156;140;146;133;148;161;183;189;159;149;190;181;174;173;190;172;180;86;10;157;200;185;125;140;169;186;179;131;120;249;123;19;152;111;110;70;56;89;153;113;124;76;255;245;151;44;95;216;248;210;223;46;104;117;99;153;141;99;85;83;225;203;161;129;210;235;212;214;216;217;216;215;216;217;216;216;216;216;216;216;216;216;217;217;217;217;217;217;217;217;216;216;216;216;216;216;216;216;215;215;215;215;215;215;214;214;215;215;215;215;215;215;215;215;216;215;215;215;215;215;215;214;215;215;214;214;214;214;213;213;213;213;213;213;213;213;213;213;213;213;213;213;213;213;213;213;213;213;213;213;213;213;213;213;211;211;211;211;211;211;211;211;212;212;212;211;211;211;211;211;211;211;211;211;211;211;211;211;211;211;211;211;210;210;210;210;210;210;210;210;210;210;210;210;210;210;210;210;210;210;210;210;210;210;210;210;210;210;210;210;210;210;210;211;211;210;210;210;210;210;210;210;210;210;210;210;211;211;211;211;210;210;210;210;210;210;210;210;210;210;210;210;211;211;211;211;211;211;211;211;212;211;211;210;210;210;210;210;210;210;210;210;210;210
60;192;161;127;146;8;24;203;212;97;82;138;244;250;158;132;171;79;166;141;132;165;171;168;173;201;116;183;249;125;180;245;214;223;217;232;225;226;219;213;211;216;208;210;220;196;215;251;185;140;4;91;234;135;80;125;147;155;110;84;88;144;151;93;126;147;146;105;127;136;100;169;160;48;39;70;7;110;170;143;165;157;166;169;181;130;191;252;220;223;236;207;192;239;169;122;62;121;69;97;116;134;116;131;164;140;171;193;164;128;122;211;236;222;181;212;169;186;209;229;238;216;222;155;97;131;160;164;158;167;244;195;165;253;176;226;181;246;138;191;171;136;152;179;200;97;151;169;104;21;173;248;247;249;232;140;148;237;253;246;207;10;36;253;251;235;99;181;237;95;152;151;166;66;3;25;0;13;215;204;150;5;0;40;35;84;132;176;232;97;4;44;37;36;60;8;36;204;177;169;165;142;163;203;194;144;139;129;135;185;216;220;165;162;162;146;170;185;162;167;179;174;179;173;100;61;72;169;233;164;140;148;168;184;171;122;215;133;8;45;20;63;77;56;233;177;102;49;220;250;198;144;122;118;187;254;254;92;99;104;106;108;112;116;78;167;214;211;201;133;198;234;209;213;217;217;215;214;216;217;216;216;216;216;216;216;216;216;216;216;216;216;216;216;216;216;216;216;216;216;216;216;216;216;216;216;216;215;215;214;214;214;215;215;215;215;215;215;215;215;216;215;215;215;215;215;215;214;214;214;214;214;214;213;213;213;213;213;213;213;213;213;213;213;213;213;213;213;213;213;213;213;213;213;213;213;213;213;213;213;212;212;211;211;211;211;211;211;212;212;212;211;211;211;211;211;211;211;211;211;211;211;211;211;211;211;211;211;210;210;210;210;210;210;210;210;210;210;210;210;210;210;210;210;210;210;210;210;210;210;210;210;210;210;210;210;210;210;210;211;211;210;210;210;211;211;211;211;211;211;211;211;211;211;211;211;210;210;210;210;211;211;211;211;211;211;211;211;211;211;211;211;211;210;210;210;212;211;211;210;210;210;210;210;210;210;210;210;210;210
13;160;155;177;156;115;25;27;215;61;135;74;120;198;187;107;123;77;153;156;165;151;165;185;174;201;116;183;248;129;186;242;210;223;211;220;216;215;221;212;220;216;193;227;223;212;211;244;188;161;207;16;3;131;115;115;156;148;101;88;85;129;147;90;73;103;123;117;128;143;126;117;169;7;11;66;14;117;171;152;159;151;162;167;173;122;191;250;212;221;203;246;230;240;166;118;14;132;154;178;173;181;170;158;151;174;124;129;155;171;97;92;246;232;200;213;189;230;162;232;241;250;173;109;146;148;151;145;202;163;178;197;92;197;206;251;169;245;158;244;170;171;174;139;118;162;178;115;249;231;8;83;251;237;241;251;165;130;222;252;251;215;74;9;188;250;252;145;113;254;139;96;183;137;1;35;27;4;53;206;198;168;101;71;108;136;168;216;129;3;20;50;49;73;18;27;195;185;164;151;145;176;224;166;90;132;127;170;241;239;156;93;94;164;163;168;172;157;171;173;153;206;149;193;242;202;133;7;114;235;184;145;157;184;160;186;130;203;125;42;113;27;33;20;123;250;80;82;151;255;211;131;179;187;180;174;249;129;81;138;112;142;108;113;82;153;245;206;188;177;189;229;212;215;217;215;214;214;216;218;215;215;216;216;216;216;217;217;216;216;216;216;216;216;216;216;216;216;216;216;216;216;216;216;217;216;216;216;215;214;214;214;215;215;215;215;215;215;215;215;216;215;215;215;215;215;215;214;214;214;214;214;213;213;213;213;214;214;213;213;213;213;213;213;213;213;213;213;213;213;213;213;213;213;213;213;213;213;213;213;212;212;212;212;211;211;211;211;212;212;212;211;211;211;211;211;211;211;211;211;211;211;211;211;211;211;211;211;210;210;210;210;210;210;210;210;210;210;210;210;210;210;210;210;210;210;210;210;210;210;210;210;210;210;210;210;210;210;211;211;211;211;210;210;211;211;211;211;211;211;211;211;211;211;211;211;210;210;210;210;212;212;212;211;211;211;211;211;211;211;211;210;210;210;210;210;212;212;211;211;210;210;210;210;210;210;210;210;210;210
9;128;10;82;193;168;135;201;75;7;62;151;161;76;108;164;171;89;152;135;142;155;156;170;173;193;113;193;249;117;182;246;212;228;208;223;234;210;228;216;220;224;202;208;213;207;211;236;217;125;175;229;104;4;69;142;147;153;98;79;81;125;128;154;191;190;179;185;173;167;159;172;185;174;53;59;25;114;161;151;157;152;164;168;169;119;193;250;210;242;187;163;233;251;179;106;66;63;84;112;131;139;135;131;108;97;127;97;105;106;121;89;126;244;232;203;169;215;160;221;134;232;158;129;143;167;159;151;106;193;168;231;179;89;187;220;192;241;194;241;156;245;155;151;132;167;152;172;181;237;247;113;119;222;244;241;246;208;109;163;250;251;251;161;26;121;251;247;180;86;212;190;97;185;111;26;24;31;5;182;193;173;144;118;139;142;215;198;1;13;42;51;54;36;7;174;196;150;164;138;202;222;89;4;77;158;190;238;103;5;10;6;129;205;151;164;187;179;165;163;187;225;34;4;158;238;224;172;10;96;220;205;152;147;168;171;172;146;202;73;63;91;2;6;59;225;128;92;143;255;220;114;154;254;202;169;216;242;79;119;174;73;107;117;107;77;152;211;171;137;190;234;214;216;217;215;215;216;216;215;215;216;216;216;216;217;217;217;216;216;216;216;216;216;216;216;216;216;216;216;216;216;216;216;217;217;216;216;215;215;214;214;215;215;215;215;215;215;215;215;216;215;215;215;215;215;215;214;214;214;214;214;213;213;213;213;214;214;214;213;213;213;212;212;213;213;213;213;213;213;213;213;213;213;213;213;213;213;213;213;212;212;212;212;212;212;211;211;212;212;212;211;211;211;211;211;211;211;211;211;211;211;211;211;211;211;211;211;210;210;210;210;210;210;210;210;210;210;210;210;210;210;210;210;210;210;210;210;210;210;210;210;210;210;210;210;210;210;211;211;211;211;210;210;212;212;212;212;212;212;212;212;211;211;211;211;210;210;210;210;212;212;212;212;211;211;211;211;211;211;211;210;210;210;210;210;212;212;211;211;210;210;210;211;210;210;210;210;210;210
207;222;12;2;107;109;116;180;143;109;31;112;8;180;132;137;129;75;155;148;153;170;157;163;168;196;120;198;245;113;186;248;213;234;237;209;215;213;222;218;217;206;203;216;215;210;216;238;201;127;170;154;195;97;56;110;150;143;107;88;63;114;66;102;171;165;173;176;125;165;150;116;131;195;117;21;36;134;166;145;161;161;169;171;173;125;200;251;208;247;252;247;170;246;219;133;84;60;117;113;117;138;141;150;131;138;138;139;139;126;64;178;138;86;238;244;192;222;192;238;131;220;136;163;104;162;152;198;138;142;183;224;239;160;86;149;186;245;199;241;173;232;75;121;170;161;160;226;196;172;210;224;169;171;170;242;249;243;247;129;123;239;252;249;222;28;78;250;252;227;72;157;241;140;142;37;45;41;0;163;188;168;147;145;107;179;204;7;4;52;47;39;72;12;126;197;157;151;137;224;198;20;9;14;131;236;170;7;6;130;155;7;115;195;149;164;196;176;166;179;177;199;3;5;4;68;209;242;180;3;72;194;188;161;166;170;165;183;159;197;87;88;66;6;21;88;102;30;113;247;255;199;94;245;254;214;150;194;215;213;155;103;110;120;123;106;3;225;243;131;246;219;213;216;218;217;217;218;216;212;216;216;216;216;216;216;217;217;216;216;216;216;216;216;216;216;216;216;216;216;216;216;216;216;217;217;216;216;216;215;215;215;216;216;216;216;216;216;216;216;216;215;215;215;215;215;215;214;214;214;214;214;214;213;213;213;215;214;214;214;213;213;212;212;213;213;213;213;213;213;213;213;213;213;213;213;213;213;213;213;212;212;212;212;212;212;212;212;212;212;212;211;211;211;211;211;211;211;211;211;211;211;211;211;211;211;211;211;210;210;210;210;210;210;210;210;210;210;210;210;210;210;210;210;210;210;210;210;210;210;210;210;210;210;210;210;210;211;211;211;211;211;211;210;211;211;211;211;211;211;211;211;211;211;211;211;210;210;210;210;213;213;212;212;211;211;210;210;211;211;211;211;211;210;210;210;212;212;211;211;211;211;211;211;211;211;211;211;211;211
37;153;24;61;108;18;65;190;147;179;177;60;106;33;32;92;136;140;134;136;175;161;161;170;171;200;123;197;244;117;193;245;237;159;225;249;223;218;216;216;224;207;205;222;215;212;203;235;206;124;171;143;145;130;76;133;159;133;101;117;84;38;10;155;196;157;153;176;127;169;169;133;179;215;17;57;51;122;177;150;159;163;165;165;173;128;202;249;218;225;115;246;254;119;65;149;121;65;102;141;130;128;144;154;139;151;146;134;150;119;215;131;151;199;68;165;202;235;162;226;199;235;106;156;99;163;150;195;162;142;190;230;184;174;157;176;154;166;195;245;186;250;125;76;143;115;205;244;240;206;118;9;66;172;197;158;218;246;240;240;177;141;192;248;252;235;73;31;222;247;247;89;95;250;167;1;23;33;0;181;176;168;170;93;168;230;16;1;39;36;49;67;2;85;192;164;153;162;227;178;3;3;19;5;52;68;5;94;242;172;190;70;91;214;160;155;175;163;187;171;171;181;16;192;107;4;26;172;249;215;19;140;193;186;140;151;175;176;165;164;183;58;95;145;123;72;99;8;190;255;240;231;142;235;203;254;254;180;254;173;3;28;43;56;66;54;1;89;249;176;162;225;210;215;217;216;216;218;217;214;217;217;217;216;216;216;216;216;217;217;217;217;217;217;217;217;216;216;216;216;216;216;216;216;216;216;216;216;216;216;216;216;216;216;216;216;216;216;216;216;216;215;215;215;215;215;215;214;215;215;214;214;214;214;213;213;215;215;214;214;213;213;212;212;213;213;213;213;213;213;213;213;213;213;213;213;213;213;213;213;213;213;212;212;212;212;212;212;212;212;212;211;211;211;211;211;211;211;211;211;211;211;211;211;211;211;211;211;210;210;210;210;210;210;210;210;210;210;210;210;210;210;210;210;210;210;210;210;210;210;210;210;210;210;210;210;210;211;211;211;211;211;211;210;211;211;211;211;211;211;211;211;211;211;211;211;210;210;210;210;213;213;212;212;211;210;210;210;211;211;211;211;211;211;211;211;212;212;211;211;211;211;211;211;211;211;211;211;211;211
25;178;2;216;241;40;3;100;175;94;122;110;226;54;79;29;59;94;151;112;127;191;188;163;183;195;112;197;248;117;190;243;223;204;93;147;245;239;240;205;200;208;226;217;215;215;210;241;194;138;171;145;168;96;89;135;137;142;97;91;110;81;39;91;199;170;138;170;155;150;156;140;179;129;37;70;16;137;173;144;159;165;164;163;177;136;208;250;227;248;157;129;106;168;148;103;99;75;3;29;73;86;97;93;98;106;95;141;143;87;211;238;173;121;203;182;242;245;158;218;164;236;127;151;107;159;166;150;154;183;225;204;153;243;249;77;138;169;191;211;191;236;203;133;132;152;223;244;193;129;204;197;65;38;131;202;153;209;246;237;252;217;132;156;245;250;236;150;18;161;253;253;164;54;252;142;4;28;2;189;159;159;154;134;215;50;1;47;48;47;59;44;14;203;166;160;158;219;174;5;6;23;61;131;143;114;60;121;181;97;146;141;123;181;163;171;172;173;169;160;214;153;6;120;248;141;11;4;131;252;15;42;180;196;180;157;152;191;167;153;176;176;28;80;67;60;42;61;255;248;23;114;201;242;250;225;246;254;191;1;1;32;16;23;21;25;6;9;213;203;227;231;208;214;216;214;212;216;219;220;217;217;217;217;216;216;216;216;217;217;217;217;217;217;217;217;216;216;216;216;216;216;216;216;216;216;216;216;216;216;216;216;217;217;217;217;217;217;217;217;216;215;215;215;215;215;215;214;215;215;215;215;214;214;214;214;215;215;214;214;213;213;212;212;213;213;213;213;213;213;213;213;213;213;213;213;213;213;213;213;213;213;213;212;212;212;212;212;212;212;212;211;211;211;211;211;211;211;211;211;211;211;211;211;211;211;211;211;210;210;210;210;210;210;210;210;210;210;210;210;210;210;210;210;210;210;210;210;210;210;210;210;210;210;210;210;211;211;211;211;211;211;211;211;211;211;211;211;211;211;211;211;211;211;211;211;210;210;210;210;213;212;212;211;211;210;210;209;212;212;212;211;211;211;211;211;212;212;211;211;211;211;211;211;211;211;211;211;211;211
85;194;2;2;145;40;80;181;150;3;186;106;197;204;76;51;15;72;87;128;139;110;151;204;189;195;112;201;249;113;192;241;214;241;245;154;104;188;246;243;202;208;226;216;208;212;217;240;200;124;165;153;144;111;80;134;170;125;103;108;96;89;94;16;81;185;179;138;159;153;142;168;175;33;40;79;53;163;165;154;161;175;166;166;182;129;214;248;231;245;68;125;143;175;183;115;92;163;119;115;142;145;155;159;165;198;124;103;105;166;194;178;238;215;173;246;237;224;243;230;173;201;108;174;94;137;183;168;189;136;175;159;166;247;245;188;234;100;121;134;195;247;201;125;151;163;179;241;205;129;155;182;223;97;27;94;195;166;175;244;250;242;251;146;129;248;240;243;203;26;102;252;252;210;118;158;2;24;16;200;178;132;135;226;81;0;39;37;51;52;69;1;138;199;129;136;207;195;1;8;10;32;139;156;180;160;169;137;13;53;157;136;115;201;135;165;170;171;170;180;197;89;17;6;93;226;55;7;5;32;15;15;97;191;188;157;129;165;187;166;144;188;125;66;160;96;1;227;252;196;4;39;235;86;165;0;2;1;2;13;32;36;32;38;40;18;43;147;211;194;202;242;221;214;212;216;219;216;215;217;216;216;216;216;216;216;216;216;216;217;217;217;217;218;218;218;217;217;217;216;216;216;216;216;217;217;216;216;215;216;216;216;217;216;216;216;216;216;216;215;215;215;215;215;215;215;215;215;214;214;214;214;214;214;214;214;214;214;214;214;214;214;214;214;213;213;213;213;213;213;212;212;213;213;213;213;213;213;213;213;213;213;213;213;212;212;212;212;212;212;212;211;211;211;211;211;211;211;211;211;211;211;211;211;211;211;210;210;210;210;211;211;210;210;210;210;210;210;210;210;210;210;210;210;210;210;210;210;210;210;210;210;210;210;210;210;211;211;211;211;211;211;211;211;211;211;211;211;211;211;211;211;210;210;210;210;210;210;210;210;210;210;210;210;210;210;210;210;212;212;212;212;212;212;212;212;213;213;212;212;211;211;211;211;211;211;211;211;211;211
64;180;16;26;162;10;72;216;147;10;30;131;136;142;157;173;96;34;8;62;117;133;133;134;179;216;137;194;246;118;206;242;197;232;220;249;243;141;122;219;247;206;193;217;224;222;199;241;198;133;166;148;149;117;87;127;154;131;103;112;95;94;108;74;28;30;184;180;147;162;152;23;35;59;71;95;70;149;163;161;164;175;166;167;181;127;213;249;231;248;17;77;209;176;181;170;111;153;189;178;165;172;166;168;166;196;167;111;135;249;214;167;167;245;248;238;233;237;241;237;249;195;91;184;110;140;175;174;180;245;115;90;246;245;246;247;244;108;200;159;129;166;236;127;144;167;173;249;243;156;161;139;162;228;144;35;57;162;172;153;240;252;247;219;186;134;191;252;245;219;86;67;226;253;243;46;6;51;0;107;209;135;200;117;1;29;43;44;38;64;11;41;233;155;142;173;217;15;2;5;72;180;178;156;149;158;140;205;49;67;157;135;162;181;129;161;177;169;172;167;212;55;38;80;21;71;137;124;58;9;4;24;5;99;199;181;176;144;160;178;168;166;174;80;157;48;57;254;251;79;19;54;244;17;5;109;100;69;68;67;43;11;15;1;5;3;151;133;190;236;90;170;233;222;214;216;218;217;218;220;217;217;217;217;217;217;217;217;217;217;217;217;217;218;218;218;217;217;217;216;216;216;216;216;217;217;216;216;215;216;216;216;217;216;216;216;216;216;216;215;216;215;215;215;215;215;215;215;215;215;215;214;214;214;214;214;214;214;214;214;214;214;214;214;213;213;213;213;213;213;213;212;213;213;213;213;213;213;213;213;213;213;213;213;212;212;212;212;212;212;212;211;211;211;211;211;211;211;211;211;211;211;211;211;211;211;210;210;210;210;211;211;210;210;210;210;210;210;210;210;210;210;210;210;210;210;210;210;210;210;210;210;210;210;210;210;211;211;211;211;211;211;211;211;211;211;211;211;211;211;211;211;211;211;211;211;211;211;211;211;211;211;211;211;211;211;211;211;212;212;212;212;212;212;212;212;213;213;212;212;211;211;211;211;211;211;211;211;211;211
65;185;16;44;174;19;34;169;94;66;198;129;6;231;142;127;168;118;75;11;67;112;61;77;135;159;139;230;241;117;215;236;213;211;209;213;221;248;219;123;146;240;240;222;212;212;216;244;197;131;162;149;156;111;90;135;154;141;94;109;97;99;105;107;52;66;163;144;152;153;214;76;17;99;96;97;78;163;169;159;165;173;164;167;180;125;213;250;231;238;50;102;205;158;3;104;131;123;166;148;138;169;163;159;168;186;161;108;136;247;244;236;237;249;233;225;240;232;238;222;242;247;83;171;127;134;197;173;166;245;248;173;134;244;244;240;244;247;237;153;124;34;101;116;182;159;180;247;200;204;212;161;133;148;208;210;81;40;106;189;135;223;248;245;232;228;141;147;253;245;248;136;43;179;253;157;3;64;7;1;117;196;144;1;18;39;27;45;45;75;1;168;206;121;146;254;79;2;20;164;234;213;181;157;160;177;146;142;93;74;127;126;177;180;148;143;184;164;187;156;193;26;56;77;66;157;136;82;146;150;40;3;17;6;114;208;191;151;136;181;161;146;174;174;132;43;61;253;254;0;64;43;198;181;5;55;30;53;90;88;91;83;88;92;155;8;142;124;215;229;100;90;235;224;214;214;217;217;217;219;218;218;218;218;218;218;218;218;218;218;218;218;218;218;218;218;217;217;217;216;216;216;216;216;217;217;216;216;215;216;216;216;217;216;216;216;216;216;216;215;216;216;216;215;215;215;214;214;216;215;215;215;214;214;214;214;214;214;214;214;214;214;214;214;213;213;213;213;213;213;213;213;213;213;213;213;213;213;213;213;213;213;213;213;212;212;212;212;212;212;212;211;211;211;211;211;211;211;211;211;211;211;211;211;211;211;211;210;210;211;211;211;211;211;211;211;211;211;211;211;211;211;211;211;211;211;211;211;211;211;211;211;211;211;211;211;211;211;211;211;211;211;211;211;211;211;211;211;211;211;211;211;212;212;212;212;212;212;212;212;211;211;211;211;211;211;211;211;212;212;212;212;212;212;212;212;213;213;212;212;211;211;211;211;211;211;211;211;211;211
75;185;2;29;193;8;83;228;135;7;170;148;3;13;87;11;103;178;184;136;90;7;22;85;182;196;105;177;250;135;202;223;205;210;229;215;219;222;227;248;190;101;173;244;238;219;205;240;196;128;171;151;152;109;91;132;160;146;92;108;102;104;98;104;59;167;191;131;154;132;161;189;54;91;108;108;71;176;169;159;164;170;163;169;180;124;214;251;230;248;49;107;218;180;2;6;118;138;155;147;151;163;157;156;150;183;163;106;145;240;249;234;239;228;240;230;238;227;232;244;234;244;194;124;150;122;188;169;123;182;246;247;231;113;197;251;248;243;249;116;191;102;155;170;164;180;168;250;211;216;212;203;179;150;150;174;217;130;46;70;156;89;154;245;247;248;237;153;104;244;251;242;180;56;164;248;66;76;170;65;157;193;1;16;47;17;50;61;37;17;39;245;137;134;211;128;3;12;192;202;160;219;198;172;179;186;146;101;86;90;87;119;180;185;139;141;173;163;155;197;159;18;112;92;154;172;122;138;158;163;205;99;4;3;21;166;194;182;152;154;193;150;165;176;174;45;52;251;170;0;105;55;134;253;1;28;27;60;89;55;74;111;99;180;205;47;135;179;183;186;239;241;225;218;214;216;218;217;216;217;218;218;218;218;218;218;218;218;219;219;219;218;218;218;218;217;217;217;217;216;216;216;216;216;217;217;216;216;215;216;216;216;217;216;216;216;216;216;216;215;216;216;216;216;215;215;214;214;216;216;216;215;215;214;214;213;214;214;214;214;214;214;214;214;213;213;213;213;213;213;213;213;213;213;213;213;213;213;213;213;213;213;213;213;212;212;212;212;212;212;212;211;211;211;211;211;211;211;211;211;211;211;211;211;211;211;211;211;211;211;211;211;211;211;211;211;211;211;211;211;211;211;211;211;211;211;211;211;211;211;211;211;211;211;211;211;211;211;211;211;211;211;211;211;211;211;211;211;211;211;211;211;211;211;211;211;211;211;211;211;212;212;212;212;212;212;212;212;212;212;212;212;212;212;212;212;213;213;212;212;211;211;211;211;211;211;211;211;211;211
59;180;23;18;178;8;74;229;140;4;88;104;93;207;170;4;62;137;114;135;166;95;45;51;61;152;144;162;172;112;228;240;205;213;212;208;223;200;220;211;244;236;119;109;229;245;215;236;204;121;168;156;158;114;94;138;155;143;103;114;106;105;103;105;66;145;181;154;163;163;128;143;65;90;103;113;73;169;170;162;165;169;164;171;180;124;215;251;223;248;78;111;200;170;18;33;119;161;154;144;149;149;154;165;159;182;181;89;142;249;243;239;230;252;234;228;242;219;241;230;232;246;246;134;121;126;117;235;227;105;213;124;230;244;138;137;244;247;224;120;195;91;167;182;183;165;163;242;204;243;176;233;225;179;156;146;174;219;148;48;155;179;25;49;246;251;230;234;169;128;188;252;253;205;75;129;250;96;75;166;181;27;12;37;37;38;44;34;63;2;131;214;133;166;217;13;3;202;220;194;124;71;160;209;190;138;94;69;70;66;70;127;157;158;135;133;161;173;208;171;74;96;119;128;156;140;148;178;215;145;115;250;140;8;3;50;204;170;155;123;152;163;158;160;214;75;42;253;40;12;122;83;61;251;68;1;43;34;56;32;37;57;10;170;141;104;126;216;167;181;234;223;216;215;216;219;220;218;218;219;218;218;218;218;218;218;218;218;219;219;219;218;218;218;218;217;217;217;217;216;216;216;216;216;217;217;216;216;215;216;216;216;217;216;216;216;216;216;216;215;216;216;216;216;215;215;215;215;217;216;216;215;215;214;214;214;214;214;214;214;214;214;214;214;214;213;213;213;213;213;213;213;213;213;213;213;213;213;213;213;213;213;213;213;212;212;212;212;212;212;212;211;211;211;211;211;211;211;211;211;211;211;211;211;211;211;211;211;211;211;211;211;212;212;212;212;212;212;212;212;212;212;212;212;212;212;212;212;212;212;212;212;212;212;212;212;211;211;211;211;211;211;211;211;211;211;211;211;211;211;211;211;211;211;211;211;211;211;211;211;212;212;212;212;212;212;212;212;212;212;212;212;212;212;212;212;213;213;212;212;211;211;211;211;211;211;211;211;211;211
77;170;12;32;178;13;48;232;122;3;152;160;2;154;140;3;46;55;11;75;196;220;123;78;12;9;110;199;190;113;163;246;232;214;219;200;226;227;226;206;213;236;251;212;106;141;232;252;193;130;168;150;154;118;98;139;157;138;106;114;106;106;104;99;70;111;194;161;153;152;189;107;61;125;97;110;88;156;174;161;166;171;167;173;179;124;216;249;230;243;79;133;205;175;4;74;119;137;156;150;156;160;155;158;158;174;176;96;154;247;232;252;154;125;248;251;232;250;217;238;238;208;250;176;112;170;128;240;236;199;230;220;95;172;247;200;120;233;245;135;173;114;163;171;175;154;222;235;190;245;197;242;168;234;221;166;163;128;129;191;173;146;242;120;13;187;251;242;251;212;128;146;246;249;247;113;102;245;103;2;14;5;31;32;21;60;40;45;49;1;225;179;125;229;94;5;127;243;113;137;230;193;53;153;178;167;79;41;140;113;142;137;82;57;83;70;78;124;134;83;98;149;119;52;64;148;146;74;218;190;159;168;238;109;5;5;87;211;172;133;150;186;167;148;183;117;107;245;5;84;109;99;40;255;192;2;50;44;49;36;46;31;4;224;154;130;86;141;192;188;229;214;215;215;216;218;218;216;217;220;218;218;218;218;218;218;218;218;218;218;218;218;218;218;218;218;217;217;217;216;216;216;216;216;217;217;216;216;215;216;216;216;217;216;216;216;216;216;216;215;216;216;216;216;215;215;215;215;216;216;216;216;215;215;215;214;214;214;214;214;214;214;214;214;214;214;214;213;213;213;213;213;213;213;213;213;213;213;213;213;213;213;213;213;212;212;212;212;212;212;212;211;211;211;211;211;211;211;211;211;211;211;211;211;211;211;211;211;211;211;211;211;211;211;211;211;211;211;211;211;211;211;211;211;211;211;211;211;211;211;211;211;211;211;211;211;211;211;211;211;211;211;211;211;211;211;211;211;211;211;211;211;212;212;212;212;212;212;212;212;212;212;212;212;212;212;212;212;212;212;212;212;212;212;212;212;213;213;212;212;211;211;211;211;211;211;211;211;211;211
54;181;9;35;179;2;64;216;125;2;138;169;3;130;149;40;253;109;5;2;136;158;82;179;204;66;87;23;147;123;181;144;211;249;217;212;229;202;228;208;206;216;215;243;248;164;90;190;246;177;162;151;165;107;84;136;162;137;100;112;107;109;101;97;83;90;204;167;159;146;176;98;59;125;110;122;95;154;175;165;168;173;169;172;176;124;218;249;245;226;109;113;197;184;2;54;125;109;161;148;153;156;157;164;164;189;146;95;159;248;231;247;180;54;109;217;247;229;234;231;230;247;251;184;89;172;166;241;215;179;161;252;239;123;111;246;236;130;237;167;176;120;161;178;187;147;192;243;151;247;205;239;192;236;173;235;155;137;127;183;164;166;147;244;171;116;184;246;247;246;250;171;121;228;253;248;175;97;70;3;15;17;10;17;29;19;26;57;2;55;246;128;169;221;3;14;221;121;129;98;67;208;190;28;215;163;13;112;155;131;138;131;143;148;153;164;139;121;58;43;150;144;147;48;55;151;196;101;96;179;188;185;120;177;61;10;5;149;185;167;133;170;172;182;174;173;145;90;2;116;96;116;75;228;243;15;2;47;35;26;52;10;52;235;91;71;101;85;220;189;218;221;216;215;215;216;216;215;216;218;218;218;218;218;218;218;218;218;217;217;217;217;217;218;218;218;217;217;217;216;216;216;216;216;217;217;216;216;215;216;216;216;217;216;216;216;216;216;216;215;215;215;215;216;216;216;216;216;216;216;216;216;216;215;215;215;215;215;215;215;215;215;215;215;214;214;214;213;213;213;213;213;213;213;213;213;213;213;213;213;213;213;213;213;212;212;212;212;212;212;212;211;211;211;211;211;211;211;211;211;211;211;211;211;211;211;211;212;212;211;211;211;211;211;211;211;211;211;211;211;211;211;211;211;211;211;211;211;211;211;211;211;211;211;211;211;211;211;211;211;211;211;211;211;211;211;211;211;211;211;211;211;212;212;212;212;212;212;212;212;212;212;212;212;212;212;212;212;212;212;212;212;212;212;212;212;213;213;212;212;211;211;211;211;211;211;211;211;211;211
52;169;21;44;157;21;37;225;136;5;126;130;6;161;191;3;135;72;84;93;126;17;7;90;227;198;111;91;49;62;172;195;111;161;229;244;220;209;215;228;215;212;218;212;202;248;244;117;6;148;233;182;148;102;100;132;158;137;98;116;112;116;105;113;111;77;152;201;176;160;127;98;112;104;121;127;89;172;179;168;168;173;170;171;175;125;221;250;245;212;153;135;184;174;12;58;150;108;163;145;162;155;158;160;161;184;132;113;175;251;220;250;233;163;136;85;167;242;235;238;236;211;242;177;79;232;134;185;248;180;159;242;237;251;208;82;242;207;127;182;170;123;172;172;144;180;136;218;209;116;165;249;200;241;191;241;116;121;172;142;208;219;180;169;227;134;169;159;216;248;235;242;211;107;173;249;246;77;83;98;46;36;22;12;19;8;6;2;4;167;214;136;211;118;3;184;168;109;107;58;92;84;219;83;102;100;113;129;113;99;105;127;138;141;110;154;182;192;169;67;93;154;184;108;34;168;154;214;136;156;153;90;132;202;198;24;5;79;196;171;134;161;175;155;162;174;183;25;2;105;88;83;79;134;254;114;1;58;37;34;56;1;104;195;71;130;166;91;197;192;224;222;218;216;216;217;218;218;217;217;218;218;218;218;218;218;218;218;216;217;217;217;217;218;218;218;217;217;217;216;216;216;216;216;217;217;216;216;215;216;216;216;217;216;216;216;216;216;216;215;215;215;215;216;216;216;216;217;216;216;216;216;216;216;216;216;215;215;215;215;215;215;215;215;214;214;214;214;213;213;213;213;213;213;213;213;213;213;213;213;213;213;213;213;212;212;212;212;212;212;212;211;211;211;211;211;211;211;211;211;211;211;211;211;211;211;212;212;212;212;211;211;211;211;211;211;211;211;211;211;211;211;211;211;211;211;211;211;211;211;211;211;211;211;211;211;211;211;211;211;211;211;211;211;211;211;211;211;211;211;211;211;211;211;211;211;211;211;211;211;212;212;212;212;212;212;212;212;212;212;212;212;212;212;212;212;213;213;212;212;211;211;211;211;211;211;211;211;211;211
112;137;3;50;135;34;29;201;114;2;143;107;20;166;181;3;110;66;14;224;206;9;3;128;98;141;182;192;154;70;10;154;121;155;160;182;243;235;202;215;218;226;215;216;216;211;237;245;155;5;38;192;220;122;91;139;164;136;105;122;109;121;116;124;120;98;102;146;126;122;95;127;123;121;123;131;105;175;172;172;166;171;172;170;184;123;225;247;243;217;157;149;183;176;2;54;164;140;159;149;146;165;148;166;160;190;145;124;170;251;225;247;236;131;169;193;123;105;204;240;235;223;243;168;36;171;216;124;213;222;215;246;214;189;239;237;90;153;176;194;171;100;172;183;158;129;167;161;240;151;153;188;201;240;191;246;140;102;132;152;244;248;201;158;79;44;109;180;173;181;241;240;237;239;141;200;171;73;179;138;171;193;165;162;162;159;150;153;153;222;153;146;238;3;26;182;140;104;125;116;111;143;186;132;102;129;109;114;99;66;31;54;62;58;61;71;106;153;203;172;130;145;159;158;145;188;93;155;162;140;83;213;219;116;179;186;7;17;157;197;154;139;178;180;165;162;192;154;2;16;92;87;53;3;196;190;4;48;29;38;43;1;164;202;150;172;177;73;168;197;216;225;215;215;214;222;217;217;219;220;220;218;218;218;218;221;213;217;216;215;217;220;213;219;216;217;221;215;216;213;221;215;217;216;216;216;216;216;215;215;215;215;217;216;216;216;216;216;216;216;216;216;216;216;216;216;216;216;217;217;217;216;216;216;216;215;214;214;214;214;215;215;215;215;214;214;214;214;214;214;214;214;213;213;213;213;213;213;213;213;213;213;213;213;213;213;213;213;212;212;212;212;212;212;212;212;211;211;211;211;211;211;211;211;209;210;211;212;212;211;210;209;212;212;212;212;212;212;212;212;212;211;211;210;210;211;211;212;210;210;210;210;210;210;210;210;210;210;210;210;210;210;210;210;210;210;210;210;210;210;210;210;212;212;212;212;212;212;212;212;212;212;212;212;212;212;212;212;212;212;212;212;212;212;212;212;214;213;213;212;212;211;211;210;211;211;211;211;211;211
53;145;17;67;81;35;32;147;40;13;127;72;2;185;168;3;140;94;3;20;114;57;158;170;4;93;175;206;190;119;163;10;131;146;179;91;105;220;250;224;206;214;216;220;218;217;202;242;223;187;80;3;100;140;110;128;160;140;108;119;108;114;114;121;120;118;123;127;116;134;121;127;135;131;130;135;111;175;173;172;167;170;169;169;185;125;226;246;247;217;140;152;178;177;3;68;146;126;158;153;152;165;148;159;161;194;146;121;167;249;232;248;161;91;158;146;166;132;78;157;247;232;250;156;42;134;216;161;150;251;241;245;242;113;132;246;153;183;169;170;152;74;171;178;202;140;159;177;230;247;150;77;200;222;214;235;208;111;154;171;248;246;159;162;204;152;62;75;161;175;171;248;246;230;246;107;99;133;175;151;143;152;135;103;93;111;118;154;165;140;154;189;179;5;163;151;123;74;106;164;111;162;214;120;131;108;116;88;48;56;63;99;105;101;73;26;29;90;127;153;180;147;139;166;169;148;131;125;123;72;219;181;6;31;41;173;61;6;114;190;163;136;159;173;163;164;191;153;81;41;151;158;191;254;253;0;0;36;42;34;47;1;173;175;125;159;171;80;128;227;206;226;205;219;210;215;214;227;219;217;211;221;224;210;217;214;223;220;210;221;214;217;217;216;220;221;217;221;220;222;219;216;214;220;217;217;216;216;216;216;215;215;216;216;216;216;216;216;216;216;216;216;216;216;216;216;216;216;216;216;216;216;216;216;216;216;215;215;215;215;216;216;216;216;214;214;214;214;214;214;214;214;213;213;213;213;213;213;213;213;213;213;213;213;213;213;213;213;212;212;212;212;212;211;211;211;212;212;212;212;212;212;212;212;210;211;212;212;212;212;211;210;212;212;212;212;212;212;212;212;211;211;211;210;210;211;212;212;211;211;211;211;211;211;211;211;211;211;211;211;211;211;211;211;211;211;211;211;211;211;211;211;212;212;212;212;212;212;212;212;212;212;212;212;212;212;212;212;212;212;212;212;212;212;212;212;214;213;213;212;212;211;211;210;211;211;211;211;211;211
47;149;26;146;52;29;12;177;28;54;145;70;2;186;160;1;137;74;33;85;172;11;192;161;4;4;129;105;141;162;199;152;171;11;56;244;197;94;167;221;238;227;207;227;212;218;218;241;176;133;221;186;7;10;130;119;158;150;119;124;120;118;126;130;128;130;142;134;133;143;139;135;142;137;137;140;121;176;175;171;171;170;168;168;184;127;227;243;247;220;113;155;180;178;3;79;146;124;162;151;152;160;153;159;159;191;141;121;169;245;236;249;144;101;167;124;129;141;153;86;88;216;247;123;95;181;166;186;121;203;245;247;213;188;155;196;167;213;197;164;142;63;172;185;168;161;156;214;212;170;248;246;116;113;217;246;209;116;184;172;168;251;166;142;164;215;188;55;55;142;136;126;216;246;248;98;139;154;132;150;152;170;155;147;166;165;166;174;169;169;161;231;69;32;182;130;117;66;89;181;174;192;163;120;111;85;32;85;114;190;197;199;171;176;199;206;136;38;22;97;152;162;169;143;150;122;135;192;119;95;185;18;30;35;98;129;144;9;55;203;170;136;150;184;159;152;182;164;113;2;41;21;19;94;243;151;4;40;25;43;36;4;165;169;128;152;165;115;99;233;196;245;223;246;232;197;227;208;214;215;220;210;221;217;215;228;214;214;224;207;216;216;214;216;212;221;221;219;208;208;215;218;214;218;217;217;217;216;216;216;216;216;216;216;216;216;216;216;216;216;216;216;216;216;216;216;216;216;215;215;215;215;215;215;215;215;216;216;216;216;215;215;215;215;214;214;214;214;214;214;214;214;213;213;213;213;213;213;213;213;213;213;213;213;213;213;213;213;213;213;213;212;212;211;211;211;212;212;212;212;212;212;212;212;211;211;212;212;212;212;211;211;212;212;212;212;212;212;212;212;211;211;211;210;211;211;212;212;211;211;211;211;211;211;211;211;211;211;211;211;211;211;211;211;211;211;211;211;211;211;211;211;212;212;212;212;212;212;212;212;212;212;212;212;212;212;212;212;212;212;212;212;212;212;212;212;213;213;213;212;212;211;211;211;211;211;211;211;211;211
102;145;3;63;80;52;51;235;105;3;166;56;23;183;154;5;154;50;35;91;187;3;44;65;101;235;173;8;118;135;198;186;136;195;6;181;114;208;147;142;195;243;235;214;208;220;217;239;175;136;155;180;219;16;78;136;146;149;121;123;127;121;134;132;139;135;149;150;150;146;144;146;140;136;140;142;132;176;177;171;174;172;171;170;182;126;227;241;241;229;84;152;193;174;2;78;153;127;165;149;150;155;159;162;155;182;133;124;175;242;235;247;136;55;116;123;123;134;138;168;126;54;206;182;115;192;29;166;152;152;220;247;233;234;138;67;128;227;219;149;166;95;141;185;179;171;181;231;159;192;252;247;189;218;129;174;238;114;174;204;189;251;214;151;165;164;206;210;87;41;85;167;125;189;243;88;133;143;161;175;142;132;128;143;148;164;170;144;153;142;139;235;37;85;172;131;136;125;128;171;104;160;142;70;38;80;95;183;212;179;141;85;101;109;92;80;202;226;126;11;84;135;148;155;150;125;150;175;156;131;109;11;143;115;136;133;154;6;13;183;176;155;130;167;173;153;167;201;114;3;5;19;3;2;254;241;1;50;22;28;29;2;175;165;122;140;156;148;91;219;183;220;237;170;240;249;205;224;226;213;210;233;207;219;225;206;208;227;213;225;217;217;222;221;226;205;206;220;229;226;228;215;213;219;217;217;217;217;216;216;216;216;216;216;216;216;216;216;216;216;216;216;216;216;216;216;216;216;214;214;214;215;215;215;215;215;215;215;215;215;214;214;214;214;214;214;214;214;214;214;214;214;213;213;213;213;213;213;213;213;213;213;213;213;213;213;213;213;213;213;213;212;212;212;212;212;212;212;212;212;212;212;212;212;212;212;212;212;212;212;212;212;212;212;212;212;212;212;212;212;212;212;211;211;211;211;212;212;212;212;212;212;212;212;212;212;212;212;212;212;212;212;212;212;212;212;212;212;212;212;212;212;212;212;212;212;212;212;212;212;212;212;212;212;212;212;212;212;212;212;212;212;212;212;212;212;213;213;212;212;212;212;211;211;211;211;211;211;211;211
99;122;8;133;77;38;45;246;103;3;169;47;2;187;167;2;157;69;10;74;160;17;92;166;5;161;153;21;62;132;24;229;160;196;220;66;52;64;137;220;104;150;204;243;240;205;216;244;195;114;183;142;187;134;62;133;139;145;123;124;133;126;138;131;143;143;147;147;142;148;148;150;143;138;143;142;139;172;178;171;174;173;174;172;180;124;229;243;236;242;64;145;207;169;2;75;147;125;166;150;153;155;161;161;153;182;132;124;172;246;236;243;188;42;73;130;137;152;152;139;149;115;105;243;85;210;161;196;241;197;148;233;243;234;186;142;132;188;218;151;157;121;129;181;176;166;164;141;121;248;249;229;246;245;116;36;130;150;190;185;188;249;240;176;188;160;154;185;211;149;159;175;133;119;104;87;142;152;179;226;226;199;194;179;181;183;176;163;183;155;160;229;6;149;172;68;161;146;155;168;131;123;111;63;80;156;220;197;128;44;109;57;109;110;65;35;28;100;223;203;15;70;133;166;176;119;151;153;141;172;130;70;149;98;155;137;166;46;7;173;177;157;131;161;167;155;173;211;171;16;2;9;3;4;245;236;6;22;28;19;15;6;161;163;133;143;151;155;96;244;181;137;253;136;37;236;229;212;221;219;213;207;209;208;214;215;216;218;216;213;214;205;216;221;206;224;218;217;208;209;213;217;211;212;217;217;217;217;216;216;216;216;216;216;216;216;216;216;216;216;216;216;216;216;216;216;216;216;214;214;214;214;215;215;215;215;215;215;215;215;214;214;214;214;214;214;214;214;214;214;214;214;213;213;213;213;213;213;213;213;213;213;213;213;213;213;213;213;212;212;212;212;213;213;213;213;212;212;212;212;212;212;212;212;213;212;212;212;212;212;212;213;212;212;212;212;212;212;212;212;213;213;212;211;211;211;211;211;212;212;212;212;212;212;212;212;212;212;212;212;212;212;212;212;212;212;212;212;212;212;212;212;212;212;212;212;212;212;212;212;212;212;212;212;212;212;212;212;212;212;212;212;212;212;212;212;213;212;212;212;212;212;212;211;211;211;211;211;211;211
71;139;9;156;53;28;21;170;24;78;177;42;10;197;160;2;137;68;29;80;163;12;94;148;3;67;124;41;245;188;3;64;176;49;97;188;229;57;169;21;168;169;173;174;239;245;204;250;182;127;172;154;160;91;84;129;142;146;130;133;138;134;141;132;143;144;143;148;141;148;149;150;151;145;149;143;144;166;177;172;173;172;176;172;178;123;231;245;239;245;55;143;211;167;4;79;147;130;166;150;154;154;160;161;156;189;138;122;164;251;238;239;246;234;122;88;142;159;142;143;165;156;112;246;102;189;241;209;210;208;184;216;242;176;233;242;187;148;189;154;151;146;141;190;175;196;240;129;185;230;239;252;237;251;167;113;177;186;186;182;197;236;250;186;219;215;158;146;158;181;168;87;131;111;132;182;143;115;81;91;110;121;138;173;177;176;181;185;189;207;238;184;21;170;181;69;143;152;156;170;136;110;48;113;167;206;184;16;109;83;129;94;106;101;93;95;99;40;23;164;234;16;57;134;178;136;146;157;150;158;168;183;154;138;175;157;153;97;8;143;174;160;148;164;178;167;157;155;129;126;101;94;76;42;140;111;4;7;3;11;6;9;178;151;144;153;162;161;85;250;207;144;176;241;180;229;222;218;211;220;237;246;250;252;222;217;225;205;221;217;214;234;215;203;209;204;209;220;217;228;209;219;213;220;217;217;217;216;216;216;216;216;215;215;215;216;216;216;216;216;216;216;216;216;216;216;216;216;214;214;214;214;214;215;215;215;217;217;216;216;215;215;214;214;214;214;214;214;214;214;214;214;213;213;213;213;213;213;213;213;213;213;213;213;213;213;213;213;212;212;212;213;213;213;214;214;212;212;212;212;212;212;212;212;212;212;212;212;212;212;212;212;212;212;212;212;212;212;212;212;214;213;212;212;211;211;211;212;212;212;212;212;212;212;212;212;212;212;212;212;212;212;212;212;212;212;212;212;212;212;212;212;212;212;212;212;212;212;212;212;212;212;212;212;212;212;212;212;212;212;212;212;212;212;212;212;212;212;212;212;212;212;212;212;211;211;211;211;211;211
72;144;2;142;64;52;44;156;5;45;182;18;51;219;131;7;178;41;36;93;160;4;124;151;17;96;200;17;81;125;55;105;248;4;118;182;168;247;139;117;50;75;212;195;127;214;222;249;170;138;172;148;178;97;85;129;141;140;132;136;135;136;139;132;143;141;143;154;150;149;150;151;154;149;155;146;151;163;176;170;172;171;175;172;176;122;232;244;245;235;55;150;204;170;4;87;151;138;165;149;152;153;157;160;159;189;141;129;160;253;233;244;174;222;243;190;70;79;120;162;146;154;114;240;122;186;245;188;210;132;157;207;241;226;244;185;178;161;204;163;156;131;121;204;155;141;247;248;246;226;186;220;252;241;147;148;186;182;194;188;173;239;250;189;245;181;219;241;135;154;155;132;140;127;128;141;82;101;109;76;72;77;7;8;16;75;133;129;103;72;147;78;100;175;186;119;127;182;112;172;134;37;96;182;215;143;71;97;79;116;88;94;97;92;86;88;101;100;89;16;147;221;30;68;147;170;155;147;133;164;171;149;153;155;161;150;128;124;10;125;180;171;145;138;195;177;126;113;126;146;166;149;170;180;117;128;175;195;183;202;137;12;150;144;133;146;163;173;76;207;231;200;175;177;241;237;221;213;219;223;239;164;151;152;231;249;211;219;214;214;214;212;202;243;245;240;228;218;211;213;206;218;221;215;217;217;216;216;216;216;215;215;215;215;215;215;216;216;216;216;215;215;215;215;215;215;215;215;215;215;215;215;215;214;214;214;217;217;216;216;215;215;214;214;215;215;215;215;215;215;215;215;214;214;214;214;214;214;214;214;213;213;213;213;213;213;213;213;212;212;213;213;213;213;213;214;213;213;213;213;213;213;213;213;212;212;212;212;212;212;212;212;212;212;212;212;212;212;212;212;213;212;212;212;212;212;213;213;212;212;212;212;212;212;212;212;212;212;212;212;212;212;212;212;212;212;212;212;212;212;212;212;212;212;212;212;212;212;212;212;212;212;212;212;212;212;212;212;212;212;212;212;212;212;212;212;212;212;212;212;212;212;212;212;212;212;212;212;212;212
59;152;8;106;90;43;37;224;18;5;177;29;20;235;139;2;168;59;52;83;161;4;116;144;12;88;172;50;91;154;16;157;248;5;55;161;84;55;168;247;87;40;28;142;119;116;164;247;186;137;158;153;170;108;89;151;140;137;135;140;134;141;142;138;141;144;146;148;149;152;157;149;150;148;159;150;157;163;176;168;174;171;175;171;174;121;231;241;247;221;57;158;195;173;2;93;144;137;163;150;155;155;154;157;161;182;138;138;164;252;226;250;214;152;168;239;219;62;167;174;169;147;117;242;88;156;244;181;203;155;186;179;238;232;231;189;186;151;198;172;160;138;120;129;217;220;108;235;201;249;252;182;207;247;170;110;179;186;176;187;245;224;247;223;206;227;240;134;172;201;188;164;160;166;155;139;89;132;177;161;179;197;102;62;53;9;12;60;120;85;5;6;167;169;170;167;126;181;145;158;80;69;185;179;179;87;83;121;78;109;96;103;114;108;90;79;77;102;115;88;12;163;213;22;103;160;169;154;169;160;144;149;182;172;154;184;141;134;3;104;196;149;153;137;148;144;146;131;149;140;142;157;132;148;147;140;126;123;142;69;40;96;89;123;162;147;139;176;102;180;229;168;222;184;152;201;238;223;211;221;254;18;1;11;189;218;230;209;212;235;203;223;247;241;195;215;239;224;236;218;220;208;223;206;216;216;216;216;215;215;215;215;215;215;215;215;216;216;216;216;215;215;215;215;215;215;215;215;215;215;215;215;215;214;214;214;216;216;215;215;214;214;213;213;215;215;215;215;215;215;215;215;214;214;214;214;214;214;214;214;213;213;213;213;213;213;213;213;213;213;213;213;213;213;213;213;213;213;213;213;213;213;213;213;211;211;212;212;212;212;211;211;212;212;212;212;212;212;212;212;212;211;211;211;212;213;214;214;212;212;212;212;212;212;212;212;212;212;212;212;212;212;212;212;212;212;212;212;212;212;212;212;212;212;212;212;212;212;212;212;212;212;212;212;212;212;212;212;212;212;212;212;212;212;212;212;212;212;212;212;212;212;212;212;212;212;212;212;212;212
245;136;6;62;95;25;26;252;50;30;185;50;2;246;136;2;174;50;34;101;146;5;123;131;4;89;169;68;95;205;5;78;190;54;171;46;3;7;161;106;157;138;35;43;57;105;48;245;178;141;172;138;183;104;87;140;149;131;135;143;132;136;147;140;134;137;146;153;151;150;150;148;150;151;152;150;150;172;173;171;175;166;175;176;175;124;238;240;241;234;50;158;205;163;6;94;140;140;165;148;158;150;156;159;165;179;140;140;169;251;224;244;193;215;191;181;228;119;179;157;161;147;116;242;103;115;246;176;211;173;156;242;194;220;216;202;203;156;193;191;155;124;161;139;243;244;202;221;145;169;225;252;219;185;142;133;182;195;182;160;205;242;153;211;243;214;213;135;187;174;177;163;166;152;164;168;123;132;138;126;140;215;177;163;189;216;136;30;45;119;165;53;169;154;133;185;132;180;213;120;45;141;167;197;116;57;120;101;105;73;122;92;80;87;86;94;99;74;88;109;65;51;229;134;38;154;199;157;153;154;154;189;173;162;154;190;125;151;6;88;190;148;171;156;145;133;145;132;142;146;151;144;138;152;133;133;124;140;192;195;137;182;163;85;150;153;155;168;119;160;242;178;186;216;192;165;191;229;235;233;244;55;28;81;173;69;252;223;211;213;217;249;146;38;34;28;105;147;218;229;217;207;224;224;217;217;216;216;215;215;215;215;215;215;215;215;215;215;215;215;215;215;215;215;215;215;215;215;215;215;215;214;214;214;214;214;216;216;215;215;215;215;214;214;215;215;215;215;215;215;215;215;215;215;215;215;215;215;215;215;213;213;213;213;213;213;213;213;213;213;213;213;213;213;213;213;213;213;213;213;213;213;213;213;213;213;213;213;213;213;213;213;213;213;213;213;213;213;213;213;213;213;212;212;212;212;213;213;211;212;212;213;213;213;213;212;212;212;212;212;212;212;212;212;212;212;212;212;212;212;212;212;212;212;212;212;212;212;212;212;211;211;211;211;211;211;211;211;213;213;213;213;212;212;212;212;212;212;212;212;212;212;213;213;212;212;212;212;212;212
102;73;72;156;53;26;6;249;50;20;181;33;8;249;113;4;212;18;9;86;155;3;106;120;16;90;155;71;97;187;8;110;131;10;173;179;11;92;242;14;147;241;167;160;96;76;10;235;200;129;173;148;171;95;93;142;152;142;139;142;142;142;145;146;135;136;144;149;149;148;150;149;155;156;153;153;153;172;175;171;173;167;176;177;174;122;238;241;243;232;48;158;207;162;5;95;138;138;162;146;157;151;157;159;162;177;137;140;165;250;220;242;238;178;215;194;90;152;171;160;174;149;148;244;119;172;231;243;222;212;107;201;164;250;197;171;163;168;179;195;196;130;141;193;245;196;228;230;203;233;223;219;248;158;138;165;180;171;163;196;146;222;167;142;195;242;217;146;179;181;185;152;171;161;135;142;168;163;191;175;174;192;196;198;86;16;236;209;167;169;204;44;141;215;98;177;165;183;190;80;82;165;187;168;76;110;99;115;140;83;52;31;27;32;16;60;92;90;81;108;103;31;126;224;68;116;175;182;155;160;177;174;149;174;173;203;113;158;5;55;190;185;192;179;174;188;164;164;150;165;161;178;150;139;151;157;153;138;127;112;167;137;175;195;119;147;157;165;129;138;239;189;192;186;222;188;176;184;201;252;254;21;23;90;179;93;254;204;216;214;253;119;1;97;97;80;84;136;195;238;216;223;206;211;217;216;216;215;215;215;215;215;215;215;215;215;215;215;215;215;215;215;215;215;215;215;215;215;215;215;215;215;214;214;214;214;215;215;215;215;215;215;215;215;215;215;215;215;215;215;215;215;216;215;215;215;215;215;215;214;213;213;213;213;213;213;213;213;213;213;213;212;212;213;213;213;213;213;213;213;213;213;213;213;213;213;213;213;213;213;213;213;213;213;213;213;213;213;213;213;213;213;212;212;212;212;213;213;212;212;212;213;213;213;212;212;212;212;212;212;212;212;212;212;212;212;212;212;212;212;212;212;212;212;212;212;213;213;213;213;212;212;212;212;212;212;212;212;212;212;212;212;212;212;212;212;212;212;212;212;212;212;212;212;212;212;212;212;212;212
111;96;28;222;76;23;13;250;22;15;171;19;14;253;114;5;169;40;99;125;131;5;117;114;26;80;155;86;96;180;8;85;187;37;81;163;58;226;236;6;122;172;135;103;218;115;4;216;186;144;160;149;180;81;85;145;146;142;132;132;141;138;134;142;141;139;143;149;148;149;151;151;155;158;151;153;153;170;177;171;172;169;177;177;173;120;239;241;244;229;46;160;210;160;3;97;142;142;164;147;156;153;158;159;162;179;135;144;163;252;219;244;213;244;141;81;160;162;168;163;170;144;138;245;66;174;223;203;245;249;132;153;175;239;170;218;165;151;188;211;144;94;232;155;242;245;193;190;175;218;216;185;238;167;153;126;190;197;163;138;183;202;239;136;108;200;219;151;188;185;189;163;178;173;154;152;169;192;152;180;141;145;191;177;202;3;39;226;213;168;214;99;30;170;138;131;170;177;145;103;141;176;209;117;65;91;88;104;108;70;83;65;34;117;102;45;44;70;78;91;97;58;64;205;110;74;145;201;163;166;190;165;146;142;168;186;111;157;11;6;155;187;106;134;157;148;162;157;163;169;163;137;141;163;170;123;90;219;222;69;143;224;160;137;141;126;167;176;121;116;248;171;215;183;183;225;186;155;164;234;237;11;45;111;230;143;254;243;217;240;234;2;74;104;111;93;94;115;166;214;220;215;217;219;217;216;215;215;215;215;215;215;215;215;215;215;215;215;215;215;215;215;215;215;215;215;215;216;215;215;215;215;214;214;214;214;214;214;215;215;215;215;216;216;215;215;215;215;215;215;215;215;216;216;216;215;215;214;214;214;213;213;213;213;213;213;213;213;213;213;213;212;212;213;213;213;213;213;213;213;213;213;213;213;213;213;213;213;213;213;213;213;213;213;213;213;213;213;213;213;213;213;212;211;211;212;213;213;213;213;212;212;212;212;212;212;212;212;212;212;212;212;212;212;212;212;212;212;212;212;212;212;212;212;212;213;213;213;214;214;213;213;213;213;213;213;213;213;212;212;212;212;212;212;212;212;212;212;212;212;212;212;212;212;212;212;212;212;212;212
13;122;3;95;66;90;119;249;17;4;173;24;16;252;96;2;196;10;17;117;116;3;121;99;15;107;144;44;102;162;4;113;182;37;126;252;3;123;175;29;129;147;4;96;216;227;157;197;185;139;172;148;160;97;91;143;146;142;131;131;141;139;135;143;147;143;146;151;151;152;154;154;152;159;151;153;152;168;178;173;172;171;176;177;173;120;240;239;244;225;46;162;213;155;1;101;144;147;167;149;154;152;156;158;163;182;133;148;161;253;220;248;210;158;82;176;171;176;160;156;164;169;130;246;148;162;236;163;207;245;219;114;138;241;242;196;158;164;203;214;156;27;210;189;89;228;247;246;166;204;206;187;209;144;140;90;189;180;207;127;166;207;236;220;191;168;166;186;165;191;182;142;142;151;178;161;132;186;174;133;195;192;92;51;191;189;7;96;184;179;223;93;52;141;166;118;205;175;123;126;168;182;189;57;117;109;92;120;100;30;139;122;23;128;172;134;57;60;82;74;97;105;31;148;161;60;127;196;170;168;174;166;165;183;167;184;124;142;202;142;96;40;14;9;5;10;7;10;24;8;10;109;191;162;120;100;235;149;171;227;147;226;129;44;156;126;152;173;141;98;245;238;197;205;185;174;191;241;138;164;252;37;2;124;120;78;184;222;250;251;139;9;87;92;89;106;111;92;156;206;239;219;205;217;216;216;215;214;214;215;215;216;215;215;215;215;215;215;215;215;215;215;215;215;215;216;216;216;216;215;215;215;215;214;214;214;215;215;215;215;215;215;215;215;215;215;215;215;215;215;215;215;216;215;215;215;215;215;215;214;214;214;214;214;214;214;214;214;214;213;213;213;213;213;213;214;213;213;213;213;213;213;213;213;213;213;213;213;213;213;213;213;213;213;213;213;213;213;213;213;213;213;212;211;211;212;213;213;214;213;212;212;212;212;212;212;212;212;212;212;212;212;212;212;212;212;212;212;212;212;212;212;212;212;212;213;214;214;214;215;213;213;213;213;213;213;213;213;211;211;211;211;212;212;212;212;212;212;212;212;212;212;212;212;212;212;212;212;212;212
120;215;11;112;65;3;100;224;18;8;164;33;2;253;74;21;179;22;10;125;102;38;168;68;3;136;119;3;132;125;9;113;154;46;129;229;11;96;122;50;249;88;13;111;89;7;57;249;233;128;141;166;177;96;82;140;151;139;134;138;140;142;144;144;147;142;146;153;153;153;155;156;153;160;156;156;152;169;178;177;173;173;174;175;173;121;242;236;243;223;48;165;214;150;1;107;139;146;167;149;150;150;154;157;161;180;130;147;158;253;219;249;112;90;115;134;136;129;128;131;154;120;126;238;139;225;248;168;163;250;241;225;234;246;245;198;163;158;196;206;171;28;120;238;164;179;222;247;234;208;189;200;234;131;169;98;182;174;171;166;179;240;196;214;146;164;144;142;145;178;162;119;128;128;173;180;152;158;193;118;144;202;185;144;107;208;11;4;141;196;204;46;52;156;173;130;190;176;122;148;174;203;167;89;108;91;102;114;48;5;169;156;34;53;69;194;83;73;87;105;101;105;83;106;211;71;118;183;173;171;159;167;181;154;167;195;122;139;48;175;133;89;86;47;48;109;133;126;115;93;68;169;213;207;104;124;238;246;227;215;11;105;198;64;184;115;171;172;169;118;125;114;249;249;206;189;183;215;210;123;244;247;55;2;63;55;3;0;71;253;113;24;91;105;98;100;93;80;158;188;232;218;213;218;215;215;215;214;214;215;215;216;215;215;215;215;215;215;215;215;215;215;215;215;216;216;216;216;216;216;216;215;215;215;215;214;215;215;215;215;215;215;215;215;215;215;215;215;215;215;215;215;214;215;215;215;215;215;215;216;214;214;214;214;214;214;214;214;214;214;214;214;214;214;214;214;213;213;213;213;213;213;213;213;213;213;213;213;213;213;213;213;213;213;213;213;213;213;213;213;213;213;212;212;212;212;213;213;214;213;212;212;212;212;212;212;212;212;212;212;212;212;212;212;212;212;212;212;212;212;212;212;212;212;212;213;214;214;214;215;213;213;213;213;213;213;213;213;211;211;211;211;212;212;212;212;212;212;212;212;212;212;212;212;212;212;212;212;212;212
113;193;134;11;85;42;37;229;21;222;174;28;3;250;63;5;187;2;52;163;81;4;132;82;15;143;81;10;176;61;29;129;134;41;138;232;6;121;201;2;114;134;69;248;133;2;74;154;117;217;183;135;175;81;93;152;153;136;135;141;137;140;147;143;142;138;143;152;153;152;155;157;155;158;161;156;151;170;174;176;173;175;173;175;173;121;244;235;243;223;50;166;215;147;1;111;134;145;166;151;151;155;157;159;162;180;131;146;159;253;220;250;139;102;80;45;63;96;98;92;108;111;111;228;129;160;246;245;139;186;251;245;250;230;239;164;161;152;192;214;159;107;139;190;158;128;213;249;251;210;226;209;207;117;159;134;144;179;191;167;196;206;170;196;125;180;152;186;185;184;184;139;161;176;200;160;159;132;146;216;138;124;187;216;151;32;5;136;205;216;174;57;4;181;160;149;180;159;119;123;144;211;133;56;104;111;106;101;12;51;192;149;70;78;8;193;108;40;74;51;76;136;89;48;226;94;100;176;173;177;166;168;163;160;167;137;92;105;67;150;184;186;175;185;175;185;202;153;102;162;182;73;36;237;199;194;102;204;229;77;16;146;201;38;177;140;167;165;155;135;140;4;38;127;252;246;156;171;223;224;126;241;251;96;4;91;114;59;5;244;71;16;127;79;75;85;116;100;94;193;242;205;205;224;214;214;214;215;215;215;215;215;215;215;215;215;215;215;215;215;215;215;215;215;216;216;216;216;216;216;216;216;215;215;215;215;216;216;215;215;215;215;214;214;215;215;215;215;215;215;215;215;214;214;214;215;215;216;216;216;215;215;215;215;215;215;215;215;214;214;214;214;214;214;214;214;213;213;213;213;213;213;213;213;213;213;213;213;213;213;213;213;213;213;213;213;213;213;213;213;213;212;212;212;212;212;212;213;213;213;212;212;212;212;212;212;212;212;212;212;212;212;212;212;212;212;212;212;212;212;212;212;212;212;212;213;213;213;214;214;212;212;212;212;212;212;212;212;212;212;212;212;212;212;212;212;213;213;213;213;213;212;212;212;213;213;213;213;213;213
155;122;138;143;203;57;4;249;15;30;68;75;96;251;47;2;187;6;84;186;70;4;139;79;58;198;63;4;177;63;47;108;85;24;168;191;8;200;206;8;205;177;9;246;141;3;33;189;27;3;184;212;180;92;92;135;155;141;139;142;139;140;146;145;140;138;144;152;152;151;154;158;158;155;162;154;151;175;170;175;172;177;174;175;172;120;245;235;244;223;50;165;216;147;3;113;136;147;166;153;154;160;158;157;163;181;134;148;163;253;221;250;113;71;205;168;185;210;198;186;196;191;175;154;161;118;239;250;252;167;122;225;248;227;243;185;178;147;175;208;189;122;170;75;172;117;215;252;228;239;251;228;209;123;170;148;147;201;174;219;153;103;245;205;49;185;176;199;187;188;195;129;157;202;203;53;84;207;111;176;183;111;167;229;148;4;97;204;179;195;74;157;26;143;178;145;168;149;92;206;217;156;105;105;96;85;112;100;4;77;178;119;71;113;2;109;172;41;79;68;60;105;115;43;197;129;74;174;176;175;174;167;166;175;121;67;61;160;195;198;175;176;205;122;53;116;152;161;153;185;176;222;173;159;195;249;218;236;120;33;77;128;186;68;175;132;158;188;187;121;131;70;80;12;17;219;251;175;158;220;217;115;239;251;105;11;49;67;1;204;197;0;64;90;105;94;84;10;64;250;232;219;224;207;213;213;214;215;215;215;215;214;215;215;215;215;215;215;215;215;215;215;215;216;216;216;216;216;216;216;216;216;215;215;215;215;215;215;215;215;215;215;215;215;215;215;215;215;215;215;215;215;214;215;215;215;215;215;215;216;215;215;215;215;215;215;215;215;213;213;213;213;213;213;213;213;213;213;213;213;213;213;213;213;213;213;213;213;213;213;213;213;213;213;213;213;213;213;213;213;212;212;213;213;213;213;212;212;212;212;212;213;213;213;212;212;212;212;212;212;212;212;212;212;212;212;212;212;212;212;212;212;212;212;212;212;213;213;213;213;212;212;212;212;212;212;212;212;212;212;212;212;212;212;212;212;214;213;213;213;213;213;213;213;213;213;213;213;213;213
52;113;136;119;106;137;124;151;21;45;142;13;145;201;3;9;174;3;14;170;71;8;181;59;3;141;63;85;172;40;44;137;102;3;177;170;2;251;187;2;247;151;4;237;60;162;99;252;229;77;2;65;222;113;108;131;152;142;137;137;137;135;138;142;144;141;147;154;153;151;155;159;161;153;164;154;154;182;172;177;170;178;176;176;171;118;245;236;245;223;50;163;216;148;4;113;139;148;165;153;154;161;155;150;163;180;136;149;165;252;220;248;107;68;152;148;133;151;188;175;159;189;172;175;169;159;175;227;243;252;240;136;162;248;248;194;102;158;204;182;244;73;203;193;245;252;250;234;232;244;218;249;233;106;172;145;171;210;141;234;246;158;168;248;170;177;174;165;169;185;183;133;177;195;192;21;8;185;214;186;146;101;79;168;156;7;195;191;197;147;49;163;39;94;193;168;189;152;43;199;246;249;35;110;127;81;106;77;4;89;184;118;62;118;2;40;200;57;54;83;103;99;118;36;164;163;56;173;179;164;169;163;158;144;113;105;42;146;169;169;174;148;78;12;37;63;98;165;168;161;125;180;241;241;155;249;151;230;91;93;57;113;191;28;170;131;143;133;171;130;84;6;101;152;7;7;157;253;162;175;231;210;128;231;253;132;7;41;4;60;254;82;3;56;64;57;5;22;244;248;251;248;237;217;212;213;214;215;216;215;215;214;215;215;215;215;215;215;215;215;215;215;216;216;216;216;216;216;216;216;216;216;216;215;215;215;214;214;215;215;215;215;216;216;215;215;215;215;215;215;215;215;215;215;215;215;215;215;215;215;215;215;215;215;215;215;215;215;213;212;212;212;212;212;212;213;213;213;213;213;213;213;213;213;213;213;213;213;213;213;213;213;213;213;213;213;213;213;213;213;211;212;213;213;213;213;212;211;211;212;212;213;213;213;213;212;212;212;212;212;212;212;212;212;212;212;212;212;212;212;212;212;212;212;212;212;212;212;212;212;212;212;212;212;212;212;212;212;213;213;213;213;212;212;212;212;214;214;214;214;213;213;213;213;214;214;214;214;214;214
57;34;80;129;149;78;153;198;162;6;109;6;5;108;23;167;175;10;2;167;71;32;186;54;2;196;44;40;192;47;5;164;129;10;226;155;3;246;165;2;132;32;72;119;8;31;70;243;171;182;222;49;2;80;130;117;146;141;132;135;144;140;137;146;143;141;146;155;156;152;154;161;159;158;163;156;157;179;173;180;168;176;177;174;168;128;238;231;241;219;52;169;218;142;1;117;144;148;165;151;151;158;153;155;161;181;134;157;164;251;219;248;120;39;175;142;162;156;160;185;184;163;158;160;134;172;235;167;193;249;248;247;197;135;221;248;209;80;192;188;244;90;195;245;242;218;226;238;227;232;235;231;247;154;142;151;158;184;185;149;242;244;240;220;112;169;178;173;158;179;178;120;177;192;169;101;15;6;101;240;172;162;145;211;176;36;214;205;142;92;154;204;76;80;202;166;194;147;60;194;143;247;211;73;142;88;91;67;10;97;175;89;71;133;2;7;192;51;74;95;106;98;98;48;131;199;63;149;188;159;167;167;181;105;124;232;118;49;203;168;180;86;4;15;47;84;150;151;164;149;137;112;100;228;190;234;209;239;67;120;89;107;180;42;180;138;164;175;160;119;137;5;7;63;94;29;3;175;245;171;172;224;217;147;207;254;186;7;43;10;199;252;207;0;111;105;125;248;161;36;31;49;177;237;209;215;216;214;215;214;213;215;215;215;215;215;215;215;215;215;216;216;216;216;216;217;217;217;216;216;216;216;216;216;216;216;215;215;215;215;214;214;214;214;216;216;216;216;216;216;216;216;216;216;215;215;215;215;214;214;214;214;214;214;214;214;214;214;215;214;214;214;214;214;214;213;213;213;213;212;212;213;213;213;213;213;213;213;214;214;214;214;213;213;213;213;213;213;213;213;213;213;213;213;213;213;213;213;213;213;213;213;213;213;213;213;212;212;212;212;212;212;212;212;212;212;212;212;212;212;212;212;211;212;212;212;212;212;212;213;213;213;213;213;213;214;214;214;213;213;213;213;213;213;213;213;214;214;213;213;212;213;213;213;213;213;213;213;213;213
219;142;24;72;41;117;212;118;134;174;147;115;5;248;4;104;177;10;7;146;54;2;176;41;56;191;17;15;146;40;65;197;98;3;228;156;2;244;171;3;250;135;38;247;65;40;2;253;170;108;174;229;123;4;108;130;143;140;135;137;144;142;142;150;138;139;144;153;155;154;156;162;159;156;162;155;156;178;170;175;176;180;172;166;176;120;252;229;252;214;48;168;220;139;1;122;151;150;155;157;157;155;162;159;162;180;134;158;165;251;221;249;125;85;165;155;152;156;138;160;180;193;184;166;166;216;180;215;208;172;230;246;249;245;123;160;249;206;151;173;248;111;208;234;242;247;245;228;218;243;236;233;245;247;115;156;131;161;238;239;179;180;245;86;34;223;183;180;200;174;192;113;137;199;180;198;181;70;11;118;244;210;174;133;77;143;228;181;76;98;119;242;115;13;222;158;183;135;100;176;188;163;244;126;62;134;122;72;6;113;176;90;76;122;11;2;178;97;52;82;94;102;110;57;107;215;54;128;191;166;168;173;174;103;67;144;218;45;151;206;186;169;17;25;24;72;142;158;165;180;176;141;115;196;240;246;246;248;70;122;87;91;198;58;206;154;182;179;192;160;133;58;45;4;43;127;56;5;177;253;180;162;212;218;163;197;252;175;35;253;62;173;254;134;43;139;240;254;66;2;58;7;215;241;208;215;216;214;215;215;213;215;215;215;215;215;215;215;215;215;215;215;216;216;216;216;217;217;216;216;216;216;216;216;216;216;215;215;215;215;215;215;215;215;216;216;216;216;216;216;216;216;216;216;216;215;215;215;215;214;215;215;215;214;214;214;214;214;215;214;214;214;214;214;214;213;213;213;213;213;213;213;213;213;214;214;214;214;213;213;213;213;213;213;213;213;213;213;213;213;213;213;213;213;213;213;213;213;213;213;213;213;213;213;213;213;212;212;212;212;212;212;212;212;212;212;212;212;212;212;212;212;212;212;212;212;212;212;213;213;213;213;213;213;213;213;213;213;213;213;213;213;213;213;213;213;214;214;213;213;212;213;213;213;213;213;213;213;213;213
160;242;226;91;22;64;51;156;118;158;151;225;18;133;35;18;151;45;212;226;28;2;155;43;58;204;2;78;196;26;4;187;112;2;233;133;2;253;159;2;252;129;11;252;66;101;20;247;163;126;160;147;192;97;101;143;146;146;142;141;143;142;141;146;148;149;150;153;153;153;155;158;160;156;161;156;158;180;170;174;168;168;185;185;168;119;238;234;247;209;53;174;220;145;4;116;144;145;159;152;156;148;161;156;165;179;135;159;167;252;224;250;126;101;103;102;96;111;100;131;111;133;172;131;234;250;229;172;195;221;171;214;233;244;252;193;147;239;241;141;249;97;213;245;186;226;251;244;227;239;219;238;222;244;160;156;153;221;240;214;241;203;29;72;84;203;190;180;169;196;190;154;112;149;181;169;170;223;126;15;99;104;157;127;106;185;230;73;36;131;80;219;109;3;224;147;182;173;145;164;217;132;242;237;63;112;139;51;12;113;177;86;84;114;13;3;161;123;31;93;93;96;97;62;90;237;46;119;199;160;177;166;163;79;5;102;140;16;91;226;157;186;49;5;78;176;174;145;148;169;169;200;94;47;224;238;239;236;76;94;81;112;204;52;189;153;179;176;207;146;131;66;121;147;4;17;58;17;7;175;252;194;175;197;215;179;188;251;51;189;175;51;227;190;1;175;254;251;87;23;92;11;199;244;208;214;215;214;215;215;214;216;216;216;216;216;216;216;216;216;215;215;215;215;216;216;216;216;216;216;216;216;216;216;216;216;216;216;216;216;216;215;215;215;216;216;216;216;216;216;216;216;216;216;216;215;215;215;215;215;215;215;215;215;214;214;214;214;215;214;214;214;214;215;214;213;213;213;213;213;213;213;213;213;214;214;214;214;213;213;213;213;213;213;213;213;213;213;213;213;212;212;212;212;212;212;212;212;213;213;213;213;213;213;213;213;213;213;213;213;213;213;213;213;213;213;213;213;213;213;213;213;212;212;213;212;212;212;213;213;213;213;213;213;213;212;212;212;213;213;213;213;213;213;213;213;214;214;213;213;212;213;213;213;213;213;213;213;213;213
63;134;240;243;197;98;85;27;74;127;138;198;142;226;129;4;159;7;33;132;48;71;159;21;3;170;21;110;164;56;10;208;56;2;253;134;5;253;143;4;247;111;56;246;70;81;13;252;148;147;163;142;188;85;109;151;150;149;145;143;143;142;141;141;143;143;143;144;146;150;155;159;158;154;159;156;160;182;171;175;182;162;173;175;163;139;244;231;243;219;44;180;221;132;1;151;129;144;174;148;160;157;157;155;169;178;136;160;169;252;226;252;121;152;184;192;193;195;197;219;177;88;133;88;88;221;242;242;190;179;217;214;252;225;241;239;238;186;241;137;246;116;150;244;110;89;181;248;241;243;233;226;234;249;153;151;167;207;247;206;159;233;195;81;71;223;177;182;185;176;183;186;168;118;153;158;162;161;243;118;24;93;124;171;168;164;210;112;49;204;168;199;213;7;199;152;149;170;251;231;2;76;138;246;170;39;111;69;26;105;182;73;87;118;10;4;159;154;16;56;89;113;94;72;92;235;59;121;201;162;177;162;179;54;156;175;97;72;20;227;154;144;131;5;54;197;151;160;171;166;174;177;128;114;223;214;244;247;126;170;181;194;238;80;194;159;228;136;85;116;133;141;133;240;132;17;64;2;4;10;74;237;198;184;201;205;168;236;139;130;91;220;255;64;65;162;251;248;85;5;76;10;194;246;208;214;215;214;215;215;214;216;216;216;216;216;216;216;216;216;215;215;215;215;215;216;216;216;216;216;216;216;216;216;216;216;216;216;216;216;216;216;216;216;216;216;216;216;216;216;216;216;216;216;216;216;215;215;215;215;215;215;215;215;215;215;215;215;215;215;214;214;215;215;214;214;214;214;213;213;213;213;214;214;215;214;214;214;213;213;213;212;213;213;213;213;213;213;213;213;212;212;212;212;212;212;212;212;213;213;213;213;213;213;213;213;213;213;213;213;213;213;213;213;213;213;213;213;213;213;213;213;212;213;213;213;212;212;213;213;213;213;213;212;212;212;212;212;213;213;213;213;213;213;213;213;214;214;213;213;212;213;213;213;213;213;213;213;213;213
134;124;118;137;239;244;223;133;26;30;88;148;97;101;199;70;140;54;23;185;4;178;220;7;3;180;8;63;172;49;9;217;66;7;190;79;10;246;140;6;247;109;62;251;65;74;22;250;154;146;151;153;155;87;100;149;149;145;142;142;144;146;145;142;153;153;152;153;154;157;161;163;158;152;157;154;159;181;170;175;176;172;175;166;162;118;252;213;250;203;28;187;204;121;2;124;124;145;156;139;153;165;156;159;171;176;136;161;172;252;228;252;116;152;187;167;165;167;177;178;211;114;168;243;113;146;182;223;249;225;208;177;179;249;247;240;233;248;235;152;247;122;154;248;238;138;107;134;244;246;222;243;222;246;132;121;217;125;213;237;180;214;225;204;38;210;194;178;180;190;166;146;173;164;161;132;160;135;144;198;185;192;153;152;175;164;200;146;4;207;99;88;105;9;215;158;193;224;130;15;13;178;17;233;235;40;120;60;35;103;180;70;95;116;14;1;162;133;15;58;76;99;111;73;95;221;75;113;198;175;170;172;163;50;233;135;114;194;17;136;196;151;207;59;6;207;155;188;181;183;181;176;241;155;167;228;183;240;138;190;152;145;243;114;215;114;182;118;101;147;136;149;139;150;177;215;250;210;81;43;132;192;197;223;164;183;209;242;165;113;238;36;70;43;96;21;112;251;51;11;89;7;214;240;208;214;215;214;215;215;214;216;216;216;216;216;216;216;216;216;215;215;215;215;215;216;216;216;216;216;216;216;216;216;217;217;216;216;216;216;216;216;216;216;216;216;216;216;216;216;216;216;217;216;216;216;216;215;215;215;214;215;215;215;215;215;216;216;216;215;214;215;215;215;215;214;214;214;213;213;213;213;214;214;215;214;214;214;213;213;213;212;213;213;213;213;213;213;213;213;212;212;212;212;212;212;212;212;213;213;213;213;213;213;213;213;213;213;213;213;213;213;213;213;213;213;213;213;213;213;213;213;213;213;213;213;212;212;213;214;213;213;213;212;212;212;212;212;213;213;213;213;213;213;213;213;214;214;213;213;212;213;213;213;213;213;213;213;213;213
226;229;179;120;113;174;242;245;180;112;30;43;83;182;128;124;163;120;4;149;24;4;99;58;168;201;3;28;174;40;43;218;61;4;183;43;9;254;120;2;250;58;42;251;46;84;3;253;139;133;145;161;160;90;110;136;149;142;140;143;144;146;147;143;152;151;152;154;154;152;150;151;163;156;159;156;159;180;170;175;180;165;165;175;171;121;246;213;245;231;67;201;249;151;32;167;182;187;170;155;148;161;149;153;172;173;136;162;174;252;230;251;138;142;169;171;179;186;188;189;207;104;147;248;166;236;109;174;222;248;177;206;201;163;209;247;231;243;228;161;227;67;200;204;237;186;166;149;106;203;244;240;237;240;127;72;210;187;123;247;221;137;211;220;44;196;180;155;154;172;156;133;165;191;178;116;55;185;157;152;190;188;186;147;168;173;194;111;3;196;166;120;118;105;198;232;183;9;7;140;84;163;69;85;170;70;98;61;35;99;159;90;117;92;22;2;173;103;20;95;97;89;115;62;97;229;59;114;199;169;175;178;172;10;91;79;109;209;61;50;186;156;178;86;40;213;157;146;173;118;36;103;226;28;112;249;235;239;122;171;146;171;244;92;208;189;41;40;89;65;135;175;114;104;113;45;203;253;239;253;248;213;187;198;204;198;205;152;250;140;254;11;15;90;104;51;0;254;136;1;82;3;201;240;208;214;215;214;215;215;214;216;216;216;216;216;216;216;216;216;215;215;215;215;216;216;216;216;216;216;216;216;216;217;217;217;216;216;216;216;216;216;217;217;216;216;216;216;216;216;216;216;217;217;217;216;216;216;216;215;215;215;215;215;215;216;216;216;216;215;215;215;215;215;215;214;214;214;214;214;214;214;214;214;214;214;214;214;213;213;213;213;213;213;213;213;213;213;213;213;212;212;212;212;212;212;212;212;213;213;213;213;213;213;213;213;213;213;213;213;213;213;213;213;213;213;213;213;213;213;213;213;213;214;214;213;212;212;213;214;213;213;213;213;213;212;212;212;213;213;213;213;213;213;213;213;214;214;213;213;212;213;213;213;213;213;213;213;213;213
167;162;243;226;132;109;113;156;245;246;185;64;51;65;105;147;128;127;136;145;116;10;196;5;117;170;9;18;144;53;10;233;70;4;253;88;1;205;39;28;243;61;20;236;68;83;38;246;140;141;160;143;167;80;110;142;152;142;141;146;143;142;145;143;147;145;149;157;161;159;159;162;168;160;162;158;159;179;170;177;176;165;168;184;162;120;248;251;248;195;70;143;181;92;8;88;120;122;178;155;145;162;157;165;171;170;135;162;175;253;231;251;145;149;174;187;183;171;167;181;207;120;152;245;136;251;240;226;191;217;248;212;186;224;188;176;251;245;212;124;252;106;192;248;164;117;163;186;156;103;155;235;244;244;136;82;175;226;130;195;249;124;215;54;44;203;175;183;182;206;179;163;189;143;165;108;23;154;226;147;178;188;199;174;200;171;201;105;7;229;114;153;240;131;198;125;9;37;192;252;90;2;248;54;71;69;64;63;28;98;148;108;124;66;28;6;190;102;15;79;112;116;103;62;117;226;37;139;200;161;178;182;154;12;143;101;64;103;58;109;195;170;170;137;130;153;147;140;135;105;47;20;52;38;172;235;219;213;132;172;143;164;246;200;73;217;121;52;144;236;145;158;177;225;236;142;149;224;215;179;205;195;193;228;217;194;222;175;144;128;86;17;104;80;99;106;0;138;227;2;46;14;209;243;208;214;215;214;215;215;214;216;215;215;215;215;215;215;215;215;215;215;216;216;216;216;217;217;216;216;216;216;217;217;217;217;216;216;216;216;216;216;216;217;216;216;216;216;216;216;216;216;217;217;217;216;216;216;216;216;217;216;216;216;215;215;215;215;216;215;215;215;215;216;215;214;214;214;214;214;214;214;214;214;214;214;214;214;213;213;213;213;213;213;213;213;213;213;213;213;213;213;213;213;213;213;213;213;213;213;213;213;213;213;213;213;213;213;213;213;213;213;213;213;213;213;213;213;213;213;213;213;214;214;214;213;213;212;213;214;213;213;213;213;213;213;213;213;213;213;213;213;213;213;213;213;214;214;213;213;212;213;213;213;213;213;213;213;213;213
247;208;132;165;233;197;141;122;125;181;250;244;206;89;33;76;127;115;136;172;187;4;116;55;10;138;55;211;163;18;5;251;60;2;251;63;5;252;60;3;246;33;93;249;37;60;47;251;140;138;162;151;163;76;116;146;151;140;142;148;143;141;146;147;150;145;147;156;159;157;158;164;168;160;162;156;158;177;169;177;175;180;163;167;167;111;251;208;4;9;4;5;9;4;18;37;9;24;197;153;150;163;154;161;170;167;134;162;176;253;233;252;137;155;172;171;177;179;186;191;190;120;172;247;141;232;251;248;216;189;183;243;237;170;218;194;157;220;246;202;252;114;239;245;54;130;147;123;159;152;105;97;203;242;110;159;104;151;164;132;244;136;235;69;73;220;187;162;175;185;170;172;184;156;77;149;8;43;241;180;168;170;170;166;176;188;213;133;3;64;184;253;131;33;59;1;116;216;61;166;166;4;136;212;76;109;100;88;19;109;160;106;109;57;31;0;193;44;13;90;76;96;87;66;145;194;36;166;194;173;168;192;130;40;246;170;171;113;4;142;190;152;172;163;162;104;151;132;45;11;93;125;35;82;163;236;157;210;148;180;160;154;243;244;184;6;87;120;107;236;240;94;80;248;245;207;131;241;187;206;197;178;236;170;186;222;201;213;251;121;5;104;95;88;76;107;38;0;254;128;2;11;210;234;208;214;215;214;215;215;214;216;215;215;215;215;215;215;215;215;216;216;216;216;216;217;217;217;216;216;216;216;217;217;217;217;215;216;216;216;216;216;216;216;216;216;216;216;216;216;216;216;217;217;217;217;216;216;216;216;218;217;217;216;215;214;214;214;216;216;215;215;216;216;215;215;215;214;214;214;214;214;214;215;213;213;213;213;214;214;214;214;213;213;213;213;213;213;213;213;213;213;213;213;213;213;213;213;213;213;213;213;213;213;213;213;213;213;213;213;213;213;213;213;213;213;213;213;213;213;213;213;214;214;214;214;213;213;213;214;213;213;213;213;213;214;214;214;213;213;213;213;213;213;213;213;214;214;213;213;212;213;213;213;213;213;213;213;213;213
217;239;252;203;118;183;232;222;150;109;127;182;247;248;137;60;15;75;135;136;146;119;157;165;5;190;3;68;167;44;75;251;39;10;248;64;8;252;60;2;190;4;106;244;39;37;59;251;136;151;157;145;169;70;117;146;157;133;139;148;142;144;147;144;150;152;149;144;147;156;161;158;161;154;160;164;160;172;167;174;171;168;167;170;164;142;244;105;189;199;106;209;201;140;34;170;88;75;199;153;165;162;147;162;173;170;135;168;181;248;243;252;136;153;169;175;179;186;173;179;200;131;170;248;135;235;246;237;244;243;201;186;202;250;200;190;214;181;178;244;246;127;190;245;51;41;147;127;131;139;148;130;55;187;203;141;146;134;237;215;250;127;233;182;29;204;190;171;186;178;169;175;163;138;25;154;135;9;185;223;153;179;176;166;184;174;185;122;1;203;235;184;47;1;39;233;196;139;109;186;148;45;6;200;147;81;132;92;11;121;157;90;96;65;12;32;215;8;35;118;96;100;77;16;188;147;40;174;187;170;155;193;88;101;181;98;59;77;16;149;149;167;154;150;175;162;161;138;89;37;13;81;73;145;163;232;147;209;137;165;155;159;242;223;243;32;36;169;221;126;246;7;55;248;200;232;98;232;249;246;248;251;252;4;45;251;234;250;253;120;41;105;83;111;91;95;46;10;254;237;5;17;206;242;210;218;208;218;216;214;214;214;217;213;215;216;212;221;210;213;216;216;216;216;216;216;216;216;216;217;217;217;217;216;217;217;217;217;217;217;217;217;217;217;216;216;216;215;216;216;217;217;216;216;216;216;216;216;216;216;217;217;217;216;216;216;215;215;215;215;215;215;215;215;215;215;214;214;214;214;214;215;215;215;213;213;214;214;214;214;214;214;214;214;214;214;214;214;214;214;213;213;212;212;212;212;213;213;214;214;214;214;214;214;214;214;213;213;213;213;214;214;214;214;213;213;213;213;214;214;214;214;213;213;213;213;214;214;214;214;213;213;213;214;214;215;215;215;214;214;214;214;214;214;214;214;213;213;213;213;213;213;213;213;213;213;213;213;213;213
251;207;202;243;248;203;133;189;238;207;135;116;123;178;245;236;88;59;37;113;171;87;125;216;75;126;74;26;154;11;126;249;43;5;249;47;4;251;38;34;248;17;38;145;72;99;39;249;141;147;157;140;185;82;105;148;158;144;141;143;145;145;142;148;152;154;153;150;153;161;163;159;164;158;164;165;162;175;171;177;171;159;168;180;160;142;134;194;246;184;43;5;253;119;4;36;125;83;139;111;171;175;155;165;177;165;138;165;180;251;233;247;141;151;174;189;181;181;176;188;190;130;174;249;139;243;249;231;236;236;249;230;164;202;245;234;187;197;210;174;235;141;124;244;202;46;90;154;134;136;128;175;121;122;244;80;246;245;235;152;242;128;244;162;51;232;171;178;172;180;180;178;169;176;162;109;150;35;113;227;164;158;187;184;157;189;163;121;254;198;176;45;17;127;95;253;93;66;155;213;149;127;63;12;128;106;94;123;42;90;136;88;79;76;1;106;184;10;86;100;89;72;84;40;223;117;54;165;180;161;126;184;76;105;188;110;72;61;8;138;154;144;157;164;163;168;170;160;159;187;111;9;26;194;153;219;174;226;175;222;202;177;246;203;249;150;52;173;246;246;138;25;106;252;200;231;126;227;172;73;88;100;77;1;55;211;34;55;3;14;89;77;67;69;66;87;86;104;241;240;5;9;205;245;203;213;218;218;215;216;213;218;214;216;217;220;213;214;218;218;215;215;216;216;216;217;217;217;216;217;217;217;217;216;217;217;217;217;217;217;217;217;217;217;216;216;216;216;216;216;217;217;216;216;216;216;216;216;216;216;216;216;216;216;216;216;216;216;215;215;215;215;215;215;215;215;214;214;214;214;214;214;215;215;213;213;213;214;214;214;214;214;214;214;214;214;214;214;213;213;213;213;213;212;212;213;213;213;214;214;214;214;214;214;214;214;213;213;213;213;214;214;214;214;213;213;213;213;214;214;214;214;213;213;213;213;214;214;214;214;213;213;213;214;214;214;214;215;214;214;214;214;214;214;214;214;213;213;213;213;213;213;213;213;213;213;213;213;213;213
203;249;246;212;204;242;251;178;142;195;238;197;145;125;129;218;250;211;97;45;53;114;191;135;178;202;151;28;95;62;2;184;74;132;248;32;2;249;32;13;253;3;77;191;19;40;74;248;146;129;159;152;160;73;117;147;153;148;142;140;149;146;139;151;151;153;153;152;156;162;162;158;165;160;165;163;160;176;173;177;170;186;176;161;176;142;199;250;249;123;54;145;189;79;17;145;107;71;125;48;74;152;173;168;173;176;143;162;187;248;238;248;140;161;176;179;174;182;180;188;189;134;176;246;134;245;249;232;235;228;223;253;249;186;180;213;238;218;190;193;47;129;191;191;245;235;109;84;138;146;142;152;132;148;247;113;234;232;201;188;220;244;219;44;59;236;175;176;177;191;180;132;188;175;173;120;105;81;101;240;170;177;188;167;176;149;192;254;157;141;53;10;177;104;1;250;155;72;103;159;184;122;148;43;142;61;103;141;86;20;103;86;107;51;2;215;77;15;126;88;87;113;72;88;239;68;81;177;188;148;96;203;80;88;189;100;186;215;4;151;159;161;165;185;179;157;161;150;156;185;215;149;31;106;161;222;174;216;88;97;86;115;243;224;241;143;66;175;245;251;143;46;130;240;201;253;92;69;40;37;87;86;65;45;43;254;48;97;121;160;153;164;156;141;115;91;130;174;247;208;9;17;209;241;211;212;221;208;209;214;210;219;214;216;215;219;214;209;223;215;215;215;215;216;216;217;217;217;216;217;217;217;217;216;217;217;217;217;217;217;217;217;217;217;216;216;216;217;217;217;216;216;216;216;216;216;216;216;216;216;216;216;216;216;216;216;216;216;215;215;215;215;215;215;215;215;215;215;215;214;214;214;214;214;213;213;214;214;214;214;214;214;215;215;214;214;214;213;213;213;213;213;213;213;213;213;213;213;213;213;213;213;213;213;213;213;213;213;213;213;214;214;214;214;213;213;213;213;214;214;214;214;213;213;213;213;214;214;214;214;213;213;213;213;213;214;214;214;214;214;214;214;214;214;214;214;214;214;214;214;214;214;214;214;214;214;214;214;214;214
7;69;177;250;247;220;198;241;251;156;149;195;228;202;110;91;140;234;247;209;95;12;43;87;149;127;146;202;172;118;3;253;23;76;197;24;44;251;22;26;253;8;107;246;11;42;27;247;188;207;145;138;178;78;126;139;145;142;141;142;149;148;141;150;148;151;152;153;155;159;160;160;164;160;163;160;157;176;172;175;185;171;173;187;168;199;115;108;164;154;19;130;14;21;27;123;2;63;248;110;53;60;124;175;171;166;135;155;192;251;233;253;138;168;174;177;181;177;170;194;193;139;180;245;129;242;245;234;225;236;230;236;249;241;225;180;201;250;185;101;171;177;174;214;158;243;248;191;80;128;154;163;150;160;240;107;246;228;203;191;137;236;132;46;84;206;171;177;179;174;167;146;172;209;199;53;68;15;132;199;175;191;181;181;145;219;247;130;116;7;88;147;76;213;7;195;228;124;142;151;201;79;116;116;245;92;111;97;123;53;37;60;102;15;102;174;9;73;122;116;114;70;34;166;202;36;109;177;199;56;72;211;83;95;220;134;202;129;9;166;173;176;183;158;177;169;171;194;175;175;159;207;209;87;130;240;187;225;33;106;75;77;231;203;249;152;58;183;245;226;167;57;136;253;200;245;111;21;114;120;64;53;116;63;1;253;28;41;214;71;119;191;188;219;213;170;169;181;253;117;4;31;215;240;210;210;218;212;221;218;212;213;218;212;213;214;216;212;222;210;216;216;216;216;216;216;217;217;216;217;217;217;217;216;217;217;217;217;217;217;217;217;217;217;216;216;217;217;217;217;216;216;217;217;217;217;217;217;217;217;216;216;216;216;216;216;216;216;215;215;215;215;215;215;215;215;215;215;215;215;214;214;214;214;214;214;214;215;215;215;215;214;214;214;214;214;214;214;213;213;213;213;213;213;213;213;213;213;213;213;213;213;213;213;213;213;214;214;214;214;213;213;213;213;213;213;213;213;214;214;214;214;213;213;213;213;214;214;214;214;213;213;213;213;213;213;213;213;214;214;214;214;214;214;214;214;214;214;214;214;214;214;214;214;214;214;214;214;214;214
43;9;15;40;196;247;246;225;217;247;241;177;154;217;244;176;111;100;147;246;247;153;63;61;67;111;136;197;145;167;76;158;51;2;212;67;164;253;2;3;252;2;95;241;26;101;65;131;2;129;228;177;153;73;112;159;148;135;142;147;144;146;147;147;148;151;154;154;154;157;162;165;163;159;163;160;157;176;173;175;172;177;176;170;162;180;196;54;6;71;129;229;100;143;52;69;21;79;198;161;189;92;50;80;156;199;181;112;204;250;210;247;129;173;186;182;179;183;179;187;190;138;181;249;131;240;238;236;225;239;242;239;231;232;244;252;184;211;197;92;169;181;239;167;207;199;164;239;240;94;154;166;142;157;250;74;242;245;178;205;176;228;154;71;113;209;185;166;180;193;169;185;160;132;80;64;81;4;178;176;135;177;180;163;226;254;103;109;88;117;253;91;5;102;49;51;251;145;127;130;171;151;76;144;102;123;134;50;66;148;51;5;101;120;87;16;62;111;110;132;83;162;66;205;134;20;149;171;120;86;94;216;67;34;190;109;234;95;4;182;175;173;173;142;165;164;213;182;45;125;207;193;192;150;169;246;150;221;97;148;86;91;246;23;239;163;62;178;244;243;148;71;162;222;208;238;122;36;105;83;28;81;106;83;6;231;111;25;205;45;82;121;122;161;208;131;88;108;134;1;27;24;210;237;212;212;210;213;223;214;220;219;220;209;218;213;218;218;218;213;217;217;216;216;216;216;216;216;216;217;217;217;217;216;217;217;217;217;217;217;217;217;217;217;216;217;217;217;217;217;216;215;217;217;217;217;217;217;217;217;217;217;217;216;216;215;215;215;215;215;215;215;215;215;215;215;215;215;215;215;215;214;214;214;215;215;215;215;215;215;215;215;213;213;214;214;214;214;214;214;213;213;213;213;213;213;213;213;213;213;213;213;213;213;213;213;215;214;214;214;213;213;213;212;213;213;213;213;214;214;214;214;213;213;213;213;214;214;214;214;213;213;213;213;213;213;213;213;214;214;214;214;214;214;214;214;214;214;214;214;214;214;214;214;215;215;215;215;215;215
243;134;46;75;26;51;208;232;241;204;212;250;245;146;143;229;233;174;132;106;150;251;245;162;71;61;49;127;150;106;217;171;119;13;230;8;62;229;36;165;250;6;76;221;46;69;103;251;118;1;15;181;229;73;116;151;158;134;143;151;141;144;150;146;148;150;153;154;154;156;161;166;162;156;160;160;158;175;171;174;170;171;181;170;168;168;199;201;242;38;19;252;22;133;71;68;181;103;28;74;246;200;144;45;35;85;138;184;137;244;252;243;141;169;177;177;172;185;189;180;189;136;179;248;129;239;235;243;230;219;234;248;227;223;226;243;253;247;110;73;157;197;234;246;188;179;209;200;203;108;153;184;133;154;235;127;172;245;218;127;221;232;96;102;107;214;198;181;184;180;163;171;169;102;103;180;145;33;205;201;202;130;141;254;234;46;101;111;119;200;200;101;155;140;85;2;102;252;165;148;154;204;86;150;81;84;84;95;89;105;122;81;53;120;87;44;127;106;79;119;120;27;141;242;8;50;178;177;124;136;129;210;36;10;148;21;93;19;4;171;187;172;158;174;170;159;223;59;2;18;69;94;124;108;178;247;183;122;75;133;51;83;242;11;164;125;42;133;247;237;147;72;179;165;198;254;129;5;101;90;40;75;67;78;0;160;149;19;165;60;73;91;110;166;109;4;14;245;33;7;67;17;209;244;211;217;210;212;214;203;212;214;215;211;220;213;215;218;213;219;217;217;217;216;216;215;215;215;216;217;217;217;217;216;217;217;217;217;217;217;217;217;217;217;217;217;217;217;217;216;216;216;217;217;217;217;217;217;217;217;218;218;217;216;216;215;215;214;215;215;215;215;215;215;215;215;215;215;215;215;215;215;215;215;215;215;215;215;216;215;215;215;213;213;213;214;214;214;215;215;213;213;213;214;214;213;213;213;214;214;214;213;213;213;213;213;214;214;214;214;213;213;213;213;213;213;213;213;214;214;214;214;213;213;213;213;214;214;214;214;214;214;214;213;213;213;213;213;214;214;214;214;214;214;214;214;214;214;214;214;214;214;214;214;214;214;214;214;214;214
154;238;218;175;190;99;37;72;212;238;243;208;234;234;212;154;148;221;237;171;130;127;181;252;249;155;50;24;60;82;195;155;191;176;185;48;47;249;7;165;127;2;119;232;2;23;152;250;158;200;136;5;36;130;124;130;162;135;142;152;143;144;149;148;147;148;151;155;156;156;157;160;161;154;159;162;161;175;170;175;182;174;153;190;157;161;182;230;245;140;6;225;36;102;28;98;161;43;46;25;55;68;249;200;121;58;105;116;178;139;187;249;157;173;165;178;185;176;174;194;191;136;177;246;128;241;233;242;231;221;221;224;228;244;232;214;215;252;199;91;130;119;214;219;240;228;213;180;79;152;183;185;150;181;224;97;182;220;252;132;195;115;93;115;92;203;158;151;142;160;157;164;205;189;216;90;2;203;215;177;83;85;255;213;2;141;179;7;88;114;156;199;116;195;202;101;26;163;152;134;141;186;143;37;204;23;103;101;96;106;96;97;71;78;130;89;104;85;95;65;140;87;199;145;4;161;185;181;153;148;133;227;4;99;252;168;101;219;27;79;213;167;167;185;165;191;186;1;151;161;24;87;102;113;193;246;177;50;13;63;61;22;160;38;245;122;49;44;157;248;151;58;202;138;172;247;161;0;84;34;49;108;78;73;3;104;238;3;124;82;103;110;121;142;44;54;137;215;4;25;67;4;213;235;201;214;217;219;218;218;215;213;216;221;215;212;215;216;211;220;217;217;217;216;216;216;215;215;216;217;217;217;217;216;217;217;217;217;217;217;217;217;217;217;218;218;217;217;216;216;216;216;216;216;216;216;216;216;216;216;217;217;217;216;216;215;215;215;215;215;215;215;215;215;215;215;215;215;215;215;215;215;215;215;214;214;215;215;215;215;214;214;213;213;214;214;214;214;214;214;213;213;214;214;214;214;213;213;214;214;214;214;214;213;213;213;213;213;213;213;214;214;214;214;213;213;213;213;214;214;214;214;213;213;213;213;214;214;214;214;215;214;214;214;214;213;213;213;214;214;214;214;214;214;214;214;214;214;214;214;214;214;214;214;214;214;214;214;214;214
145;103;190;129;160;200;168;98;16;70;216;242;239;202;214;247;221;156;152;220;236;153;128;122;206;249;250;206;65;40;32;127;145;210;215;210;4;239;3;104;218;23;209;206;2;5;166;253;122;147;198;217;3;15;134;149;157;133;139;152;149;147;147;150;149;147;150;156;160;158;156;156;164;156;161;166;165;178;173;178;169;172;171;149;163;149;185;167;251;159;2;97;6;27;2;61;164;26;186;211;13;4;180;146;196;172;131;14;70;236;160;130;133;212;198;172;189;187;173;197;187;137;180;250;133;245;228;231;228;234;232;222;220;226;239;248;229;245;238;135;245;193;48;187;235;245;160;87;163;166;169;184;141;158;243;83;247;212;176;252;243;89;105;131;123;195;170;166;184;174;170;191;182;146;147;72;113;249;141;37;92;253;172;29;147;230;173;3;2;77;116;187;156;74;161;201;7;50;132;74;191;200;192;93;105;214;49;66;118;106;104;86;108;99;121;105;120;102;90;96;13;192;237;10;38;223;175;175;163;138;214;112;4;160;168;60;53;240;129;4;203;180;164;175;154;195;150;6;170;86;181;225;181;148;211;247;149;215;33;101;86;79;102;16;53;152;152;131;211;244;155;73;215;133;39;255;178;0;84;53;29;69;55;65;19;4;254;40;85;20;34;86;75;193;146;154;185;187;7;41;21;5;229;238;210;215;213;208;216;246;246;250;223;232;209;213;219;218;213;217;216;216;216;216;216;216;216;216;216;217;217;217;217;216;217;217;217;217;217;217;217;217;217;217;219;218;217;216;216;216;216;216;216;216;216;216;216;216;216;216;217;217;216;216;216;216;216;216;215;215;215;215;215;215;215;215;214;214;215;215;215;215;216;216;213;214;214;214;214;214;213;213;214;214;214;214;214;214;214;214;213;213;214;214;214;214;213;213;215;215;214;214;214;214;213;213;212;212;213;213;214;214;215;215;213;213;213;213;214;214;214;214;213;213;213;213;214;214;214;214;215;215;215;214;214;213;213;213;214;214;214;214;214;214;214;214;214;214;214;214;214;214;214;214;214;214;214;214;214;214
142;18;108;175;169;146;149;189;182;84;19;87;227;246;243;207;223;243;230;152;153;236;231;145;111;119;173;243;245;148;68;31;74;127;186;217;66;213;113;32;249;6;160;140;84;45;160;247;125;164;143;173;199;44;96;131;152;128;132;150;146;142;148;148;151;147;150;159;160;155;157;166;166;162;164;166;155;181;175;173;177;182;188;189;176;173;194;38;223;130;17;245;46;138;85;72;173;23;63;125;54;119;38;8;171;216;198;141;19;15;194;218;148;152;179;205;187;164;180;187;189;124;186;250;124;245;234;228;241;218;224;235;233;219;211;235;240;240;238;136;246;247;158;148;157;164;90;142;155;176;141;171;108;167;244;152;246;213;134;246;250;118;83;124;131;198;190;170;178;193;153;152;169;126;80;123;188;137;34;95;254;116;21;162;202;186;189;5;16;131;181;143;173;122;144;215;42;6;65;131;189;154;124;153;21;158;204;52;43;81;99;88;81;97;117;122;78;161;50;62;142;243;89;4;168;180;174;177;160;230;122;4;82;171;23;116;142;149;134;3;171;184;158;163;184;186;144;4;37;130;235;26;118;162;238;243;118;179;52;120;30;83;243;213;100;167;147;78;247;246;155;48;192;227;1;255;204;0;74;50;16;43;43;50;6;56;230;64;48;40;6;32;84;175;162;156;143;213;61;17;34;23;219;226;206;210;226;198;245;182;100;97;186;238;220;209;218;223;211;219;214;217;217;215;215;218;218;215;217;216;216;216;217;218;217;217;217;217;217;217;217;217;217;217;218;218;218;217;216;216;215;215;216;216;216;216;217;217;217;217;217;216;216;216;216;215;215;215;215;215;215;215;216;216;216;216;214;215;215;215;216;216;216;216;214;214;214;214;214;214;214;214;214;214;214;214;214;214;214;214;213;213;213;213;213;213;213;213;215;215;215;214;214;214;214;214;214;214;214;214;214;214;214;214;214;214;214;214;214;214;214;215;214;214;213;213;213;213;214;214;213;214;214;214;214;213;214;214;214;214;214;214;214;214;214;214;214;214;214;214;214;214;214;214;214;214;214;214;214;214
104;50;24;27;110;165;171;140;151;201;172;77;19;76;236;246;221;205;225;245;205;150;155;247;241;129;77;121;215;242;247;145;44;17;74;126;156;172;186;115;171;3;89;116;67;147;164;253;119;157;161;151;175;71;110;139;155;130;129;143;140;139;146;148;149;151;153;156;158;157;159;163;166;157;156;167;164;173;159;174;170;171;174;171;186;135;171;199;196;119;5;254;30;125;29;119;147;55;124;55;12;211;110;27;113;16;76;235;250;103;8;114;128;177;152;159;207;200;182;191;192;132;189;248;123;247;250;235;224;219;231;227;233;236;219;228;233;251;221;139;251;246;134;240;96;30;21;96;78;76;109;110;106;149;243;115;221;252;161;164;246;249;138;42;148;206;163;182;173;169;155;184;226;123;123;193;81;75;104;164;116;82;246;139;0;132;162;0;41;134;189;104;132;120;145;126;182;113;7;104;228;200;192;212;174;7;188;230;104;46;65;82;77;54;111;121;92;62;124;166;235;132;5;157;211;176;189;198;185;87;51;187;143;142;173;206;203;55;10;29;187;167;138;132;198;226;189;14;39;220;101;87;173;129;196;247;150;56;34;94;112;89;107;98;171;154;152;77;202;248;155;67;165;243;11;236;253;4;67;45;58;26;42;74;17;144;185;3;94;116;83;70;127;174;119;178;143;211;81;32;59;173;202;246;216;201;222;205;246;134;1;4;131;237;221;215;224;200;220;213;216;215;215;216;216;216;216;217;217;217;216;217;218;218;218;217;217;217;217;217;217;217;217;217;217;217;217;217;216;216;216;216;216;216;216;217;217;217;217;217;216;216;216;216;216;216;216;216;215;215;215;215;216;216;216;216;215;215;215;215;216;216;216;216;215;215;215;215;215;215;215;215;214;214;214;214;214;214;214;214;214;214;214;214;214;214;214;214;215;215;215;214;214;214;214;214;214;214;214;214;214;214;214;214;213;213;213;213;214;214;215;215;214;214;213;213;213;213;214;214;214;214;214;214;214;213;214;214;214;214;214;214;214;214;214;214;215;215;215;215;215;215;215;215;214;214;214;214;214;214
23;130;90;52;20;25;83;177;170;143;160;197;182;60;21;113;237;246;223;203;234;243;189;124;160;228;231;148;123;141;228;245;247;139;51;52;90;171;107;226;140;45;83;73;20;5;186;248;122;150;164;142;161;72;106;139;159;135;131;142;140;140;148;149;135;143;145;144;150;157;159;160;157;159;148;146;156;179;164;170;164;173;164;144;189;145;177;251;246;121;2;246;44;110;35;120;166;17;162;164;26;56;17;177;212;4;69;112;146;248;184;154;25;99;175;154;161;190;215;197;194;130;188;246;127;245;241;196;248;243;221;219;228;236;240;219;208;249;224;126;253;250;152;233;95;148;175;185;189;179;196;169;182;156;140;145;132;244;252;215;146;223;241;143;151;182;166;171;170;176;172;170;193;155;173;114;92;101;40;99;166;212;162;197;156;106;151;47;4;35;200;194;152;112;124;83;48;151;106;2;78;166;198;171;110;4;87;157;225;212;153;127;80;15;120;91;150;123;204;213;136;22;132;236;180;141;185;222;127;11;28;42;41;205;141;155;202;150;3;62;194;158;143;133;176;210;200;137;5;163;68;175;194;95;200;250;186;117;15;38;98;41;38;87;167;95;6;167;249;237;162;72;154;254;25;44;83;0;34;77;115;66;49;71;25;1;252;22;53;115;64;56;106;188;117;165;149;208;89;15;32;197;160;246;208;211;207;199;251;157;23;63;154;142;222;211;216;214;214;221;217;214;214;218;218;214;215;218;218;217;217;217;218;218;218;217;217;217;217;217;217;217;217;217;216;216;216;216;216;216;216;216;216;216;216;217;217;217;217;217;216;216;216;216;216;216;216;216;216;216;216;216;216;216;215;215;215;215;215;216;216;216;216;216;216;216;216;216;216;216;216;216;214;214;214;214;214;214;214;214;214;214;214;214;214;214;214;214;215;215;215;214;214;214;214;214;215;215;215;215;215;215;215;215;213;213;213;213;214;215;215;216;214;214;214;213;213;214;214;214;214;214;215;214;214;214;214;215;214;214;214;214;214;214;214;214;215;215;215;215;215;215;215;215;214;214;214;214;214;214
112;92;94;91;92;96;75;34;91;149;172;145;153;196;157;44;24;130;240;244;222;217;203;240;166;111;190;239;227;152;110;139;231;248;242;116;26;65;88;205;92;127;249;163;24;7;169;251;125;159;157;150;173;64;107;139;160;139;136;145;145;144;148;147;144;151;148;144;149;152;150;151;144;159;154;136;145;183;176;167;166;172;173;157;179;195;59;167;252;139;5;253;30;94;53;103;151;44;133;115;49;175;94;70;135;45;211;34;45;220;240;236;96;26;80;129;127;144;150;199;200;122;193;249;136;249;239;194;149;210;252;243;229;225;219;238;216;237;241;137;243;251;145;240;45;148;176;177;198;177;178;178;163;173;165;154;137;203;238;251;249;171;180;241;153;173;170;170;178;172;168;144;143;141;155;79;71;6;104;223;203;181;179;159;188;194;106;138;163;149;39;121;153;146;131;190;177;70;164;120;4;3;9;96;211;139;41;43;97;148;184;215;197;175;205;191;206;205;166;124;59;96;151;152;205;209;147;53;11;61;99;90;86;222;150;153;199;173;13;70;193;173;170;166;149;171;159;229;21;25;121;95;159;154;191;248;202;58;9;29;21;13;213;140;184;236;145;133;248;235;153;68;149;254;92;1;14;35;47;39;104;105;74;66;79;9;249;171;3;93;30;2;107;207;137;164;157;212;104;16;29;196;170;230;199;199;214;194;246;163;3;51;162;171;240;213;216;208;230;210;216;215;215;217;217;215;215;217;217;217;216;217;217;218;217;217;217;217;217;217;217;217;217;217;217;217;217;216;216;216;215;215;216;217;217;217;217;217;217;217;216;216;216;216;217;217;217;217;217;217;216;216;216;216;215;215;216;216;216;216;216;216;216;216;216;216;216;216;216;216;216;216;215;215;215;215;215;215;215;215;215;215;215;215;215;215;215;215;215;215;215;214;214;214;214;214;216;216;216;216;216;216;216;216;214;214;214;214;214;214;215;215;214;214;214;213;213;214;214;214;214;214;215;214;214;214;214;215;214;214;214;214;214;214;214;214;215;215;215;215;215;215;215;215;214;214;214;214;214;214
164;20;98;98;85;85;77;112;61;48;84;135;128;135;169;170;145;35;13;142;244;246;181;228;228;236;178;150;200;240;203;142;119;132;225;244;173;93;45;50;101;124;192;157;152;50;199;247;116;167;154;146;177;67;113;137;156;141;137;143;144;144;145;144;148;151;146;144;151;148;144;149;145;153;163;153;149;174;174;169;187;161;162;196;152;177;174;181;196;100;5;254;17;99;51;112;146;36;126;128;33;162;98;88;153;39;245;43;38;115;4;100;251;175;65;24;53;88;102;213;201;110;198;248;132;251;249;240;236;155;157;246;252;229;244;227;229;249;216;136;253;247;147;241;45;126;146;139;162;164;169;160;172;174;164;129;206;213;173;219;253;253;220;164;169;135;165;181;186;173;214;179;84;202;103;38;24;178;246;169;160;180;194;173;99;190;94;31;148;199;110;8;91;107;111;67;203;133;120;179;165;194;106;36;95;174;195;112;17;44;3;10;103;184;151;151;136;121;85;81;125;157;137;125;87;144;154;27;55;29;150;250;35;121;152;108;162;119;29;14;187;184;175;169;151;173;155;191;148;32;25;36;201;186;179;243;185;206;225;231;241;247;240;184;100;138;167;117;250;233;184;56;141;238;163;5;49;44;30;27;87;73;66;62;38;4;249;153;3;106;25;29;90;197;146;162;150;200;103;7;21;201;199;254;251;251;246;253;254;126;11;64;183;216;249;253;220;203;203;213;214;216;216;215;215;217;217;215;217;216;216;216;216;217;216;216;217;217;217;217;217;217;217;217;217;217;217;217;216;216;216;216;217;217;217;217;217;217;217;217;216;216;216;216;217;217;217;217;217;217;217;216;216;216;216;216;216;216;216;216;216;216;216;216;216;216;216;216;216;216;216;216;215;215;215;215;215;215;215;215;215;215;215;215;215;215;215;215;215;215;215;214;214;214;214;214;214;214;214;214;214;214;214;214;215;215;215;214;214;214;214;214;214;214;214;214;214;214;214;214;214;214;215;215;214;214;214;215;214;214;214;214;214;214;214;214;214;214;214;214;214;214;214;214;214;214;214;214;214;214
196;14;90;164;115;43;44;45;79;87;31;39;95;98;95;102;138;140;133;42;20;155;241;246;202;154;242;241;175;153;215;232;207;141;110;157;244;248;171;85;49;79;50;245;200;25;237;209;132;170;158;144;174;69;109;138;154;143;138;141;142;143;145;145;142;144;139;142;153;150;145;154;159;150;156;152;154;178;178;170;167;178;177;154;193;155;213;212;238;85;29;252;22;116;45;113;153;33;147;130;4;159;98;139;166;7;127;44;233;123;10;162;94;100;240;160;55;64;46;223;213;115;206;249;127;240;224;224;244;250;204;140;181;249;242;224;223;243;227;134;249;252;138;242;85;129;172;177;193;165;171;181;198;199;147;207;213;166;215;165;184;225;245;171;157;185;170;144;171;221;147;19;215;186;9;23;254;255;172;156;152;199;202;198;155;158;163;102;57;118;240;133;65;175;129;100;35;116;180;142;104;134;63;29;42;94;57;180;224;120;102;60;35;90;76;98;108;108;134;149;146;180;183;75;36;79;184;178;185;162;87;215;129;2;139;147;138;128;113;113;128;159;179;155;128;140;215;214;252;20;78;208;166;204;218;248;158;82;118;150;127;122;125;221;245;247;164;166;248;218;194;190;111;252;195;1;58;38;58;50;64;84;58;131;95;15;249;188;81;246;130;22;85;190;156;157;146;187;112;25;31;79;62;114;131;118;110;67;74;28;61;68;66;73;139;180;248;253;227;213;213;217;217;214;214;217;218;214;216;216;215;215;216;216;215;215;217;217;217;217;217;217;217;217;216;217;217;217;217;217;218;218;217;217;217;217;217;217;217;217;217;217;217;217;217;217;217;217;217;217;217;217;216;216;216;216;217;217;217;217;216;216;216;216;216;216;216;216;216;216;216;216;216;216;216;216;216;216;216;216;215;215;215;215;215;215;215;215;215;215;215;214;214;214;214;214;214;214;214;214;214;214;214;214;216;216;215;214;214;214;214;214;214;214;214;214;214;214;214;214;214;215;215;215;214;214;214;215;214;214;214;214;214;214;214;214;214;214;214;214;214;214;214;214;214;214;214;214;214;214
189;46;129;117;141;131;91;69;27;56;109;95;95;107;88;105;120;133;160;92;15;10;37;144;241;244;200;227;248;244;167;157;211;247;188;133;124;147;250;242;165;47;59;15;128;52;216;146;159;171;160;155;174;66;114;145;152;145;140;141;143;145;146;147;151;154;146;147;158;153;145;153;164;152;146;135;152;183;182;172;175;165;172;168;189;147;175;189;248;101;6;247;1;125;40;120;160;18;134;143;23;155;64;115;159;59;174;69;91;18;159;209;7;21;251;135;192;149;28;217;193;108;198;249;137;253;235;228;214;227;252;252;200;175;210;249;243;249;197;155;249;252;143;239;120;78;85;80;96;99;113;104;109;145;126;231;248;224;167;205;186;222;250;120;151;164;178;210;213;131;44;196;210;2;60;252;208;147;180;190;167;89;167;184;188;174;160;130;7;50;181;211;87;103;203;196;157;101;168;63;53;100;111;93;172;237;68;2;154;225;144;151;212;194;219;183;163;179;147;143;173;177;7;47;83;99;109;169;195;201;170;20;192;139;7;116;155;148;171;165;152;145;151;139;119;118;217;202;246;99;46;224;180;137;211;249;119;26;12;24;9;14;7;6;9;52;168;230;252;241;120;70;225;254;194;2;49;67;76;70;65;90;106;102;173;153;149;128;138;116;142;83;38;185;137;177;155;176;113;27;56;8;1;11;18;26;31;87;151;171;45;38;45;98;20;3;47;194;230;223;215;216;216;215;215;216;216;215;217;216;216;216;216;216;216;215;217;217;217;217;217;217;217;217;217;217;217;218;218;218;218;218;217;217;217;217;217;217;217;218;217;217;217;217;217;217;217;217;216;216;217;217;217;217;217;217;218;217;217;217;217;216;216;216;216;216;216;216;216;216;216;216;216;216;216;216;216;216;216;216;215;215;215;215;215;215;215;215;215;215;215;214;214;214;214;214;216;216;216;216;216;216;216;216;216;215;215;214;214;214;214;214;214;214;214;214;214;214;214;214;214;215;215;215;214;214;214;215;215;215;215;215;215;215;215;215;215;215;215;215;215;215;215;215;215;215;215;215;215;215
220;92;82;62;81;108;105;93;69;74;88;92;110;108;105;124;126;110;78;229;162;57;14;10;9;147;237;241;228;190;249;245;162;154;231;241;197;135;103;176;243;251;147;100;41;12;252;174;155;163;148;154;166;60;128;144;147;144;142;143;145;145;145;145;146;152;145;144;158;155;147;154;155;153;148;135;152;173;171;177;165;179;167;180;188;150;169;186;250;168;2;253;12;133;38;111;139;46;136;133;32;175;86;76;156;33;177;52;166;122;76;190;21;149;48;18;210;236;116;212;207;134;208;248;126;246;233;225;226;236;225;219;252;234;167;171;226;244;222;152;253;234;138;239;131;151;195;195;196;194;203;232;60;100;109;111;239;229;250;215;203;203;246;248;107;167;203;166;107;98;139;170;40;96;252;170;84;120;172;186;208;4;115;211;178;180;153;116;105;79;150;177;153;14;142;166;170;157;198;104;120;154;165;210;94;143;208;34;31;190;171;0;4;79;88;65;134;168;159;115;142;114;41;154;13;147;177;61;213;184;192;66;124;165;37;41;177;154;158;145;148;112;113;142;135;139;194;194;251;178;21;96;133;67;252;246;128;125;163;198;196;179;162;172;116;8;8;6;148;252;189;62;36;252;252;1;12;43;75;50;46;56;63;39;22;26;6;7;36;47;50;174;149;132;157;162;154;185;141;19;60;67;81;66;62;74;78;59;46;59;86;74;38;90;192;126;59;174;194;235;217;214;214;217;217;214;214;217;217;217;216;216;216;217;216;215;217;217;217;217;217;217;217;217;219;219;218;218;218;218;218;217;217;217;217;217;217;217;218;218;218;218;218;217;217;217;217;216;216;216;216;217;217;217;217;218;218;218;217;217;217;216;216;216;216;216;216;216;216;216;216;216;216;216;216;216;216;216;216;216;215;215;215;215;215;215;215;215;215;215;215;214;214;214;214;214;215;215;215;215;215;215;215;215;215;215;215;214;214;214;214;215;215;214;214;214;214;214;214;215;214;215;215;215;214;214;214;215;215;215;215;215;215;215;215;215;215;215;215;215;215;215;215;215;215;215;215;215;215;215
241;245;164;99;74;70;90;94;75;94;127;136;151;161;150;154;172;133;113;195;236;235;88;58;163;56;37;203;246;245;200;227;241;241;175;164;231;224;183;130;116;185;246;246;146;3;230;214;149;158;155;148;159;69;116;149;140;142;139;138;144;146;145;146;145;151;141;136;148;153;150;153;154;150;151;136;161;168;157;172;167;159;177;191;181;156;173;190;228;251;189;229;1;123;36;130;156;8;101;130;28;173;93;78;171;21;169;54;147;162;16;174;59;252;26;4;142;13;73;245;177;118;201;250;137;246;233;218;221;229;234;233;232;238;242;234;176;216;221;142;252;252;131;239;130;161;191;172;176;181;176;232;84;203;244;131;140;182;226;229;203;193;155;248;241;206;106;114;126;108;97;132;181;200;145;146;179;150;175;214;217;76;189;198;172;231;67;41;196;156;166;205;204;14;19;56;188;96;89;174;116;123;22;37;158;32;45;128;68;97;189;152;127;107;66;76;190;148;162;126;25;119;104;193;122;7;203;35;110;220;223;89;227;166;106;21;182;150;164;132;151;58;69;171;146;153;166;199;251;225;84;154;53;22;229;247;122;106;179;202;203;190;158;241;248;243;157;40;206;249;111;195;137;180;245;16;12;35;65;86;83;78;103;92;98;141;98;98;106;131;156;124;150;204;147;168;160;175;152;42;79;59;64;75;52;66;71;114;77;49;99;100;14;37;132;131;46;153;194;199;223;219;213;217;219;215;215;215;217;217;217;217;218;218;218;218;215;216;217;218;218;219;219;219;219;219;217;215;216;218;217;214;218;218;218;218;218;218;218;218;218;218;217;217;217;217;218;218;217;217;217;217;217;217;217;217;219;218;217;216;216;216;216;217;216;216;216;216;216;216;216;216;216;216;216;216;216;216;216;216;216;216;215;214;214;215;215;215;215;215;215;215;215;215;215;215;213;213;213;213;213;213;213;213;215;215;214;214;214;215;215;216;215;215;215;215;215;215;215;215;215;215;215;215;215;215;215;215;215;215;215;215;215;215;215;215;215;215;215;215;215;215;215;215;215;215;215;215;215;215
184;243;242;133;93;87;71;42;64;97;98;115;95;77;125;125;115;59;224;203;154;185;241;146;191;208;136;24;36;193;249;240;208;215;252;226;145;171;243;246;163;110;103;160;251;238;199;138;151;180;170;150;164;74;116;148;143;144;141;139;142;144;144;147;145;148;141;138;146;146;144;152;152;154;151;129;149;172;165;172;182;179;151;180;186;140;183;192;209;193;247;250;9;154;13;112;147;27;177;152;8;166;83;91;154;39;183;42;146;86;76;216;5;46;31;228;193;4;22;241;194;118;208;247;126;245;232;224;235;227;226;239;230;226;243;234;249;224;72;141;252;240;132;241;124;152;185;174;177;178;169;217;89;182;243;165;249;150;199;246;204;195;225;209;198;94;125;154;87;1;64;205;170;113;153;190;199;150;142;96;10;150;207;172;185;188;2;4;19;42;103;171;174;25;62;168;180;100;50;157;120;17;181;38;132;243;75;4;131;80;156;145;155;203;168;184;191;114;148;144;18;136;121;41;142;48;46;92;82;102;129;68;165;179;73;56;167;126;115;118;113;20;66;183;124;180;201;185;246;200;124;187;97;131;251;225;202;100;107;169;143;153;138;103;162;240;238;148;252;250;112;22;166;253;224;2;31;26;48;80;78;91;83;98;80;101;89;28;139;242;174;195;81;138;186;146;166;174;163;48;55;33;45;65;72;65;64;119;161;188;155;116;41;6;90;93;4;56;218;188;230;220;211;217;220;212;211;220;216;216;217;217;217;217;218;218;219;219;218;218;217;217;217;217;215;216;216;215;216;219;219;218;217;217;217;217;217;217;217;217;218;218;217;217;217;217;218;218;218;218;218;218;218;218;218;218;218;218;217;217;216;216;216;216;217;217;217;217;217;217;217;217;216;216;216;216;216;216;216;216;216;216;215;215;215;215;215;215;215;215;215;215;215;215;215;215;214;214;214;214;214;214;214;214;215;215;214;214;214;215;215;216;215;215;215;215;215;215;215;215;215;215;215;215;215;215;215;215;216;215;215;215;215;215;215;214;215;215;215;215;215;215;215;215;215;215;215;215;215;215
187;247;241;127;111;104;93;68;49;62;50;61;108;124;111;120;89;17;172;241;224;182;112;185;154;151;186;196;117;18;67;215;247;243;203;223;250;224;155;159;245;233;166;107;99;202;252;228;130;113;178;148;166;72;119;134;145;144;142;141;143;144;147;150;151;153;148;147;150;146;146;159;141;149;156;146;159;184;170;170;170;170;163;189;182;149;190;184;237;173;154;254;1;222;92;97;151;23;104;134;21;190;73;73;160;38;183;46;102;146;54;172;55;134;10;190;101;89;24;221;198;120;208;247;132;252;240;216;224;224;228;234;224;223;236;234;226;245;193;134;246;250;138;228;133;155;182;173;173;176;173;213;112;193;248;136;252;251;182;192;233;252;211;134;84;159;149;35;1;109;192;156;194;226;187;169;169;167;185;135;87;197;196;174;210;99;100;173;126;29;7;6;26;7;156;202;151;165;193;193;197;116;194;76;34;236;220;78;111;125;110;135;148;129;122;159;172;147;188;139;22;153;189;125;54;140;93;97;136;10;36;105;48;188;62;140;177;123;134;76;163;91;45;175;127;146;230;228;244;125;133;184;122;111;250;230;245;137;77;176;149;153;162;146;79;218;223;129;246;245;135;59;100;241;161;6;21;30;56;76;106;94;107;98;117;106;79;241;65;170;143;122;186;87;178;149;171;175;169;19;58;122;146;99;89;124;151;143;56;22;19;37;56;36;70;147;105;144;150;182;228;220;211;213;219;214;211;221;216;216;216;217;217;217;217;217;218;218;217;217;217;218;218;219;216;218;218;217;217;218;218;217;217;217;217;217;217;217;217;217;218;218;217;217;217;217;218;218;218;218;218;218;218;218;218;218;218;218;217;217;216;216;216;216;217;217;217;217;217;217;217;217;216;216;216;216;216;216;216;216;216;216;215;215;215;215;215;215;215;215;215;215;215;215;215;215;215;215;215;215;215;215;215;215;215;215;214;214;214;215;215;216;215;215;215;215;215;215;215;215;215;215;215;215;215;215;215;215;216;216;216;215;215;214;214;214;215;215;215;215;215;215;215;215;215;215;215;215;215;215
193;239;242;112;140;123;78;70;61;28;102;130;111;121;116;171;120;132;199;178;247;152;18;48;171;186;157;159;200;191;102;28;81;223;242;244;202;223;250;220;150;176;234;244;138;58;106;231;249;138;132;218;189;63;104;146;151;145;143;145;145;146;149;149;147;149;146;146;147;144;145;155;162;156;155;150;155;173;160;169;161;174;164;180;176;156;179;200;197;252;81;125;1;208;127;83;153;22;105;154;11;189;75;96;152;31;187;37;123;198;8;226;72;122;32;138;10;108;127;198;203;122;201;250;136;233;225;222;233;224;247;224;230;249;217;222;234;253;194;157;251;251;142;239;141;161;183;173;170;176;181;211;104;198;251;131;245;253;251;216;239;197;96;112;194;82;5;2;186;227;169;112;52;82;52;46;56;70;102;131;186;193;170;223;124;12;115;133;196;205;197;146;5;89;232;151;180;203;118;110;169;139;57;3;4;206;168;137;144;122;151;142;136;185;128;156;194;155;184;116;70;181;162;204;147;157;145;140;245;129;52;229;132;135;67;128;216;192;183;182;207;83;3;166;121;76;252;112;226;116;151;196;154;100;234;227;244;203;38;107;167;90;125;165;151;147;88;156;250;252;98;69;137;248;49;28;55;14;27;101;103;96;78;98;128;47;87;240;246;238;124;75;201;75;177;150;141;182;169;31;30;77;102;52;19;43;42;109;67;10;51;57;65;37;52;115;15;156;216;100;220;221;215;209;217;221;214;216;216;216;216;216;217;217;217;217;218;217;217;216;217;218;219;220;218;220;221;220;218;217;217;217;217;217;217;217;217;217;217;217;218;218;217;217;217;217;218;218;218;218;218;218;218;218;218;218;218;218;217;217;217;216;216;216;217;217;217;217;217;217;217;217;216;216;216;216;216;216;216;216;216;216;216;216;215;215;215;215;215;215;215;215;215;215;215;215;215;215;215;215;215;215;215;215;215;215;214;214;214;215;215;216;215;215;215;215;215;215;215;215;215;215;215;215;215;215;215;215;216;215;215;215;215;215;215;214;215;215;215;215;215;215;215;215;215;215;215;215;215;215
193;249;240;153;102;134;128;69;37;103;122;113;117;128;101;82;109;145;225;108;178;89;73;50;18;68;148;187;147;164;200;178;74;27;96;228;241;243;201;222;251;195;159;178;250;236;147;114;142;253;164;2;161;123;109;131;157;147;145;149;148;147;148;145;148;151;150;149;150;151;153;156;149;139;139;141;151;172;163;178;181;167;155;198;165;148;187;201;250;189;88;119;1;66;11;131;135;57;132;141;5;164;80;158;157;8;170;43;120;155;21;192;36;68;47;198;33;54;24;233;186;127;213;239;138;252;235;222;235;232;221;237;231;215;234;236;220;243;209;152;251;246;138;232;132;161;184;177;171;177;184;201;106;194;238;151;251;216;255;249;126;74;160;183;37;4;134;234;214;179;142;167;89;122;169;172;165;166;123;69;206;196;196;86;21;138;114;121;120;54;59;135;110;175;37;119;118;165;119;144;148;206;15;16;148;186;164;158;149;125;203;138;84;209;152;141;180;165;173;78;56;181;166;73;200;216;115;192;164;184;151;183;194;95;82;35;185;133;9;5;22;7;6;151;117;71;247;80;94;225;113;146;184;131;183;234;227;251;187;61;125;190;219;62;227;117;40;182;244;247;127;88;137;254;111;1;70;47;2;109;139;121;131;135;107;103;247;141;188;203;34;102;223;77;171;153;163;177;175;39;6;16;12;51;42;44;26;10;37;73;77;73;72;62;56;37;25;153;142;164;225;222;218;210;216;222;214;215;216;216;216;216;217;217;217;217;220;220;218;217;216;216;217;217;215;217;218;219;218;218;218;220;217;217;217;217;217;217;217;217;218;218;217;217;217;217;218;218;218;218;218;218;218;218;218;218;218;218;218;217;217;216;216;216;216;216;216;216;216;216;216;216;216;216;216;216;216;216;216;216;216;216;216;216;216;216;216;215;215;215;215;215;215;215;215;215;215;215;215;215;215;215;215;215;215;215;214;214;214;215;215;216;215;215;215;215;215;215;215;215;215;215;215;215;215;215;215;215;214;215;215;215;215;215;215;216;215;215;215;215;215;215;215;215;215;215;215;215;215;215
171;252;231;242;136;82;91;76;40;110;109;142;133;141;164;84;80;75;221;224;187;81;67;122;83;40;37;59;135;172;156;182;218;178;81;35;103;235;241;244;202;237;246;193;136;188;252;214;147;169;174;85;3;67;136;133;155;142;142;149;148;147;149;146;140;142;143;143;144;147;149;148;147;150;156;151;165;182;162;162;163;160;165;187;154;148;164;199;246;98;178;226;2;192;62;104;137;38;145;143;13;222;34;78;141;77;189;19;117;160;24;247;65;67;55;176;45;114;46;215;203;111;210;243;143;247;212;228;213;217;248;239;218;234;237;222;229;253;209;156;246;240;141;234;133;165;184;179;175;179;187;200;117;217;240;128;254;251;214;86;105;187;170;18;2;191;235;171;175;173;130;170;199;135;168;189;142;179;106;152;233;208;126;14;139;160;181;191;171;123;110;102;141;124;93;179;117;56;55;119;153;162;8;94;225;92;166;155;71;84;184;140;108;213;131;113;198;169;232;90;36;199;200;56;17;117;92;177;112;59;159;115;152;49;21;11;13;139;104;104;112;31;20;202;180;129;185;219;99;238;243;136;152;117;209;244;207;228;239;104;116;239;247;25;228;91;55;194;245;225;118;85;126;200;247;85;13;60;2;116;138;102;126;109;103;108;249;190;239;74;59;107;203;72;156;132;138;160;137;127;60;48;73;66;50;74;82;82;88;74;75;69;94;68;67;85;51;225;148;160;239;220;217;215;216;217;211;219;216;216;216;217;217;217;217;217;218;218;218;217;217;217;218;218;216;215;216;217;217;216;216;218;217;217;217;217;217;217;217;217;218;218;217;217;217;217;218;218;217;217;217;217;217;217;217;217;218;218;218;217;217;216;216;215;216;216;216;216;216;216;216;216;216;216;216;216;216;216;216;216;216;216;217;217;216;216;216;215;215;215;215;215;215;215;215;215;215;215;215;215;215;215;215;215;215;215;214;214;214;215;215;216;215;215;215;215;215;215;215;215;215;215;215;215;215;215;215;215;214;214;214;215;215;216;216;216;215;215;215;215;215;215;215;215;215;215;215;215;215;215
191;247;198;177;245;219;92;44;31;125;103;126;129;102;125;143;89;105;180;190;227;164;58;96;92;118;98;87;61;60;147;138;131;149;201;179;69;48;117;230;247;231;200;249;253;200;165;219;222;121;162;232;133;34;143;129;150;137;140;148;143;143;148;148;146;144;148;152;151;150;152;153;137;141;142;125;150;175;163;162;165;146;180;170;120;141;175;201;223;176;220;222;6;245;88;124;138;37;66;158;45;207;22;111;142;35;195;21;128;160;6;245;47;47;55;174;35;119;54;222;191;121;219;242;133;251;245;236;248;231;228;230;227;229;230;233;226;246;205;162;252;241;141;235;147;173;180;179;179;176;187;204;117;204;239;177;247;166;63;150;208;169;1;1;198;210;156;168;174;172;133;158;197;178;155;185;173;148;115;197;228;205;74;99;151;168;138;117;107;141;136;167;150;100;143;176;101;16;48;71;138;76;16;86;238;115;75;118;107;71;89;122;140;184;124;84;186;170;153;204;54;159;165;249;6;16;206;113;154;178;176;152;120;129;5;19;129;225;239;214;179;165;101;160;124;115;125;247;183;180;243;245;175;84;200;251;222;211;245;105;67;245;232;18;229;89;52;188;243;251;174;116;98;181;244;252;18;8;9;111;155;143;146;152;112;89;248;203;212;69;105;123;213;94;171;160;132;184;177;116;169;64;69;79;55;65;75;79;75;73;84;84;85;95;101;78;8;212;177;197;242;214;216;217;214;216;212;219;216;216;217;217;217;217;218;218;215;216;216;217;218;219;220;220;218;216;215;217;217;216;216;217;217;217;217;217;217;217;217;217;218;218;217;217;217;217;218;218;217;217;217;217;217;217;217;217;217;218;218;218;217;217;216;215;216;216;216;216;216;216;216;216;216;216;216;216;216;216;216;216;216;216;217;217;217;216;216;215;215;215;215;215;215;215;215;215;215;215;215;215;215;215;215;215;215;215;214;214;214;215;215;216;215;215;215;215;215;215;215;215;215;215;215;215;215;215;215;215;214;215;215;215;215;215;215;216;215;215;215;215;215;215;215;215;215;215;215;215;215;215
190;245;217;183;207;243;121;85;25;114;104;128;140;123;131;151;101;75;172;207;195;209;36;92;134;91;47;60;108;72;28;70;111;131;107;126;183;152;61;46;127;246;247;223;207;244;242;220;120;163;154;151;170;42;117;143;151;138;141;147;138;135;143;145;150;144;150;158;155;149;151;155;157;156;150;127;159;183;175;181;189;172;185;181;145;146;202;214;251;195;86;130;1;142;17;129;121;62;35;119;5;173;75;150;146;8;173;17;157;156;11;245;53;53;75;183;23;119;37;231;187;134;208;241;135;249;234;137;191;252;242;217;227;233;232;224;223;249;201;157;248;241;140;223;153;174;176;179;181;171;179;197;116;226;250;111;120;65;173;207;141;1;62;204;203;162;177;178;170;190;130;164;193;168;164;184;177;101;157;188;181;95;77;156;152;170;123;133;157;160;145;146;155;137;167;126;58;116;71;83;195;82;102;86;101;112;106;66;18;22;30;108;130;107;91;93;142;125;107;223;190;92;67;186;118;244;135;30;180;161;66;130;145;45;12;97;159;130;104;93;64;92;46;100;144;88;136;243;109;114;94;197;246;134;183;235;213;241;248;106;99;246;242;71;174;95;95;205;245;127;96;66;227;231;138;254;168;7;7;92;166;139;169;177;110;114;251;242;226;57;94;94;182;96;196;147;172;216;178;83;157;110;43;35;61;80;56;52;61;68;82;100;98;83;88;71;51;206;159;211;233;208;217;216;211;221;218;216;217;217;217;217;218;218;218;218;217;217;218;218;218;218;218;217;216;214;213;216;219;220;221;222;218;218;218;218;218;218;218;218;218;218;217;217;217;217;218;218;218;218;218;218;218;218;218;218;217;217;218;218;217;217;216;215;217;217;217;217;217;217;217;217;216;216;216;216;216;216;216;216;216;216;217;217;217;217;216;215;215;215;215;215;215;215;215;215;215;215;215;215;215;215;215;215;215;215;214;214;214;215;215;216;215;215;215;215;215;215;215;215;215;215;215;215;215;215;215;215;215;215;215;215;215;215;215;215;215;215;215;215;215;215;215;215;215;215;215;215;215;215
176;251;221;225;186;76;107;131;97;129;124;121;136;120;131;124;108;90;191;184;191;209;70;88;131;119;76;40;51;64;84;74;81;107;107;116;88;141;155;109;8;22;150;248;253;246;236;248;131;165;163;158;170;64;117;145;147;144;142;136;141;132;138;142;139;142;146;143;139;142;145;147;140;152;154;144;171;172;153;157;156;195;149;163;182;152;131;196;250;100;19;54;13;91;0;154;122;27;172;199;5;154;38;136;127;60;188;12;108;147;30;246;49;37;91;181;10;127;41;220;200;126;218;244;135;239;245;232;156;158;239;249;233;227;226;223;222;252;199;165;251;235;146;230;145;179;181;180;177;175;189;203;181;229;128;144;99;149;215;115;1;152;253;173;146;185;169;176;163;173;152;157;189;173;152;164;172;126;177;187;133;73;159;148;170;135;153;196;140;153;169;174;180;163;172;171;179;167;115;106;127;122;164;144;142;135;116;101;123;158;144;158;152;111;103;121;89;35;86;135;169;211;232;190;35;133;9;58;128;9;8;134;85;48;74;126;139;141;118;113;139;127;100;138;187;47;150;198;47;101;64;7;122;156;187;246;218;242;206;229;241;238;241;241;239;78;70;209;248;16;12;4;140;254;211;187;237;12;12;80;100;74;93;114;122;109;248;243;218;86;110;145;204;109;168;164;187;104;137;153;135;144;144;78;7;97;88;103;109;122;116;60;70;83;66;91;41;206;157;205;228;209;218;218;209;226;214;213;218;219;215;215;222;212;221;217;213;213;215;213;215;212;211;211;214;216;215;220;222;208;219;217;218;218;218;218;218;218;218;218;218;217;217;216;216;217;218;219;218;218;218;218;218;218;218;218;218;217;217;217;217;216;216;216;218;218;217;217;217;217;217;217;216;216;216;216;216;216;216;216;218;217;217;216;216;216;216;216;215;215;215;215;215;215;215;215;215;215;215;215;215;215;215;215;215;215;214;214;214;215;215;216;216;216;216;216;216;216;216;216;214;214;214;214;214;214;214;214;215;215;215;215;215;215;215;215;216;216;216;216;215;215;215;215;214;214;214;214;214;214
173;248;237;232;75;74;122;112;30;117;160;122;145;135;157;107;115;105;218;183;155;214;93;77;80;123;100;76;65;48;75;93;99;67;73;110;120;103;62;159;218;22;7;24;135;219;250;250;131;176;153;156;144;82;118;147;156;139;151;142;135;152;144;151;142;145;142;149;145;136;145;147;151;145;145;139;164;162;152;179;166;174;185;159;156;174;120;195;242;50;249;190;1;255;53;122;149;30;66;110;34;241;36;59;146;59;183;16;118;135;31;231;97;43;63;158;19;122;25;239;185;114;229;238;133;245;227;240;247;210;155;185;253;242;223;234;227;245;195;164;253;234;139;230;143;182;179;177;178;189;212;230;169;68;83;147;147;196;55;3;222;253;252;125;173;183;176;163;186;188;158;148;184;205;180;139;159;139;132;164;148;135;152;153;153;159;172;163;167;184;181;181;189;167;155;185;173;166;189;214;202;195;177;173;171;170;161;141;121;167;179;189;198;206;196;178;157;121;97;72;77;97;79;50;27;61;104;84;79;86;93;61;59;109;135;155;129;118;134;140;151;142;128;139;188;65;203;168;116;172;161;82;59;129;207;249;215;151;199;222;229;215;212;226;247;82;87;208;246;61;34;29;206;211;236;228;237;62;42;90;83;38;62;39;67;26;146;247;221;107;183;173;236;109;201;124;112;72;154;182;145;154;172;237;156;83;116;139;108;131;90;27;35;36;78;77;6;128;204;188;245;205;213;220;208;217;215;220;218;217;218;217;221;217;216;221;226;230;230;237;227;239;240;238;243;237;249;248;235;227;214;217;218;218;218;218;218;218;218;218;218;217;217;217;217;217;218;218;218;218;218;218;218;218;218;218;218;218;218;218;217;217;217;217;218;218;217;217;217;217;217;217;217;217;217;217;217;217;217;217;218;217;217;216;216;216;216;216;215;215;215;215;215;215;215;215;215;215;215;215;215;215;215;215;215;215;214;214;214;215;215;216;216;216;216;216;216;216;216;216;215;215;215;215;215;215;215;215;215;215;215;215;215;215;215;215;216;216;216;216;215;215;215;215;215;215;215;215;215;215
143;230;246;226;118;120;80;70;35;35;66;121;147;123;136;130;92;170;161;197;106;246;218;139;66;62;84;103;95;64;100;126;144;131;124;155;144;156;93;154;240;247;171;25;83;100;174;234;141;175;149;159;149;46;123;156;147;114;143;146;125;139;138;139;135;156;137;137;150;144;149;151;147;148;152;136;164;177;155;161;160;181;193;147;151;149;200;243;120;118;251;65;10;165;183;75;32;135;81;124;5;200;45;82;153;4;179;17;117;136;24;231;75;38;85;147;8;119;43;225;193;138;216;227;135;248;213;235;224;237;253;184;137;211;250;245;212;247;204;162;251;232;155;221;155;187;176;175;196;250;162;81;86;145;217;98;100;25;80;252;254;231;252;151;181;168;169;182;167;165;149;139;150;179;179;142;149;178;169;158;163;177;182;185;155;168;164;179;189;182;188;167;180;198;162;164;189;208;207;175;137;93;87;76;59;95;76;76;101;76;64;66;73;98;106;117;117;151;167;159;138;134;111;121;135;122;105;78;104;83;74;113;113;129;119;135;109;136;171;128;125;130;126;145;205;143;234;135;123;151;138;145;175;108;206;248;168;192;236;206;226;217;212;216;245;101;121;229;246;42;80;64;250;253;206;205;251;144;4;56;111;92;81;116;69;40;166;205;228;125;140;138;245;121;219;107;55;143;151;129;162;166;195;162;228;87;15;27;16;14;48;62;64;49;63;40;60;141;184;224;230;206;214;216;219;214;209;229;213;221;225;211;214;225;214;216;221;196;209;221;204;201;205;199;197;197;145;16;199;234;224;219;218;218;218;218;218;218;218;218;217;217;217;218;218;218;218;218;218;218;218;218;218;218;218;218;219;219;219;218;218;218;218;218;218;218;217;217;217;217;217;217;217;217;217;217;217;217;217;217;218;217;217;216;216;216;216;216;216;216;216;216;216;216;216;216;216;216;216;216;216;216;216;216;215;215;215;214;214;215;215;216;216;216;216;216;216;216;216;216;216;216;216;216;216;216;216;216;215;215;215;215;215;215;215;215;216;216;216;216;215;215;215;215;216;216;216;216;216;216
157;140;245;237;91;133;125;62;103;105;112;147;119;118;126;107;117;192;162;164;134;240;244;243;110;89;86;53;50;96;116;128;118;132;155;147;155;107;166;214;122;172;235;233;252;245;222;176;137;177;167;137;148;40;115;136;139;128;126;128;140;134;130;133;127;135;123;133;148;136;132;141;146;134;136;124;154;168;155;172;155;160;191;158;134;120;216;190;6;212;137;58;49;126;87;77;2;188;97;87;8;113;26;227;126;4;139;29;126;133;41;236;60;29;80;155;11;112;24;217;199;120;235;246;134;248;231;215;220;227;227;249;251;165;139;240;252;250;190;162;250;244;147;223;155;177;173;206;246;62;75;122;128;148;170;10;37;201;252;248;223;243;243;69;140;203;162;157;188;166;143;135;123;135;139;120;107;107;122;109;129;142;173;180;190;165;186;182;188;176;174;179;178;182;212;213;174;132;98;58;80;106;147;175;98;75;144;133;161;143;156;154;144;141;93;72;59;60;75;102;118;159;155;139;150;147;150;145;131;146;137;148;152;130;152;140;112;158;153;158;131;149;136;140;142;131;233;90;119;142;149;165;159;95;212;243;185;219;238;223;219;225;215;214;245;121;122;227;244;19;116;125;134;222;253;254;244;254;172;1;103;122;70;103;56;19;243;249;222;112;126;142;245;112;100;208;132;133;178;184;166;245;91;7;43;17;87;95;72;84;96;92;125;84;84;55;63;237;63;198;240;207;219;219;216;220;220;207;216;210;216;216;218;207;212;240;178;152;169;163;116;160;180;155;103;173;172;110;185;227;216;221;219;219;219;218;218;218;218;218;217;217;218;219;219;218;218;217;218;218;218;218;218;218;218;218;219;219;219;218;218;218;218;218;218;218;217;217;217;217;217;217;217;217;217;217;217;217;217;217;218;217;217;216;216;216;216;216;216;216;216;216;216;216;216;216;216;216;216;216;216;216;216;216;216;215;215;215;215;215;216;216;216;216;216;216;216;216;216;216;216;216;216;216;216;216;216;216;215;215;215;215;215;215;215;215;216;216;216;216;215;215;215;215;216;216;216;216;216;216
244;232;234;187;101;141;105;94;150;147;152;138;141;160;154;133;144;147;160;111;175;147;251;242;126;93;100;92;39;84;72;63;90;117;113;88;128;33;160;230;193;151;190;252;223;226;228;184;135;170;139;166;152;20;46;93;116;115;108;108;101;109;120;118;136;122;138;137;119;125;130;124;126;129;141;125;142;152;144;160;112;174;173;132;134;134;94;135;100;241;208;69;22;154;112;126;7;181;189;202;61;106;55;87;53;127;228;4;73;136;57;207;72;70;58;102;14;189;38;169;176;172;181;249;153;240;218;234;225;212;232;226;229;243;225;152;178;243;237;165;253;235;139;235;138;194;204;239;8;47;129;125;109;187;11;47;249;254;241;216;224;233;248;66;148;189;172;183;186;175;156;161;165;185;197;195;185;154;156;157;162;162;139;92;193;197;180;184;176;183;169;179;202;239;183;92;90;114;124;178;167;174;157;190;136;76;209;159;166;167;177;159;161;186;153;142;166;108;95;101;73;77;116;145;140;134;149;178;179;156;161;141;143;153;197;175;98;113;144;170;149;138;113;142;146;116;250;92;101;170;155;169;168;102;202;247;204;244;203;231;208;210;237;214;245;115;102;220;245;33;44;44;9;2;6;83;246;251;243;202;36;121;104;100;60;18;249;243;204;112;147;123;251;252;124;50;123;123;175;249;194;21;8;33;55;66;71;82;111;80;91;117;92;88;108;59;38;229;161;171;230;224;223;207;216;217;216;223;215;223;220;211;225;222;225;210;239;246;247;248;177;247;245;224;193;248;248;244;235;220;212;216;219;219;219;219;218;218;218;218;217;217;218;219;219;219;218;217;218;218;218;218;218;218;218;218;218;218;218;218;218;218;218;218;218;218;217;217;217;217;217;217;216;216;216;216;216;216;216;216;218;217;217;216;216;216;216;216;216;216;216;216;216;216;216;216;216;216;216;216;216;216;216;216;216;216;215;215;215;215;216;216;216;216;216;216;216;216;216;216;216;216;216;216;216;216;216;216;214;214;214;214;214;214;214;214;216;216;216;216;215;215;215;215;216;216;216;216;216;216
171;227;245;240;92;141;110;67;105;130;146;152;155;140;121;132;104;89;40;235;117;146;249;243;123;110;108;94;45;39;67;118;129;111;125;160;133;72;149;224;209;247;245;217;218;244;209;194;135;163;173;138;44;11;32;36;59;41;37;62;55;77;71;70;64;90;121;127;139;140;126;152;135;144;144;119;134;153;155;158;128;197;149;133;101;195;236;170;8;175;250;7;3;50;149;24;2;63;161;170;155;143;113;92;124;12;169;37;181;124;33;206;69;55;70;160;8;94;51;143;43;154;168;140;160;251;229;216;221;227;221;222;239;219;241;248;208;156;108;189;251;223;155;206;182;206;203;38;43;146;113;111;106;100;32;227;254;180;201;252;236;240;245;107;178;169;156;160;177;175;158;166;164;170;177;192;185;179;184;173;182;199;197;164;137;213;180;189;182;174;199;224;158;68;32;123;167;173;169;174;158;165;186;195;162;87;195;170;163;164;165;150;147;157;132;134;174;168;177;171;159;142;113;69;118;168;121;125;137;165;159;149;155;166;164;195;184;123;103;128;130;146;109;128;195;162;233;192;75;156;180;183;181;93;229;241;214;231;135;228;227;148;199;233;249;119;108;222;248;111;196;213;206;162;209;75;2;150;253;253;192;85;63;120;34;61;251;159;206;112;140;136;246;247;247;40;91;225;212;114;47;14;66;96;71;81;85;56;83;83;79;82;94;110;87;54;56;224;153;233;226;209;217;217;209;211;220;221;218;218;212;211;214;207;222;218;210;205;211;228;184;178;187;164;225;227;200;223;215;214;228;215;220;220;219;219;218;218;217;217;217;218;219;219;219;219;218;218;218;218;218;218;218;218;218;218;217;217;217;217;217;217;217;217;218;218;217;217;217;217;217;217;216;216;216;216;216;216;216;216;218;217;217;216;216;216;216;216;216;216;216;216;216;216;216;216;216;216;216;216;216;216;216;216;217;216;216;215;215;215;216;216;216;216;216;216;216;216;216;216;215;215;215;215;215;215;215;215;214;214;214;214;214;214;214;214;216;216;216;216;215;215;215;215;215;215;215;215;215;215
100;87;102;108;118;128;95;61;51;49;74;45;55;184;119;104;99;192;198;202;147;145;250;249;109;113;149;116;39;59;123;128;107;118;91;107;126;143;236;106;175;245;243;212;213;229;229;173;145;159;190;59;118;220;194;213;195;222;215;218;215;195;184;202;116;43;15;20;23;35;41;43;55;47;44;54;78;76;76;81;92;134;63;86;80;99;136;45;7;223;244;4;6;43;88;24;7;106;130;147;156;144;196;73;165;24;137;19;173;58;93;203;17;27;122;137;24;127;54;209;55;43;122;213;148;173;241;246;216;206;236;220;214;224;220;221;242;249;75;166;254;224;130;253;131;146;119;10;153;124;109;91;186;179;252;191;246;222;170;173;250;245;241;140;161;171;178;172;183;169;147;170;173;173;171;187;181;179;196;185;188;166;188;199;154;159;192;166;187;218;184;63;60;119;147;166;169;165;180;169;180;167;155;176;167;96;201;161;150;159;163;163;161;170;157;152;164;173;171;161;166;161;159;156;90;71;161;151;120;117;171;210;178;158;158;147;168;182;135;96;128;140;113;113;155;129;117;248;153;152;182;172;149;95;217;244;235;179;144;235;230;160;176;238;249;136;87;209;238;101;213;177;181;177;117;251;196;8;73;246;251;237;75;66;73;45;247;191;217;137;158;133;246;218;251;107;91;238;245;9;80;89;81;103;27;65;132;97;80;91;98;93;92;102;95;51;36;244;124;221;234;218;206;218;235;233;212;207;214;213;215;233;238;250;239;215;218;226;222;224;240;46;116;229;223;215;213;228;232;212;220;219;220;220;220;219;218;218;217;217;218;218;219;219;219;219;219;218;218;218;218;218;218;218;218;218;217;217;217;217;217;217;217;217;218;218;217;217;217;217;217;217;216;216;216;216;216;216;216;216;218;217;217;216;216;216;216;216;216;216;216;216;216;216;216;216;216;216;216;216;216;216;216;216;217;217;216;215;215;215;216;216;216;216;216;216;216;216;216;216;215;215;215;215;215;215;215;215;214;214;214;214;214;214;214;214;216;216;216;216;215;215;215;215;215;215;215;215;215;215
21;21;13;18;30;175;123;102;129;144;134;157;92;184;240;242;244;220;51;215;125;159;248;246;171;82;88;118;40;94;119;119;155;149;184;126;126;70;208;219;154;173;235;244;239;226;210;198;145;164;178;30;83;109;105;105;110;120;124;130;143;143;177;101;105;161;177;154;136;117;101;106;111;105;90;90;110;112;124;126;114;148;184;156;179;228;184;191;192;229;211;207;172;225;147;207;63;108;146;61;112;170;157;170;229;60;116;47;103;26;189;140;34;12;75;109;28;155;56;246;239;145;17;68;162;197;143;216;252;247;217;225;234;226;228;221;219;247;209;159;252;234;193;171;78;200;17;108;133;103;112;125;165;252;207;154;246;242;249;196;152;227;248;132;164;172;150;175;184;170;149;168;166;172;172;181;190;173;172;177;191;180;191;185;169;176;183;222;201;127;48;131;180;185;172;151;190;157;167;171;169;167;157;200;167;93;214;169;170;159;154;171;165;160;162;165;165;164;156;162;168;152;147;161;144;96;71;99;142;141;102;145;186;178;157;157;167;176;195;145;114;134;147;117;129;203;148;166;157;160;182;182;175;115;233;246;203;169;179;238;212;170;179;230;248;191;102;230;245;90;152;121;143;251;223;46;213;250;2;15;253;250;248;176;94;60;240;183;196;70;96;111;249;252;236;120;96;227;245;25;70;90;67;68;74;54;63;64;72;65;77;66;72;83;100;52;42;212;142;229;225;220;220;237;242;248;237;232;215;209;219;233;188;193;204;244;213;218;222;205;249;101;237;246;214;219;225;214;213;220;209;211;220;220;220;219;218;218;217;217;218;218;219;219;219;219;219;219;218;218;218;218;218;218;218;218;217;217;217;218;218;218;218;218;218;218;217;217;217;217;217;217;217;217;217;217;217;217;217;217;218;217;217;216;216;216;216;216;216;216;216;216;216;216;216;216;216;216;216;216;216;216;216;216;217;217;216;216;215;216;216;216;216;216;216;216;216;216;216;216;215;215;215;215;215;215;215;215;215;215;215;215;215;215;215;215;216;216;216;216;215;215;215;215;215;215;215;215;215;215
135;142;144;53;47;193;100;97;124;150;160;161;104;115;210;218;244;169;51;228;129;131;250;217;246;244;114;86;30;87;116;124;129;111;132;175;119;86;173;205;199;198;129;150;244;248;238;155;126;177;160;46;86;113;115;139;144;150;188;182;180;208;208;107;101;67;63;103;149;167;175;182;181;194;199;199;199;192;194;195;186;162;193;134;87;108;136;129;103;138;158;170;185;170;67;186;247;215;156;169;98;56;139;159;170;149;196;90;124;93;73;110;142;127;19;126;44;130;37;128;164;224;224;94;16;103;209;111;150;218;250;246;216;229;230;223;215;251;172;181;254;251;87;56;209;44;21;146;102;113;52;180;172;233;193;172;245;218;232;252;244;164;159;140;163;171;187;166;174;174;157;166;162;161;169;180;182;182;188;178;180;179;180;179;188;163;169;177;61;99;190;171;174;175;181;132;188;175;172;163;169;169;146;187;172;104;187;166;161;160;158;158;178;162;134;164;154;164;163;165;163;161;172;170;116;141;165;132;104;125;152;120;112;170;187;169;152;143;161;159;134;146;146;116;106;145;164;137;132;141;149;152;153;100;239;243;157;201;157;233;237;161;172;236;240;227;129;246;239;98;130;156;156;132;246;252;77;125;247;9;4;245;251;254;137;51;251;200;172;44;80;89;210;165;248;108;96;240;245;15;62;76;50;44;50;72;48;58;61;68;81;58;85;85;96;75;46;218;142;217;230;193;250;169;8;27;188;232;218;201;227;231;53;3;52;237;239;205;208;216;248;88;217;228;213;214;215;214;216;221;225;227;219;219;219;219;219;219;219;219;219;219;219;219;219;219;219;219;220;219;218;219;219;219;219;218;219;219;219;219;218;218;218;218;218;218;219;219;219;218;217;217;218;218;218;218;218;218;218;218;217;217;217;217;217;217;216;216;217;217;217;217;216;216;216;216;216;216;216;216;216;216;216;216;215;215;215;215;215;215;215;215;216;216;216;216;216;216;217;217;216;216;216;216;216;216;216;216;216;216;216;216;216;216;216;216;217;217;216;216;215;215;216;216;216;216;216;216;216;216
120;150;175;72;73;200;92;86;133;127;124;148;161;208;198;157;230;186;76;225;130;135;249;223;170;240;238;103;14;110;125;141;148;149;116;150;131;100;157;198;168;240;252;187;113;131;238;235;177;148;169;39;67;147;110;127;146;147;130;123;140;150;104;86;165;176;163;135;116;106;106;113;89;87;103;125;122;103;111;107;95;98;71;152;151;131;152;158;165;168;173;174;160;180;157;139;171;242;247;192;169;107;70;109;142;146;151;163;123;120;62;148;45;113;42;131;11;57;61;198;4;84;251;246;170;70;37;67;206;173;163;242;252;229;210;229;212;254;186;188;216;67;90;216;88;17;147;185;146;61;156;226;127;241;204;169;245;233;239;216;238;252;191;129;175;153;169;170;174;172;162;170;168;168;171;180;191;174;181;181;188;167;170;177;169;182;158;42;124;178;141;164;155;152;181;131;151;187;178;166;171;164;159;171;178;124;182;161;160;168;163;152;174;164;118;160;163;160;161;157;160;160;178;169;91;161;172;158;162;136;79;146;153;120;158;178;178;161;151;138;170;170;171;171;172;176;181;184;181;174;172;159;148;96;244;241;158;196;194;239;222;215;231;216;192;249;132;245;248;81;208;242;246;187;117;205;248;158;72;253;59;3;189;251;250;183;240;190;196;69;65;97;237;7;233;106;86;215;252;5;60;65;79;44;48;62;62;65;63;58;94;77;52;68;95;56;41;236;149;210;233;214;250;145;19;43;202;246;206;218;230;243;84;59;79;251;223;215;218;222;245;89;220;233;216;218;220;219;218;219;218;217;218;218;219;219;219;219;219;219;219;219;219;219;219;219;219;219;220;219;218;219;219;219;219;218;219;219;219;219;218;218;218;218;218;218;219;219;219;218;217;217;218;218;218;218;218;218;218;218;218;218;218;217;217;217;217;217;216;216;216;216;217;217;217;217;216;216;216;216;216;216;216;216;215;215;215;215;215;215;215;215;216;216;216;216;216;216;216;216;216;216;216;216;216;215;215;215;215;215;215;215;215;215;215;215;217;217;216;216;215;215;216;216;216;216;216;216;216;216
162;158;173;77;85;184;97;73;110;96;177;151;171;120;180;229;240;170;59;229;131;134;237;231;211;213;87;118;103;103;146;121;138;153;139;145;124;100;173;204;158;245;224;239;253;181;60;37;183;205;194;65;74;135;143;146;147;151;172;176;177;212;144;81;31;60;83;110;140;153;159;177;170;168;173;196;186;150;159;170;162;187;158;177;194;187;163;131;123;145;187;193;193;139;222;249;165;98;148;202;238;206;161;116;69;91;152;130;209;248;150;95;60;25;95;199;37;38;71;222;7;99;53;181;245;246;139;86;26;168;202;149;176;245;248;218;210;254;190;101;102;61;201;124;19;131;217;61;211;148;204;217;113;242;200;173;243;215;238;234;233;241;246;141;155;176;171;179;180;173;168;168;165;170;169;178;187;174;181;173;184;170;180;176;163;190;182;92;148;152;153;152;159;151;175;154;146;186;172;170;171;179;167;168;186;135;142;169;156;151;156;163;173;166;138;163;165;164;163;149;162;169;166;123;123;174;141;163;152;162;153;77;116;172;116;143;177;172;136;164;158;164;162;166;174;164;155;166;169;161;172;166;157;99;247;230;153;238;184;40;34;56;229;235;153;240;188;240;249;39;47;169;243;242;203;126;141;250;190;38;253;137;4;134;252;249;228;159;141;150;74;111;243;24;185;60;107;87;252;91;25;87;75;86;53;53;57;84;128;96;95;75;69;73;84;54;45;233;149;210;233;205;254;132;55;58;198;248;212;205;230;234;57;52;84;247;227;206;222;205;247;100;217;234;215;218;220;220;219;219;217;215;218;218;219;219;219;219;219;219;219;219;219;219;219;219;219;219;220;219;218;219;219;219;219;218;219;219;219;219;218;218;218;218;218;218;219;219;219;218;217;217;217;217;217;217;217;217;217;217;218;218;218;218;218;217;217;217;216;216;216;216;217;217;217;217;216;216;216;216;216;216;216;216;216;216;216;216;216;216;216;216;215;215;215;215;216;216;216;216;216;216;216;215;215;215;215;215;216;216;216;216;216;216;216;216;217;217;216;216;215;215;216;216;216;216;216;216;216;216
108;111;140;70;72;192;153;71;80;147;149;110;57;34;202;204;246;181;70;225;125;134;249;241;217;77;72;153;96;51;162;157;112;140;143;143;148;101;198;193;176;216;237;228;218;247;247;114;2;40;145;149;146;142;155;166;164;170;181;163;187;204;158;132;161;137;111;111;106;92;86;104;148;142;111;133;146;130;124;133;137;150;178;107;126;164;156;159;162;170;188;186;184;165;210;171;234;245;118;89;206;235;242;200;172;91;34;74;152;223;245;222;72;82;85;99;43;206;142;96;78;248;8;51;51;210;251;184;161;11;70;211;178;157;207;248;254;186;83;163;91;155;157;58;136;196;121;45;181;201;215;191;115;246;194;169;250;229;240;226;218;230;245;143;155;172;167;170;174;166;169;166;164;172;170;177;171;173;182;173;176;172;180;165;177;181;165;97;152;144;156;173;159;175;172;173;166;175;176;172;166;169;166;182;228;169;164;200;195;202;203;194;188;178;170;157;148;154;158;157;172;172;163;143;165;168;151;171;164;142;160;166;93;95;172;138;125;155;158;151;163;174;170;165;171;167;157;158;162;156;165;161;160;96;248;235;175;224;74;132;183;142;135;241;158;205;240;191;251;249;77;49;127;238;244;229;140;105;249;244;52;222;199;8;41;247;253;223;165;104;23;71;191;24;205;111;129;136;240;221;28;78;68;66;52;69;56;47;74;74;77;55;56;71;94;44;25;240;159;212;216;207;254;80;41;45;202;231;195;204;253;219;15;53;57;226;224;222;218;215;248;88;221;229;215;217;218;218;218;219;219;219;220;220;219;219;219;219;219;219;219;219;219;219;219;219;219;219;220;219;218;219;219;219;219;218;219;219;219;219;218;218;218;218;218;218;219;219;219;218;217;217;217;217;217;217;217;217;217;217;217;217;217;217;217;217;217;217;216;216;216;216;217;217;217;217;216;216;216;216;216;216;216;216;216;216;216;216;216;216;216;216;215;215;215;215;215;215;216;216;215;216;216;216;216;216;216;216;216;216;216;216;216;216;216;216;217;217;216;216;215;215;216;216;216;216;216;216;216;216
159;155;174;130;83;210;165;59;100;215;80;47;67;130;170;121;169;128;111;217;132;73;246;245;206;109;131;67;60;41;64;139;139;123;139;158;116;152;194;182;137;248;236;216;222;210;240;220;199;74;9;24;157;181;140;180;190;182;213;213;210;200;180;133;132;127;128;140;139;152;152;146;159;173;133;152;174;178;151;156;165;159;167;130;150;180;176;195;203;149;182;195;180;159;247;218;177;172;211;173;69;94;195;243;220;183;111;115;85;45;203;155;120;217;104;75;6;33;155;210;92;68;57;250;33;15;194;20;248;227;44;6;113;191;162;199;137;96;154;81;103;188;96;124;147;99;205;163;160;180;209;198;118;244;199;181;251;217;226;237;230;249;242;143;171;171;172;175;178;173;185;183;183;190;188;188;196;192;191;196;185;177;187;187;181;184;195;85;147;153;167;167;167;183;175;181;175;158;192;200;225;236;218;216;189;160;168;171;163;157;162;176;203;180;180;203;196;197;170;157;168;174;149;141;184;162;156;130;155;168;145;163;165;111;85;115;127;154;169;170;171;169;168;169;170;168;166;166;168;163;162;158;164;93;245;243;232;96;51;214;203;214;167;220;203;171;228;222;222;243;135;109;153;83;192;249;248;129;90;246;245;87;165;221;16;8;254;252;244;189;10;21;158;74;64;101;114;176;250;62;29;114;65;69;63;79;86;85;51;63;77;66;68;41;88;68;30;224;150;233;254;247;249;19;108;35;188;251;255;251;244;149;1;118;64;237;253;235;242;216;247;103;218;229;217;219;219;217;217;218;219;218;221;221;221;220;220;219;219;219;218;218;218;218;218;218;218;218;220;219;218;219;219;219;219;218;219;219;219;219;218;218;218;218;218;218;219;219;219;218;217;217;217;217;217;217;217;217;217;217;216;216;216;216;217;217;217;217;217;217;217;217;216;216;216;216;216;216;216;216;216;216;216;216;216;216;216;216;216;216;216;216;215;215;215;215;215;215;216;216;215;216;216;216;217;217;217;218;216;216;216;216;216;216;216;216;217;217;216;216;215;215;216;216;216;216;216;216;216;216
107;118;160;163;86;208;149;53;138;165;63;71;228;220;109;137;72;138;162;170;203;166;154;246;222;101;155;112;92;132;135;131;139;145;148;138;135;203;177;178;161;252;219;230;220;234;229;174;150;216;167;33;11;49;60;67;69;51;55;86;87;75;112;155;155;157;155;153;141;170;177;161;149;164;169;195;178;185;166;151;159;157;140;144;187;206;189;176;209;198;181;211;208;205;243;217;243;188;158;215;239;156;64;98;184;226;226;160;159;109;62;144;132;163;157;124;115;12;82;199;113;187;64;134;22;244;90;4;213;208;247;229;50;68;187;65;92;177;89;130;194;136;101;143;168;161;21;174;215;198;177;194;124;250;191;166;248;233;240;232;230;229;246;133;157;177;163;171;156;148;152;145;144;148;151;142;154;158;163;183;171;169;175;167;174;199;182;92;149;153;175;163;181;169;170;181;207;216;227;196;117;81;25;26;39;44;60;72;47;70;97;73;69;70;84;105;144;185;198;200;185;167;140;159;171;183;171;156;156;158;147;160;144;164;114;102;193;173;173;158;170;162;163;167;163;165;168;163;159;161;158;161;170;98;244;240;210;75;62;89;120;126;81;87;232;181;228;223;196;250;177;125;123;110;86;133;245;246;180;108;202;243;138;120;243;17;2;229;251;243;163;17;233;238;202;135;30;158;247;57;40;70;73;79;71;64;64;95;70;66;62;82;92;88;91;55;16;227;211;197;145;146;71;58;127;47;74;133;116;90;77;46;125;110;53;87;96;146;215;251;246;111;224;241;215;218;220;220;219;220;219;218;221;221;220;220;220;219;219;219;218;218;218;218;218;218;218;218;220;219;218;219;219;219;219;218;219;219;219;219;218;218;218;218;218;218;219;219;219;218;217;217;217;217;217;217;217;217;217;217;216;216;216;216;216;216;216;216;217;217;217;217;216;216;216;216;216;216;216;216;216;216;216;216;216;216;216;216;216;216;216;216;215;215;215;215;216;216;216;216;216;216;216;217;217;217;218;218;215;215;215;215;215;215;215;215;217;217;216;216;215;215;216;216;216;216;216;216;216;216
155;150;161;148;88;224;196;23;165;133;44;94;212;159;125;164;187;180;127;100;243;238;214;238;209;121;145;100;114;133;151;144;132;160;174;163;194;159;145;111;247;239;205;208;222;229;230;177;148;147;184;162;23;40;99;102;139;115;67;62;70;70;67;73;81;99;121;146;139;155;161;165;178;188;162;153;161;156;133;168;161;142;125;106;120;149;158;149;147;125;138;142;124;141;247;247;226;235;243;185;151;222;242;159;95;126;196;229;212;226;122;45;117;145;147;200;141;23;147;179;103;154;41;176;79;114;84;167;11;67;101;181;190;131;156;124;167;156;150;178;153;157;134;151;210;231;141;121;235;162;198;197;116;244;190;189;253;216;234;239;227;245;245;134;173;178;163;173;185;174;170;163;164;167;172;153;164;164;146;131;116;128;141;115;137;172;157;136;160;171;177;184;172;180;212;227;179;93;32;22;40;86;105;36;69;66;63;75;92;79;69;92;102;104;109;93;76;68;87;149;193;194;158;159;180;160;155;180;171;172;166;166;162;156;128;122;203;161;169;171;170;166;164;162;160;164;164;156;165;165;155;158;160;100;247;232;226;133;88;27;99;94;117;68;163;210;202;241;205;249;212;109;72;132;153;98;100;236;240;197;121;137;249;202;76;244;120;11;138;247;171;7;69;152;221;196;76;239;240;6;76;96;78;58;62;82;80;88;96;89;65;84;48;79;81;48;26;230;236;96;2;26;85;124;71;86;43;81;29;4;109;116;117;75;58;96;45;28;184;186;250;101;216;225;214;217;220;220;221;221;221;219;219;219;219;219;219;219;219;219;218;218;218;218;218;218;218;218;220;219;218;219;219;219;219;218;219;219;219;219;218;218;218;218;218;218;219;219;219;218;217;217;218;218;218;218;218;218;218;218;216;216;216;216;217;217;217;217;217;217;217;217;216;216;216;216;216;216;216;216;216;216;216;216;216;216;216;216;216;216;216;216;216;216;216;216;216;216;216;216;217;217;217;217;217;216;216;216;216;216;216;216;216;216;216;216;217;217;216;216;215;215;216;216;216;216;216;216;216;216
127;135;165;145;78;185;247;48;156;224;157;175;195;137;157;175;140;142;174;130;99;209;238;246;214;83;143;102;76;161;143;148;157;148;130;121;99;107;115;245;246;222;232;226;216;242;227;156;152;184;135;133;59;75;89;96;79;76;87;105;108;106;99;79;86;75;58;64;50;51;49;66;55;40;94;127;102;93;102;109;105;118;152;160;127;148;109;32;87;110;107;117;125;11;24;173;243;242;228;245;247;141;158;239;224;154;108;127;202;174;206;160;76;47;95;165;198;166;157;151;109;152;68;192;51;114;112;159;63;22;21;142;150;162;179;146;139;186;168;195;173;150;133;115;135;66;170;236;170;191;201;187;113;253;192;186;250;214;238;222;233;242;243;140;178;183;179;184;178;172;171;176;185;186;190;160;192;200;196;184;182;192;198;150;137;177;106;104;138;152;162;158;183;225;157;54;6;54;113;168;172;162;134;109;134;161;63;66;134;130;69;138;167;138;139;120;116;119;113;81;75;123;173;203;163;177;165;177;169;167;180;165;155;156;136;169;183;178;154;166;174;167;161;163;165;160;157;161;155;155;148;157;153;103;248;218;245;221;118;62;77;106;130;86;94;227;198;227;215;249;156;156;243;140;89;116;104;104;221;246;230;165;113;248;246;68;187;210;5;119;206;21;158;129;225;120;8;247;229;7;88;79;92;79;52;68;79;76;98;91;78;89;97;69;91;50;33;230;243;121;17;98;85;51;35;80;100;101;112;116;97;73;155;134;107;114;139;56;162;185;244;132;219;238;218;220;221;219;219;220;220;219;217;217;217;218;218;219;219;219;219;219;219;219;219;219;219;219;220;219;218;219;219;219;219;218;219;219;219;219;218;218;218;218;218;218;219;219;219;218;217;217;218;218;218;218;218;218;218;218;216;217;217;217;217;217;217;217;216;216;216;216;217;217;217;217;216;216;216;216;216;216;216;216;216;216;216;216;216;216;216;216;216;216;216;216;216;216;217;217;217;217;217;216;216;215;215;215;218;218;218;218;218;218;218;218;217;217;216;216;215;215;216;216;216;216;216;216;216;216
163;152;166;151;83;159;245;70;162;195;125;242;44;20;74;88;134;133;115;132;117;81;73;80;104;122;140;103;69;71;72;106;76;184;173;122;208;209;245;244;209;224;226;233;201;239;221;182;144;155;143;148;68;80;113;130;117;36;60;82;72;85;101;107;115;117;112;116;111;120;112;108;114;109;137;163;155;157;148;165;148;147;141;152;155;203;104;64;181;171;162;180;163;125;58;7;21;158;244;240;224;242;204;153;152;229;229;150;89;100;218;242;184;141;97;78;134;166;161;151;105;146;53;155;58;156;29;142;187;168;154;137;140;124;156;170;183;168;194;209;167;214;231;100;73;38;166;235;156;194;189;192;116;251;187;165;252;239;251;231;228;237;245;135;173;187;162;184;181;164;167;177;170;174;177;152;176;170;164;183;153;132;159;173;67;190;129;151;156;154;172;170;203;57;14;53;144;164;139;127;107;113;128;142;145;197;129;133;161;167;130;159;197;182;199;174;152;133;117;118;120;106;123;138;207;194;180;162;181;178;175;160;156;167;130;157;203;158;175;168;171;166;171;171;162;161;164;173;160;161;156;164;146;108;251;206;222;244;148;69;71;117;95;140;62;223;187;234;228;250;158;101;145;119;114;116;150;72;78;156;238;242;180;104;222;242;115;126;250;34;5;87;240;127;136;241;135;215;231;37;94;62;87;68;80;63;79;90;96;105;87;72;82;74;98;43;34;230;239;126;8;44;18;47;43;53;53;51;62;106;33;7;76;135;92;92;123;36;74;210;218;136;226;220;217;218;219;219;218;218;218;218;219;219;219;219;219;219;219;219;219;220;220;220;220;219;219;219;219;219;219;219;219;219;219;219;219;219;219;219;218;218;218;218;218;218;219;219;219;218;217;217;218;218;218;218;218;218;218;218;218;218;218;218;218;218;218;218;216;216;216;216;216;216;216;216;218;218;218;218;218;218;218;218;215;215;216;216;216;216;217;217;217;217;217;217;217;217;217;217;216;216;216;216;216;216;216;216;216;216;216;216;216;216;215;215;216;216;216;216;216;216;216;216;216;216;216;217;216;216
132;130;166;157;89;171;240;90;169;81;41;241;231;14;46;17;10;16;9;20;24;21;25;20;13;109;190;91;120;146;141;168;130;132;240;245;240;238;234;216;223;210;220;227;213;226;237;143;159;168;136;155;84;67;119;121;131;96;94;78;79;90;89;88;105;105;90;80;93;112;110;111;134;123;111;101;121;158;153;149;162;131;167;148;164;164;14;152;180;137;144;114;183;138;189;198;134;42;47;194;239;233;227;242;204;141;182;239;166;73;113;194;226;217;174;109;69;103;141;144;105;149;46;174;40;165;43;159;173;68;128;137;123;160;195;169;149;168;185;195;176;199;93;225;117;87;245;166;192;192;192;189;119;246;189;179;251;181;211;248;237;252;234;142;173;178;164;178;177;169;163;177;174;175;183;153;185;172;173;198;123;82;124;179;121;188;102;138;150;159;163;177;235;67;141;108;125;123;119;122;144;138;137;141;154;156;112;107;114;128;150;126;108;106;129;171;206;193;154;132;146;129;128;99;96;174;197;171;169;171;175;162;178;188;131;174;186;163;147;178;168;170;166;174;160;157;171;173;183;177;158;166;154;115;250;211;214;251;181;90;62;110;127;155;87;169;200;208;225;244;154;153;179;175;235;178;44;73;168;120;141;242;245;216;118;159;238;203;76;247;168;7;122;215;202;168;78;216;233;14;114;89;66;69;62;79;76;78;67;75;60;55;69;72;88;30;41;238;226;96;8;82;41;85;131;95;92;133;80;94;137;139;87;56;80;101;95;23;181;148;170;142;228;223;216;217;218;219;219;218;218;219;219;219;219;219;219;219;219;219;220;221;221;221;221;220;220;220;219;219;219;219;219;219;219;219;219;219;219;219;218;218;218;218;219;219;219;218;218;218;217;217;218;218;218;218;218;218;218;218;218;218;218;218;218;218;218;218;216;216;216;216;216;216;216;216;217;217;217;217;217;217;217;217;216;216;216;217;217;217;217;217;217;217;217;217;217;217;217;217;217;217;217;217;217;217;217;217;216;216;216;216;216;216;216;216;216;216;216;216;216;216;216;216;216;216;216;217;217;216
179;161;154;173;93;157;247;93;205;232;84;231;124;15;48;158;79;97;103;121;120;124;138;145;54;120;189;82;77;146;147;153;132;126;214;202;232;235;226;209;219;232;223;221;212;252;181;125;176;161;150;147;88;90;125;141;141;104;110;100;91;102;111;104;99;118;131;108;97;99;106;111;122;128;123;106;134;152;145;152;142;159;149;147;187;153;26;124;181;159;133;116;238;246;98;176;239;239;139;27;107;223;243;235;208;240;208;168;205;247;172;104;118;229;233;189;168;102;114;163;88;148;76;173;7;129;190;71;82;112;123;150;145;226;199;178;165;242;137;191;179;203;127;170;165;181;205;165;171;174;200;182;120;249;189;179;253;223;177;170;245;243;241;140;175;174;170;180;172;172;158;170;172;172;183;151;182;175;165;201;181;167;143;181;174;183;116;95;151;158;168;167;231;55;147;109;133;137;135;136;147;141;142;143;169;163;134;133;144;138;151;147;145;134;114;95;83;147;215;193;144;144;92;65;75;29;97;171;153;143;142;132;126;139;114;161;188;141;122;128;141;143;168;163;108;130;132;133;120;131;125;146;147;120;249;210;207;244;230;130;65;61;108;125;86;120;227;204;230;251;113;79;115;127;112;131;211;159;126;111;114;120;228;244;242;131;93;248;246;66;227;225;5;20;133;191;167;250;246;32;73;81;72;68;68;66;39;64;62;58;57;77;84;90;87;11;37;243;230;97;37;92;79;61;107;99;62;100;82;63;79;95;91;57;68;90;70;17;187;156;200;136;235;231;216;217;218;219;219;219;219;219;220;220;220;220;219;219;219;219;220;221;221;221;221;220;220;220;220;220;220;220;220;220;220;220;219;219;219;219;218;218;218;218;219;219;218;218;218;218;218;218;218;218;218;218;218;218;218;218;217;217;217;217;217;217;217;217;216;216;216;216;216;216;216;216;217;217;217;217;217;217;217;217;217;217;217;217;217;217;217;217;217;217;217;217;217;217;217;217;216;216;216;216;216;216;216;216;215;216;216;216;216;216;217;217;217;217;217;217;217;217;217;217;216;216;216;217;217;216
117;125;172;167;84;172;244;117;172;166;135;220;14;76;61;129;157;152;142;148;143;148;159;173;45;173;175;79;108;172;134;143;208;204;197;199;156;223;251;238;220;236;207;221;252;210;131;170;168;152;167;141;86;119;139;162;128;105;121;123;131;126;110;120;94;105;136;121;116;121;132;127;122;126;120;113;159;158;147;162;166;168;179;170;201;173;34;100;175;176;133;120;234;236;192;20;86;202;233;229;81;36;129;233;244;225;224;243;176;163;185;238;123;104;158;230;233;218;139;130;100;124;68;156;95;139;160;95;120;101;162;176;122;216;183;198;235;134;240;158;212;214;221;106;156;251;251;241;245;223;217;185;120;242;177;201;244;230;246;211;152;218;243;148;169;172;169;165;171;172;163;170;176;183;189;162;166;192;181;172;175;194;142;166;192;189;180;85;156;157;177;171;207;128;147;113;134;126;130;143;142;144;151;145;158;196;164;177;150;150;150;152;148;150;176;162;152;73;64;151;223;175;140;157;222;32;111;205;180;177;162;176;167;173;155;118;152;143;173;124;127;161;90;93;149;139;163;162;140;161;155;158;137;118;248;202;207;242;249;132;88;52;97;125;121;88;210;227;230;249;91;54;82;30;140;95;191;169;64;124;182;110;103;196;241;245;175;75;227;251;104;180;81;11;7;14;41;103;247;56;31;92;63;75;80;66;56;66;59;72;94;85;96;99;103;27;39;234;239;142;9;99;89;81;92;76;83;74;71;76;82;99;102;95;83;87;57;53;218;145;252;139;216;229;215;217;218;219;219;219;219;220;221;220;220;220;220;219;219;219;219;220;220;220;220;219;219;219;220;220;220;220;220;220;220;220;219;219;219;219;219;218;218;218;220;219;218;218;218;218;218;218;218;218;218;218;218;218;218;218;217;217;217;217;217;217;217;217;217;217;217;217;217;217;217;217;217;217;217;217;217;217;217;217;217;217;217;217;217;216;216;216;217;217;217;217;217;217;217;217;215;215;215;215;215;215;215;215;215;215;216;216;217;217;217;218;217;217;217;217;217;217;217;217;216;216;216;217;217;217
172;163;187;148;75;166;240;135;143;173;228;243;20;59;83;93;115;147;163;158;149;163;165;167;58;146;179;111;98;82;144;191;167;139;195;224;230;117;160;223;249;231;221;244;231;128;182;167;149;164;157;153;89;108;152;159;141;111;130;118;123;139;128;133;135;129;134;105;114;115;116;117;144;148;135;123;178;186;179;184;183;182;178;177;206;159;44;124;184;182;148;154;231;232;197;58;48;58;96;207;244;192;71;33;163;247;239;246;241;235;147;156;237;197;148;97;129;245;218;86;46;125;60;146;157;140;109;102;110;148;231;81;137;211;171;138;232;185;71;229;167;190;154;134;202;87;42;68;71;98;209;214;131;241;192;188;246;208;235;249;248;186;128;167;179;163;179;178;174;169;171;168;170;181;172;149;173;185;172;166;175;189;162;171;173;190;215;106;146;161;168;183;187;158;149;108;143;142;146;141;146;152;154;145;132;200;180;198;138;130;168;161;148;157;153;145;160;164;155;38;67;199;166;186;238;41;139;202;160;173;171;173;152;181;173;116;92;133;162;79;48;42;87;68;124;128;172;168;151;170;170;175;137;122;252;208;225;236;240;175;104;64;101;114;147;73;188;248;220;251;118;122;176;123;140;191;157;155;238;199;49;82;127;104;152;243;245;218;89;197;236;113;155;241;248;156;6;24;245;101;21;93;84;72;59;73;83;85;118;82;70;90;78;63;83;32;45;223;228;129;18;122;80;105;111;71;100;89;83;84;73;83;86;95;85;90;80;50;226;154;253;129;215;227;216;217;218;219;219;219;220;220;221;220;220;220;220;220;220;219;219;220;220;220;220;219;219;219;221;221;221;221;221;221;221;221;220;219;219;219;219;218;218;218;220;219;219;218;218;218;218;218;218;218;218;218;218;218;218;218;217;217;217;217;217;217;217;217;218;218;218;218;218;218;218;218;217;217;217;217;217;217;217;217;217;217;217;216;216;216;216;216;217;217;217;217;217;217;217;217;216;216;216;216;216;216;216;216;215;215;216;216;217;217;218;218;217;217;217;217;217;217;217;217;216;216;216;217;217;217
136;118;190;148;69;191;246;129;209;155;169;241;13;26;76;141;130;113;101;105;115;126;127;158;70;141;220;90;62;149;219;114;79;93;103;190;248;252;209;145;153;221;246;252;126;145;170;169;154;169;147;158;92;92;152;162;137;101;138;137;126;146;142;122;112;130;134;104;130;127;116;141;134;144;143;135;172;176;176;177;174;170;168;160;192;169;54;125;179;187;168;153;178;216;181;110;131;200;104;35;129;232;233;169;48;44;176;239;247;218;233;209;140;170;230;228;118;32;200;253;149;123;177;110;103;75;114;128;152;198;181;60;192;165;160;173;157;244;149;193;210;178;133;183;143;7;140;146;7;73;198;170;126;251;175;185;252;216;226;213;207;245;194;153;180;171;163;167;166;159;173;172;173;188;177;158;173;179;169;186;201;168;150;185;160;186;197;105;143;176;167;170;196;111;162;109;140;137;150;146;142;151;156;159;124;192;190;200;155;131;167;150;138;156;148;146;150;141;188;138;8;149;185;169;198;60;146;204;168;167;180;166;156;140;172;173;109;137;122;123;159;89;89;112;156;147;168;150;137;150;151;172;135;117;244;214;201;243;242;231;102;64;82;78;90;39;159;244;205;249;110;118;134;225;220;123;177;149;156;166;138;143;112;120;78;137;232;250;247;127;142;160;144;106;210;246;168;236;247;104;42;92;69;83;72;53;71;74;99;79;80;64;76;63;84;27;48;240;239;109;45;112;80;66;67;76;70;69;57;71;57;48;73;66;62;90;73;24;201;179;247;114;233;227;216;217;219;219;219;219;219;220;220;220;220;220;220;220;220;220;220;221;221;221;221;220;220;220;220;220;220;220;220;220;220;220;220;220;219;219;219;219;218;218;220;219;219;218;218;218;218;218;218;218;218;218;218;218;218;218;217;217;217;217;217;217;217;217;218;218;218;218;218;218;218;218;217;217;217;217;217;217;217;217;216;216;216;216;216;216;216;216;217;217;217;217;217;217;217;217;217;217;217;217;217;217;217;217;216;216;216;217;217;218;218;218;217;217;217;217;217;217;217;217;216;216;216;217;217;217
172;161;202;113;40;214;240;69;154;138;98;215;146;94;26;128;132;147;155;151;157;169;158;181;119;126;235;113;63;214;172;60;123;224;206;206;241;220;225;253;224;155;107;111;207;239;161;167;167;158;149;154;97;96;144;165;147;130;129;125;133;134;134;135;123;139;146;117;137;136;114;126;140;137;140;142;163;165;172;169;175;169;179;181;194;162;50;120;183;209;128;130;223;224;183;75;102;54;185;111;13;49;142;238;229;150;42;66;206;245;222;234;245;183;144;206;244;154;114;127;223;167;103;78;95;142;177;186;182;189;151;133;190;178;181;212;172;197;214;181;177;168;126;200;140;253;162;158;177;249;139;173;171;220;179;223;228;220;230;223;222;250;238;129;182;181;175;188;191;180;187;185;177;186;182;161;182;179;178;164;195;194;154;203;179;192;162;107;163;186;177;161;220;76;155;117;146;140;149;150;146;148;168;175;113;195;188;192;151;138;163;163;155;159;160;144;159;143;146;158;64;117;201;171;191;140;154;175;174;161;164;166;173;149;129;212;172;117;129;166;168;163;126;140;145;166;184;158;152;164;150;166;137;125;253;251;81;191;250;239;131;78;61;60;120;76;143;247;218;250;102;119;154;124;232;59;136;196;161;142;225;185;43;98;149;91;69;140;246;130;132;157;163;154;81;230;151;210;193;153;56;87;98;121;130;86;61;75;87;77;92;93;65;69;96;23;37;236;241;114;9;85;85;71;53;76;82;67;64;69;72;63;80;71;81;97;58;33;221;160;253;121;224;224;217;218;219;219;219;219;219;219;220;220;220;220;221;221;221;221;220;221;221;221;221;220;220;220;220;220;220;220;220;220;220;220;220;220;219;219;219;219;218;218;219;219;219;219;219;218;218;218;218;218;218;218;218;218;218;218;218;218;218;218;218;218;218;218;217;217;217;217;217;217;217;217;217;217;217;217;217;217;217;217;216;216;216;216;216;217;217;217;217;217;217;217;217;217;217;217;218;218;218;218;218;218;218;218;216;216;217;217;217;218;218;218;217;217;217;217;217;217;217;217;216;216;216;217;217;217
140;126;209;79;33;228;159;70;172;125;100;210;222;243;48;129;140;116;112;127;134;119;115;184;152;125;237;114;63;221;79;71;203;244;249;247;209;217;228;216;242;239;123;21;20;152;223;198;166;152;152;155;110;100;142;151;151;137;126;124;123;127;151;137;135;135;149;120;118;142;150;154;141;146;159;160;162;166;182;174;173;177;185;185;199;165;46;130;119;137;103;165;236;217;194;92;95;117;132;168;131;167;102;41;170;238;233;115;32;69;226;243;221;233;238;168;173;253;251;139;101;66;96;73;141;206;162;146;165;159;154;183;189;194;198;205;181;165;175;187;200;139;191;229;99;219;157;160;162;200;78;40;164;171;144;223;249;219;216;219;224;237;235;134;172;161;171;172;166;156;159;166;160;173;189;168;195;184;218;139;147;221;166;196;197;196;128;127;174;172;167;169;210;90;152;129;147;143;143;146;149;141;173;174;91;209;185;196;164;145;162;155;144;151;157;151;162;166;144;141;66;120;195;157;205;154;144;176;182;179;178;164;169;134;130;174;171;157;106;166;179;125;142;165;162;167;162;159;140;170;149;155;131;118;244;249;99;110;246;240;145;84;126;157;218;181;159;249;215;245;107;127;190;108;229;203;28;122;145;163;137;121;227;211;69;54;114;123;134;40;156;105;124;167;196;124;31;242;192;125;82;80;103;83;77;104;85;91;74;80;92;77;64;51;75;27;56;234;231;117;20;85;90;103;89;75;75;71;60;74;89;108;139;128;124;139;121;16;174;195;254;123;216;234;217;218;219;220;219;219;219;219;219;220;220;220;221;221;222;222;219;220;220;220;220;219;219;219;220;220;220;220;220;220;220;220;220;220;219;219;219;219;219;218;219;219;219;220;219;219;218;217;218;218;218;218;218;218;218;218;218;218;218;218;218;218;218;218;217;217;217;217;217;217;217;217;218;218;218;218;218;218;218;218;216;216;217;217;217;217;218;218;217;217;217;217;217;217;217;217;217;217;217;217;217;217;217;217;217;217;217;217;217;217;218;218;217;217;217;217;217;217;217;217;216;216;217;217;217;217
163;176;198;123;93;229;132;59;190;201;142;216;169;228;73;108;168;150;155;156;178;172;126;176;133;112;243;157;76;216;67;129;115;209;221;221;210;221;230;226;241;199;155;240;139;7;2;141;230;211;157;145;91;105;155;151;146;124;138;145;128;135;144;132;134;129;147;136;137;151;141;153;150;163;152;152;171;171;183;179;175;179;186;180;202;176;28;147;213;185;194;136;241;242;167;60;85;135;121;89;105;75;162;118;24;41;176;240;212;97;25;98;236;234;245;251;244;41;1;80;127;90;79;92;200;174;139;154;156;151;177;154;199;209;223;192;196;184;191;214;167;154;247;174;43;25;133;177;31;94;246;56;29;116;169;132;189;245;249;224;210;248;221;132;160;149;161;158;173;172;143;144;166;151;152;141;123;128;199;108;77;175;153;167;186;151;121;159;160;177;158;179;211;89;161;114;150;140;145;150;157;152;178;182;84;214;193;201;150;144;167;163;157;144;166;157;159;149;141;152;63;130;201;164;201;41;137;208;156;154;177;162;169;155;131;171;153;175;137;148;166;157;148;141;172;164;161;157;142;164;157;166;131;129;251;246;141;66;220;244;166;58;130;152;199;148;153;251;215;248;102;144;185;118;215;242;59;69;140;149;152;127;156;157;126;201;247;246;249;141;78;224;240;38;225;55;49;245;199;3;70;83;50;180;244;168;109;102;88;89;86;70;92;82;101;19;54;244;233;109;14;60;49;74;97;65;60;85;79;66;55;54;54;55;64;87;138;7;157;184;238;130;222;232;216;219;220;219;219;220;220;219;220;220;220;220;220;220;220;220;220;220;221;221;220;220;219;219;221;221;221;221;221;221;221;221;221;220;220;220;219;219;219;219;220;219;219;219;219;218;218;218;218;218;218;218;218;218;218;218;218;218;218;218;218;218;218;218;219;219;218;218;218;218;219;219;218;218;218;218;218;218;218;218;218;218;218;218;218;218;218;218;217;217;217;217;217;217;217;217;218;218;218;218;218;218;218;218;217;217;217;217;217;217;217;217;217;217;217;217;217;217;217;217;217;217;217;217;217;217
147;133;181;132;102;217;140;60;101;116;76;113;151;221;90;92;129;117;122;116;121;125;110;185;132;99;247;228;64;234;161;191;188;244;218;226;231;226;216;216;244;212;132;170;223;222;131;9;1;105;206;218;107;97;141;158;151;138;143;144;136;138;138;134;144;137;150;145;145;151;143;155;152;163;152;151;169;167;179;180;174;183;191;185;208;183;23;146;203;167;213;57;34;203;147;92;91;113;197;154;80;85;87;148;98;95;61;76;192;237;220;72;52;189;183;92;3;23;86;183;108;60;28;193;224;122;151;142;186;208;179;196;223;232;207;182;192;215;221;179;161;229;182;248;151;53;253;177;17;128;202;222;186;31;16;132;205;155;206;250;233;245;224;119;175;174;177;190;181;182;160;170;190;184;186;175;177;160;207;110;4;48;75;97;120;128;138;161;164;180;172;179;209;90;165;120;154;144;147;150;150;153;187;169;73;217;183;206;139;151;161;161;153;144;164;157;162;155;141;154;67;134;208;166;219;43;172;188;151;164;143;151;167;161;122;179;158;167;140;146;149;151;159;151;159;168;156;148;157;163;150;159;131;137;252;246;140;80;169;239;190;57;129;150;199;145;151;245;224;247;103;128;168;124;243;211;85;138;32;67;210;191;135;115;184;232;237;203;243;251;90;242;245;19;184;80;86;244;157;4;78;87;13;147;250;236;192;90;59;75;65;66;87;75;84;24;66;241;242;111;18;72;57;67;85;75;73;94;88;94;98;95;79;70;66;83;42;17;179;107;240;137;228;222;216;219;220;219;219;220;220;219;220;220;220;220;220;220;220;220;221;221;221;221;221;220;220;219;221;221;221;221;221;221;221;221;220;220;220;220;219;219;219;219;220;219;219;219;219;219;218;218;219;219;219;219;219;219;219;219;218;218;219;219;218;218;217;217;219;219;218;218;218;218;219;219;218;218;218;218;218;218;218;218;218;218;218;218;218;218;218;218;217;217;217;217;217;217;217;217;218;218;218;218;218;218;218;218;218;218;218;218;218;218;218;218;218;218;218;218;218;218;218;218;217;217;217;217;217;217
171;179;191;127;92;215;221;69;97;146;221;106;93;143;46;132;152;154;164;165;168;180;146;184;129;126;241;240;92;234;89;201;244;247;203;225;225;225;226;216;219;249;185;130;171;189;210;221;153;21;2;103;146;114;135;163;147;143;141;137;139;136;129;137;148;141;147;150;150;149;146;155;159;166;153;150;170;167;179;187;179;185;181;167;195;186;23;161;176;174;224;166;159;180;72;81;105;86;133;141;45;104;129;116;139;104;162;100;37;100;141;203;107;15;14;1;86;191;105;97;131;20;84;235;177;143;177;197;200;187;219;239;209;211;198;196;204;211;189;168;210;240;106;248;229;61;250;89;250;178;10;114;219;248;127;8;74;177;123;170;238;244;234;121;170;166;176;172;173;170;150;163;172;172;174;162;173;176;199;141;108;136;123;158;171;162;149;134;146;166;163;150;193;79;159;119;153;147;152;155;150;159;197;158;64;231;177;214;121;162;158;163;155;147;162;158;163;161;140;156;70;136;217;166;216;51;172;172;163;168;149;145;154;173;124;175;143;142;146;148;147;167;170;137;155;182;166;154;149;156;157;165;131;140;252;247;117;40;98;247;183;46;129;149;185;148;146;250;220;244;99;157;142;188;249;232;208;138;100;217;58;80;133;139;91;121;247;208;208;237;92;244;249;54;173;88;74;247;152;4;73;48;8;111;227;224;245;241;77;7;78;88;78;61;101;20;52;242;233;112;34;100;75;98;99;80;72;61;77;77;100;110;110;104;76;84;70;38;221;162;253;130;233;224;217;219;220;219;219;220;220;219;220;220;220;220;220;220;220;220;221;221;222;222;222;221;220;220;221;221;221;221;221;221;221;221;220;220;220;220;220;220;219;219;220;220;219;219;219;219;219;218;219;219;219;219;219;219;219;219;219;219;219;219;218;218;217;217;219;219;218;218;218;218;219;219;218;218;218;218;218;218;218;218;218;218;218;218;218;218;218;218;217;217;217;217;217;217;217;217;217;217;217;217;217;217;217;217;218;218;218;218;218;218;218;218;218;218;218;218;218;218;218;218;217;217;217;217;217;217
144;130;176;138;89;191;243;157;157;194;241;243;21;80;94;156;143;137;129;122;114;142;136;184;143;108;234;233;136;135;65;132;219;243;214;234;226;216;222;226;220;233;227;156;172;174;151;174;199;205;166;2;9;131;135;162;146;146;146;143;146;144;139;150;148;145;144;150;152;149;153;157;149;157;152;158;184;175;172;175;170;179;178;166;199;196;19;154;154;226;190;181;249;249;244;190;103;88;98;124;82;71;183;149;65;52;94;142;43;9;72;198;204;62;15;58;194;151;35;24;127;15;197;228;139;168;176;192;190;231;232;208;210;188;182;190;211;213;165;159;214;167;189;104;68;17;59;19;250;110;117;72;4;195;246;212;85;28;84;191;156;172;198;141;180;170;168;180;178;169;150;162;163;169;175;166;165;157;196;136;125;169;139;169;182;176;177;173;185;192;186;176;201;87;167;125;152;148;152;153;156;165;198;152;55;245;178;218;104;170;165;166;161;153;161;159;161;164;136;155;70;135;221;164;212;67;171;181;179;170;177;155;152;180;136;168;158;163;179;154;137;158;150;118;166;169;160;172;151;150;154;162;133;149;251;234;167;167;157;247;172;64;113;153;186;142;143;241;198;249;100;114;165;244;226;234;251;205;188;239;45;79;130;162;118;134;251;213;242;217;128;243;234;236;230;54;57;251;149;9;94;146;212;241;250;250;245;246;241;150;34;76;82;81;104;32;48;236;236;106;28;96;87;101;76;77;73;56;53;65;66;78;95;86;96;85;64;37;216;186;252;129;229;231;217;219;220;220;219;220;220;219;220;220;220;220;220;220;220;220;221;221;222;222;222;221;220;220;221;221;221;221;221;221;221;221;220;220;220;220;220;220;220;220;220;220;220;220;219;219;219;219;219;219;219;219;219;219;219;219;219;219;219;219;219;218;218;217;219;219;218;218;218;218;219;219;218;218;218;218;218;218;218;218;218;218;218;218;218;218;218;218;218;218;218;218;218;218;218;218;217;217;217;217;217;217;217;217;218;218;218;218;218;218;218;218;218;218;218;218;218;218;218;218;218;218;218;218;218;218
173;163;201;146;82;182;245;173;135;105;223;231;29;129;99;160;158;147;152;181;179;178;155;196;136;90;243;239;137;230;142;127;248;226;205;231;214;223;244;216;219;247;207;147;174;160;173;159;155;161;176;189;64;91;151;146;145;142;149;148;145;146;148;156;151;152;146;150;151;150;157;158;158;157;141;143;175;175;175;184;173;183;184;175;208;203;18;141;168;236;185;231;241;209;245;242;245;186;116;99;109;72;99;190;77;85;73;22;82;207;238;250;213;3;3;196;172;79;5;80;86;48;230;164;142;172;195;214;223;228;204;198;195;190;178;175;208;193;121;182;192;47;128;80;103;49;141;64;252;95;177;149;40;129;4;251;250;195;63;13;144;223;179;144;168;179;175;160;179;168;150;159;155;164;171;164;173;161;206;126;100;146;144;177;168;167;172;175;173;174;173;181;206;92;169;127;148;148;153;153;156;164;197;141;43;247;178;220;92;170;178;163;162;151;159;159;159;164;134;154;70;133;221;163;204;48;171;175;157;152;152;142;141;166;142;138;127;107;112;76;92;131;117;93;141;161;168;164;154;153;158;157;116;136;250;235;154;173;138;237;173;21;77;178;188;98;147;251;218;242;99;114;226;246;230;224;220;242;237;245;60;110;147;157;130;135;249;230;157;163;218;230;218;227;242;59;93;242;67;7;87;93;70;93;115;154;217;242;250;249;63;22;96;84;101;50;65;242;230;100;41;87;94;95;68;105;94;76;64;79;107;78;85;86;96;101;61;48;219;170;254;128;230;220;217;219;221;220;219;220;220;219;220;220;220;220;220;220;220;220;221;221;222;222;221;221;220;219;221;221;221;221;221;221;221;221;220;220;220;220;220;220;221;221;220;220;220;220;219;219;219;219;219;219;219;219;219;219;219;219;218;218;218;219;219;219;219;219;219;219;218;218;218;218;219;219;218;218;218;218;218;218;218;218;218;218;218;218;218;218;218;218;218;218;218;218;218;218;218;218;217;217;217;217;217;217;217;217;217;217;217;217;217;217;217;217;217;217;217;217;217;217;217;217;218;218;218;218;218;218
147;153;179;140;100;196;247;143;166;95;226;238;15;147;86;144;146;137;130;140;128;130;136;194;144;117;238;241;128;193;159;163;243;227;218;232;228;219;228;223;226;236;214;128;180;191;175;160;150;177;134;176;119;117;152;162;143;136;144;145;139;142;146;150;152;151;146;145;145;145;151;153;156;161;154;158;194;190;177;182;186;188;187;174;203;201;29;145;209;224;191;248;235;237;229;219;232;244;239;167;98;115;84;113;71;17;39;170;243;244;244;138;3;10;187;190;102;52;26;88;46;142;230;135;180;192;217;223;214;199;201;203;180;163;160;214;206;157;82;250;189;55;199;207;223;92;253;116;246;92;101;24;161;193;15;43;151;211;191;173;4;46;169;145;173;166;172;181;179;168;156;160;157;162;167;161;162;170;182;119;139;154;154;179;165;164;165;170;166;173;166;171;202;88;164;124;143;149;156;155;153;164;206;121;36;244;176;227;85;158;194;154;160;145;157;160;159;163;136;157;70;132;220;166;211;43;171;180;162;163;155;145;140;154;156;138;122;79;89;77;74;67;68;139;164;162;158;156;147;151;162;162;107;120;250;244;149;154;147;250;181;12;133;180;186;103;142;243;221;246;58;115;250;235;234;225;241;213;242;241;66;121;156;139;138;139;243;214;156;242;240;212;241;221;238;87;158;246;34;114;184;159;139;62;25;58;60;9;187;238;66;52;106;77;92;17;39;241;228;117;33;78;63;94;72;76;84;69;73;62;93;71;85;78;78;96;71;38;206;173;254;127;238;223;217;220;221;220;220;221;221;220;221;221;221;221;221;221;221;221;221;221;222;222;221;221;220;220;221;221;221;221;221;221;221;221;220;220;220;221;221;221;221;221;221;220;220;220;220;220;219;219;219;219;219;219;219;219;219;219;217;218;218;219;219;219;219;219;219;219;218;218;218;218;219;219;218;218;218;218;218;218;218;218;218;218;218;218;218;218;218;218;218;218;218;218;218;218;218;218;217;217;217;217;217;217;217;217;217;217;217;217;217;217;217;217;217;217;217;217;217;217;217;217;217;217;217;217;217;217
158;157;201;131;94;207;244;138;193;107;167;243;10;126;106;168;144;153;155;167;174;175;161;182;151;105;228;241;133;188;206;218;249;219;218;220;225;221;229;225;211;236;249;160;131;146;174;161;160;183;165;152;102;103;140;166;148;141;144;144;145;147;147;151;151;146;145;145;143;142;145;153;164;171;162;158;190;188;179;191;181;183;190;181;205;198;39;140;220;237;196;209;243;247;218;227;228;222;235;244;245;152;105;85;17;113;238;249;247;223;80;20;73;138;179;142;97;54;59;88;51;222;160;149;199;209;241;216;182;204;205;188;149;126;167;196;156;101;129;239;193;129;211;186;160;73;213;69;250;84;164;132;43;74;204;78;52;98;32;250;251;137;15;20;143;195;172;184;176;166;160;160;163;164;170;166;164;169;178;132;161;157;179;180;173;173;174;170;165;173;173;179;211;95;170;129;144;150;155;150;156;166;221;90;41;249;174;236;76;140;212;150;165;144;160;163;160;162;140;160;71;131;217;170;209;45;169;183;176;170;167;154;159;157;171;176;189;157;177;181;165;125;113;176;167;167;161;157;159;143;142;163;121;129;253;234;157;167;150;243;166;9;158;164;171;107;143;252;221;245;38;201;241;242;238;214;226;225;244;237;62;113;160;152;137;140;246;206;215;217;187;234;248;229;239;58;165;209;58;138;186;187;200;198;193;151;229;200;5;160;113;44;75;72;81;15;52;236;236;101;15;83;56;90;69;42;72;93;90;74;48;67;89;68;96;99;74;58;203;171;254;135;232;223;218;220;221;220;220;221;221;220;221;221;221;221;221;221;221;221;222;222;222;222;222;221;221;220;221;221;221;221;221;221;221;221;220;220;220;221;221;221;222;222;221;221;220;220;220;220;220;219;220;220;220;220;220;220;220;220;218;218;218;219;219;219;219;219;219;219;218;218;218;218;219;219;218;218;218;218;218;218;218;218;218;218;218;218;218;218;218;218;218;218;218;218;218;218;218;218;218;218;218;218;218;218;218;218;218;218;218;218;218;218;218;218;218;218;218;218;218;218;218;218;217;217;217;217;217;217
148;150;183;134;110;200;250;123;184;135;214;244;30;152;85;176;142;149;141;139;142;142;147;181;139;118;249;228;152;187;80;169;237;229;234;217;237;225;216;223;229;218;230;252;228;166;152;178;154;171;156;160;116;122;151;155;149;144;141;141;151;153;146;153;154;145;148;151;150;147;148;163;158;169;160;149;175;174;169;186;180;182;194;185;203;192;44;138;225;234;211;169;177;229;250;244;230;230;224;223;242;250;239;112;63;246;248;191;126;49;76;158;140;138;170;105;71;65;61;34;124;242;96;182;199;218;212;184;190;166;166;153;117;140;153;136;111;132;178;185;144;130;120;155;190;69;222;80;252;83;141;107;87;174;47;54;245;101;4;20;116;250;205;73;21;51;185;155;191;180;172;163;166;160;164;161;164;172;187;129;152;137;166;166;164;159;164;167;175;177;168;165;204;89;165;127;142;151;155;149;160;167;231;63;48;255;173;239;69;127;226;151;173;148;165;167;160;160;143;162;71;131;215;172;199;42;184;176;166;156;148;154;155;153;165;170;173;134;151;157;147;128;139;182;168;163;154;158;174;145;134;165;126;127;252;231;152;165;149;244;166;26;174;169;173;95;153;249;212;251;57;223;249;227;230;236;215;218;244;241;74;124;150;157;136;142;243;215;223;219;217;220;246;239;239;84;151;219;56;134;160;147;149;100;212;245;107;157;246;18;9;137;98;63;79;7;63;244;238;118;23;90;80;76;78;79;63;94;106;92;97;88;92;104;92;107;68;47;201;168;254;133;243;223;218;220;221;220;220;221;221;220;222;222;222;222;222;222;222;222;222;222;223;223;223;222;221;221;221;221;221;221;221;221;221;221;220;220;220;221;221;221;222;222;221;221;221;220;220;220;220;219;220;220;220;220;220;220;220;220;219;219;219;219;219;219;218;218;219;219;218;218;218;218;219;219;218;218;218;218;218;218;218;218;218;218;218;218;218;218;218;218;218;218;218;218;218;218;218;218;218;218;218;218;218;218;218;218;218;218;218;218;218;218;218;218;218;218;218;218;218;218;218;218;217;217;217;217;217;217
171;169;193;130;105;202;248;124;175;153;206;243;10;156;96;161;151;155;155;154;172;164;162;182;126;143;243;106;123;194;128;137;201;190;251;245;222;214;216;230;224;222;218;209;247;251;150;153;173;170;159;165;97;117;147;169;150;136;140;141;150;152;152;149;151;154;153;153;154;153;156;164;156;165;167;162;174;187;179;175;186;175;184;173;195;198;56;143;223;227;234;222;171;155;172;217;244;251;222;229;213;243;250;130;119;227;169;50;29;129;198;111;100;149;175;103;83;72;66;10;189;242;147;199;191;190;153;160;144;141;142;131;142;166;126;109;99;199;125;226;169;82;80;163;165;62;212;86;250;78;147;97;88;158;113;69;84;97;198;16;31;9;189;245;137;71;17;47;185;206;160;176;159;165;157;165;166;169;184;126;161;153;152;154;162;169;169;175;174;176;171;175;195;88;162;125;142;155;155;147;168;161;234;22;58;255;168;237;82;108;229;158;165;164;148;170;165;159;146;166;72;131;220;168;202;47;189;177;172;166;166;169;156;165;175;178;177;160;161;156;156;128;137;189;169;151;150;163;168;159;136;155;115;117;252;239;156;166;165;248;146;54;167;153;168;83;156;247;209;250;186;245;201;244;240;230;237;223;250;233;59;133;150;163;128;140;243;204;221;190;239;170;138;251;233;72;102;245;85;78;153;157;130;151;94;181;243;142;90;244;118;25;81;61;124;46;41;235;229;102;28;74;56;61;71;81;63;81;96;73;86;69;90;111;93;105;62;51;198;173;254;135;235;221;218;220;222;222;220;220;220;222;221;221;222;222;223;223;223;223;223;222;222;222;222;221;221;221;221;221;221;221;221;221;221;221;221;221;221;221;221;221;221;221;221;221;221;221;221;221;221;221;220;220;220;220;220;220;220;220;219;219;219;219;219;218;218;218;219;219;219;219;219;219;219;219;219;219;219;219;219;219;219;219;219;219;219;219;219;219;219;219;219;219;219;219;218;218;218;218;218;218;218;218;218;218;218;218;218;218;218;217;217;218;219;219;218;218;218;218;218;218;218;218;218;218;218;218;218;218
166;154;181;134;116;201;245;127;173;162;210;243;18;151;99;174;147;146;145;144;159;154;161;184;112;155;244;60;121;196;149;176;235;176;173;176;251;251;227;211;217;221;225;216;225;239;150;167;176;155;151;170;101;127;156;155;149;138;144;142;149;151;151;148;149;152;151;151;153;152;156;164;158;165;169;166;177;186;183;187;173;179;188;177;210;188;38;109;241;212;190;247;249;208;179;171;199;227;240;245;247;206;145;215;217;77;8;52;202;190;109;89;150;169;169;109;70;69;53;13;245;234;183;154;151;159;163;148;144;159;144;137;133;142;138;105;187;185;38;244;171;148;163;208;154;72;205;75;250;73;133;114;71;153;120;57;165;107;145;91;249;47;26;57;193;244;158;8;183;212;143;182;174;158;177;177;173;173;195;140;161;144;149;162;163;172;170;170;165;169;167;171;205;87;168;135;143;158;154;149;168;165;228;13;71;252;171;235;87;114;219;161;160;159;148;171;166;165;145;162;75;133;214;172;209;44;190;165;168;173;162;160;167;162;164;169;180;166;164;152;149;111;145;193;145;163;149;142;154;147;138;155;119;119;249;233;162;168;160;241;136;52;169;159;165;100;152;243;177;71;235;245;139;180;248;221;225;230;221;245;58;136;148;153;136;137;243;223;204;143;246;190;114;232;243;144;108;244;140;113;195;133;188;240;250;61;96;245;222;71;221;197;224;73;19;7;66;244;237;112;29;91;39;85;70;69;68;74;90;70;61;48;80;93;89;99;67;50;205;187;254;126;230;230;218;220;222;222;221;220;221;222;221;221;222;222;222;222;222;222;222;222;222;222;222;222;222;222;223;223;222;222;222;221;221;221;221;221;221;221;221;221;221;221;221;221;221;221;221;221;221;221;220;220;220;220;220;220;220;220;220;219;219;219;219;218;218;218;219;219;219;219;219;219;219;219;219;219;219;219;219;219;219;219;219;219;219;219;219;219;219;219;218;218;218;218;218;219;219;219;218;218;218;218;218;218;218;218;218;218;218;218;218;218;218;219;218;218;218;218;218;218;218;218;218;218;218;218;218;218
158;172;197;120;105;212;248;100;180;164;213;239;30;143;94;177;154;152;157;162;170;161;170;187;104;169;217;48;104;178;155;122;122;148;243;177;124;174;250;247;239;222;213;219;229;247;147;169;160;171;159;165;108;122;139;164;145;140;148;143;148;149;150;147;147;150;149;149;151;152;156;163;162;166;168;166;173;177;176;186;188;183;183;181;201;175;61;142;186;247;204;132;200;249;247;193;180;179;200;234;194;158;216;113;8;53;150;194;190;105;101;133;151;138;109;98;92;86;5;128;245;220;134;128;145;173;136;149;151;154;142;145;158;153;127;112;232;9;74;251;102;170;153;207;154;70;205;84;250;75;138;112;81;124;124;60;171;72;182;79;86;151;155;6;19;73;246;185;192;170;144;160;159;161;129;153;145;136;160;122;156;153;155;155;166;167;164;174;175;174;170;178;189;92;164;124;149;150;154;140;169;174;220;3;91;244;175;231;90;116;214;170;160;160;151;171;165;168;143;160;78;138;211;179;202;45;187;172;169;161;153;175;152;150;160;166;180;165;170;166;163;139;178;185;152;167;168;158;169;156;153;157;122;123;249;234;164;172;163;243;133;52;163;154;164;82;156;250;244;129;103;210;182;156;240;233;238;224;235;240;57;135;155;161;135;155;245;226;179;157;240;185;162;224;245;212;166;241;168;98;85;122;127;160;242;249;83;22;243;245;151;238;251;245;130;5;40;243;234;85;43;124;86;72;65;72;85;79;73;87;94;89;103;83;94;110;65;48;202;178;253;136;238;223;219;220;222;222;221;220;221;222;221;221;222;222;222;221;221;221;222;222;222;222;222;222;222;222;222;222;222;222;222;222;222;222;222;221;221;221;221;221;221;222;221;221;221;221;221;221;221;221;220;220;220;220;220;220;220;220;220;220;219;219;219;219;218;218;219;219;219;219;219;219;219;219;219;219;219;219;219;219;219;219;219;219;219;219;219;219;219;219;217;217;218;218;219;219;219;220;218;218;218;218;218;218;218;218;217;218;218;218;218;218;218;218;218;218;218;218;218;218;218;218;218;218;218;218;218;218
146;160;191;122;114;214;248;104;171;170;230;227;20;150;98;170;150;150;160;170;172;159;171;182;107;143;242;138;68;128;206;150;144;219;247;242;245;186;126;163;222;249;232;205;229;251;143;169;177;155;158;177;92;109;156;181;141;140;150;144;146;149;150;147;148;151;150;149;152;153;157;164;163;164;164;162;170;173;169;176;181;172;192;181;213;136;25;155;191;206;221;202;153;166;221;248;214;216;182;166;193;196;64;6;105;218;182;151;125;93;123;139;149;106;97;124;90;70;5;246;82;236;195;137;177;151;156;151;162;168;134;170;164;116;98;192;194;36;105;252;120;143;161;195;132;56;203;93;251;74;149;103;93;80;157;50;160;78;196;75;10;46;133;180;71;15;149;27;220;176;157;180;182;182;142;144;180;173;187;122;129;133;150;154;161;173;172;173;173;183;184;188;193;95;178;124;160;156;156;147;170;188;206;1;112;235;177;227;85;102;221;176;165;165;152;169;165;164;141;161;77;146;212;184;199;45;188;176;154;169;178;155;159;154;160;157;164;148;168;177;161;152;172;164;152;152;169;161;146;134;146;150;124;131;252;240;163;175;167;246;129;52;158;150;160;100;151;245;196;210;238;242;190;174;163;246;225;232;229;239;64;100;145;154;133;144;243;214;169;151;240;230;142;243;230;225;142;242;169;95;82;95;145;54;110;233;248;188;35;182;25;44;205;218;249;187;14;215;248;86;55;95;111;86;90;94;99;101;85;91;97;96;105;79;92;101;78;37;190;179;254;132;233;226;219;220;222;222;222;221;221;222;222;222;222;222;222;221;221;221;222;222;222;222;223;223;223;223;220;221;221;221;221;222;222;222;222;221;221;221;221;221;221;222;221;221;221;221;221;221;221;221;221;220;220;220;220;220;220;220;220;220;219;219;219;219;218;218;219;219;219;219;219;219;219;219;219;219;219;219;219;219;219;219;219;219;219;219;219;219;219;219;217;217;218;218;219;219;219;220;218;218;218;218;218;218;218;218;217;217;218;219;219;218;218;218;218;218;218;218;218;218;218;218;218;218;218;218;218;218
168;167;192;128;120;207;246;120;174;160;222;238;17;146;85;190;152;146;147;150;150;147;174;189;123;134;245;245;107;188;232;243;249;246;213;225;221;246;245;201;136;164;224;248;241;230;148;164;172;176;158;163;111;126;144;169;141;140;151;145;148;150;153;150;150;153;152;151;154;156;159;165;162;164;163;162;176;183;174;174;190;175;175;178;195;197;34;133;233;202;213;233;243;114;103;245;244;236;152;236;135;24;26;116;195;170;139;143;101;93;128;141;131;105;113;155;88;17;49;236;100;241;229;135;138;150;169;175;164;134;152;182;120;101;121;164;4;165;132;245;170;164;157;199;136;78;209;88;247;62;152;101;106;117;127;51;177;46;204;80;156;64;88;54;151;237;112;7;208;172;145;183;182;186;170;145;179;179;199;133;130;136;162;173;171;160;158;178;169;153;160;197;185;83;171;115;148;160;143;158;168;202;182;1;126;229;179;228;81;74;230;175;166;169;149;163;169;160;141;164;72;153;214;180;202;41;190;173;170;160;158;160;161;153;155;155;164;151;165;170;159;145;162;177;155;162;163;157;145;137;158;162;135;139;249;229;164;176;165;242;118;50;155;153;154;111;148;246;195;178;202;111;221;193;142;222;250;213;243;244;62;112;136;152;126;152;249;188;174;203;237;202;200;234;188;241;191;248;187;143;240;97;10;117;145;55;174;241;251;167;27;13;29;213;202;245;225;167;248;99;44;80;85;66;62;87;66;95;93;76;83;88;99;92;104;108;77;51;211;185;251;130;233;227;220;221;222;222;222;222;222;222;223;223;223;223;223;222;222;221;222;222;222;222;223;223;223;223;221;221;221;221;221;221;221;221;222;222;221;221;221;221;222;222;221;221;221;221;221;221;221;221;221;221;221;220;220;220;220;220;220;220;220;219;219;219;219;218;219;219;219;219;219;219;219;219;219;219;219;219;219;219;219;219;219;219;219;219;219;219;219;219;218;218;218;218;218;218;219;219;218;218;218;218;218;218;218;218;217;217;218;219;219;218;218;218;218;218;218;218;218;218;218;218;218;218;218;218;218;218
143;158;193;125;123;214;248;115;168;175;223;220;7;158;87;177;147;155;165;175;175;163;179;181;112;128;249;237;143;158;172;203;237;217;216;224;222;218;209;241;252;206;148;147;225;249;172;175;163;152;158;179;103;118;157;181;146;141;151;147;151;152;155;152;151;155;155;153;157;160;162;166;164;165;164;165;181;190;178;175;171;197;183;175;210;177;104;137;112;212;240;247;248;129;122;244;182;89;218;126;10;62;132;183;179;103;130;122;105;120;146;136;130;82;73;140;82;7;133;160;104;233;231;235;204;165;157;155;150;142;160;126;105;80;153;115;35;38;88;253;150;160;156;198;113;64;197;102;251;67;158;72;126;139;115;50;170;41;211;41;229;96;154;50;8;79;72;131;201;166;156;173;162;189;164;155;178;169;189;148;162;166;172;173;166;175;171;170;167;174;171;173;181;150;167;111;154;163;141;165;166;212;149;1;131;228;179;231;84;45;233;174;169;171;148;162;174;162;142;163;68;158;210;173;195;46;211;166;169;169;159;165;172;167;163;164;164;154;161;164;161;145;178;178;169;168;146;166;157;148;157;159;129;139;252;232;166;178;164;242;112;52;151;147;152;101;142;248;195;60;88;38;175;232;152;172;243;212;243;236;62;140;154;170;155;162;249;163;206;203;34;17;101;243;192;206;219;242;183;129;175;190;228;83;28;72;204;167;198;213;253;153;3;2;170;222;231;228;235;66;22;122;95;87;72;71;78;82;89;74;85;85;81;76;83;96;65;64;228;179;245;143;242;220;221;221;222;222;223;223;222;222;223;223;223;223;223;223;222;222;223;223;223;223;223;223;223;223;224;224;223;223;222;221;221;221;222;222;221;221;221;221;222;222;221;221;221;221;221;221;221;221;221;221;221;221;220;220;220;220;220;220;220;219;219;219;219;219;219;219;219;219;219;219;219;219;219;219;219;219;219;219;219;219;219;219;219;219;219;219;219;219;219;219;219;219;218;218;218;218;218;218;218;218;218;218;218;218;217;218;218;218;218;218;218;218;218;218;218;218;218;218;218;218;218;218;218;218;218;218
176;173;194;121;121;207;250;134;175;172;221;216;39;126;73;180;145;153;154;156;157;150;171;175;120;126;245;243;133;175;185;212;247;202;237;232;215;230;215;219;209;244;247;215;168;112;107;215;216;166;149;175;103;118;150;161;152;143;150;147;151;152;153;152;151;156;156;155;159;162;164;167;165;163;164;167;181;185;175;178;182;178;191;170;185;166;40;78;238;78;184;248;241;137;155;226;67;125;70;20;78;147;152;168;127;118;139;105;105;128;137;120;126;75;111;138;14;53;175;160;119;112;239;237;200;128;161;146;148;155;138;125;103;89;224;215;172;7;125;250;145;172;146;197;118;74;187;113;246;61;161;66;117;122;143;36;180;64;215;19;203;66;100;97;61;95;30;69;194;192;158;178;166;181;166;157;178;169;182;138;153;161;170;175;176;181;178;184;188;194;185;181;184;189;170;111;161;151;136;157;167;219;116;3;127;229;176;232;88;21;223;180;173;172;149;162;174;167;139;156;68;165;205;173;206;15;163;181;147;156;158;144;145;145;137;137;131;137;157;174;149;132;162;149;156;148;125;149;173;165;161;163;127;140;252;230;167;181;166;246;120;63;153;144;149;122;180;244;200;36;134;100;44;215;198;140;222;238;240;242;66;101;154;162;164;149;243;186;198;130;118;183;104;206;219;165;231;245;172;12;51;83;171;50;126;189;170;244;223;100;151;251;247;34;4;85;196;202;248;239;61;6;72;104;61;79;109;86;82;75;67;69;75;81;88;113;71;47;204;176;254;141;233;228;221;221;222;223;223;223;223;222;222;222;223;223;223;223;223;222;223;223;223;223;223;223;223;223;224;224;223;223;222;222;222;221;222;222;222;221;221;222;222;222;221;221;221;221;221;221;221;221;221;221;221;221;220;220;220;220;220;220;220;220;219;219;219;219;219;219;219;219;219;219;219;219;219;219;219;219;219;219;219;219;219;219;219;219;219;219;219;219;219;219;219;219;218;218;218;218;218;218;218;218;218;218;218;218;218;218;218;218;218;218;218;219;218;218;218;218;218;218;218;218;218;218;218;218;218;218
144;153;189;126;131;211;245;115;172;163;233;222;80;83;65;201;147;163;167;171;176;167;183;182;116;133;247;244;114;187;146;246;231;219;214;223;220;220;226;223;229;220;204;230;247;181;53;14;127;227;226;170;98;130;151;175;155;143;147;146;151;150;150;149;150;155;155;155;160;163;165;167;162;159;161;167;179;179;174;185;184;162;193;190;147;243;189;127;239;149;101;127;245;173;177;188;137;22;10;97;222;145;163;165;103;133;116;99;107;133;116;137;115;98;149;107;9;215;151;138;137;146;241;127;105;157;153;147;151;136;118;122;74;168;144;182;187;133;151;252;143;165;172;176;25;37;157;112;251;56;144;74;132;91;169;17;171;44;212;41;215;66;117;72;53;155;136;9;171;192;146;173;172;181;160;154;176;174;184;132;147;162;169;169;169;171;172;182;178;176;178;196;179;124;167;115;158;151;145;175;169;223;94;4;122;230;173;230;86;4;209;184;176;171;148;161;169;169;136;148;69;171;203;178;206;67;150;202;160;166;158;166;164;169;159;158;139;137;141;149;156;126;135;156;144;160;144;131;128;133;142;163;133;146;251;220;169;181;165;248;126;77;164;154;165;138;178;242;214;43;107;126;52;98;227;165;201;234;239;245;48;71;126;136;84;180;250;234;163;145;173;151;142;125;229;167;199;246;149;12;61;175;162;180;241;194;123;115;245;244;145;132;250;248;110;4;35;191;183;248;246;135;10;29;85;47;67;99;82;93;70;69;72;69;71;104;71;39;191;167;254;138;229;231;221;221;222;223;223;224;223;222;221;221;222;222;222;223;222;222;224;224;224;223;223;223;223;222;221;221;221;221;222;222;222;223;222;222;222;221;221;222;222;222;221;221;221;221;221;221;221;221;221;221;221;221;221;220;220;220;220;220;220;220;219;219;219;219;219;219;219;219;219;219;219;219;219;219;219;219;219;219;219;219;219;219;219;219;219;219;219;219;219;219;219;218;218;218;218;218;218;218;218;218;218;218;218;218;218;218;218;217;217;218;219;219;218;218;218;218;218;218;218;218;218;218;218;218;218;218
161;172;192;131;113;220;246;108;180;172;220;217;99;87;85;175;150;154;152;148;163;153;173;177;114;140;250;247;93;224;239;224;228;222;222;224;224;226;221;207;215;220;229;215;216;249;250;139;55;3;91;211;151;117;146;173;152;147;148;152;149;148;151;151;151;151;153;158;163;167;168;167;162;164;163;166;177;184;184;184;183;179;181;188;138;242;235;17;117;232;129;118;144;173;222;169;83;22;57;245;154;119;168;170;121;128;137;122;123;130;123;140;101;103;149;46;57;246;150;153;132;198;150;138;160;143;158;149;165;121;112;121;99;192;43;66;151;145;125;251;159;166;141;232;61;56;190;110;249;56;132;95;162;72;150;18;173;37;224;30;215;52;172;59;44;129;124;26;178;196;156;178;172;184;155;147;169;177;187;131;148;169;176;168;166;179;180;170;166;183;182;186;206;81;169;120;165;142;145;184;177;218;61;19;118;233;168;225;99;4;202;185;178;164;159;153;166;170;138;136;85;170;206;173;193;146;179;187;166;185;176;165;183;182;181;186;174;176;177;182;159;142;179;183;164;164;171;169;168;159;167;166;126;141;249;234;171;177;167;246;119;94;172;173;188;135;165;240;228;64;86;124;128;44;174;221;150;247;242;234;56;120;157;170;96;210;248;235;81;85;104;102;112;41;194;207;185;251;117;87;242;202;210;187;154;167;236;158;157;210;250;205;123;220;249;181;9;7;160;183;203;246;249;50;12;100;86;60;68;88;80;92;90;93;83;95;62;55;207;165;254;137;233;229;221;223;224;223;224;225;224;223;220;222;224;225;225;224;224;224;224;222;224;225;222;221;223;222;222;224;223;222;232;216;222;222;222;222;222;222;222;222;222;222;222;221;221;221;221;221;221;220;221;221;222;221;220;220;220;220;220;220;220;220;220;220;220;220;219;219;219;219;219;219;219;219;219;219;219;219;219;219;219;219;219;219;219;219;219;219;218;218;219;219;219;219;219;219;219;219;218;217;217;217;218;218;218;217;218;218;217;217;217;217;218;218;218;218;218;218;218;218;218;218;217;217;217;217;217;217
150;154;192;133;108;217;252;94;188;160;227;240;76;39;92;175;162;171;179;175;180;168;185;177;114;139;247;241;93;234;243;214;237;225;218;222;225;221;221;228;222;219;228;225;208;215;237;164;204;166;31;13;96;139;141;175;152;148;150;153;152;152;155;156;151;149;154;165;170;167;166;169;166;167;166;168;175;179;181;185;181;177;180;194;124;245;191;77;246;56;122;190;194;212;228;149;18;133;246;114;150;169;123;131;133;124;119;125;129;119;115;131;102;112;150;0;142;247;212;138;146;127;142;156;147;161;153;161;132;104;146;73;137;253;241;128;68;64;110;252;141;176;165;236;111;93;218;109;247;54;100;81;127;90;191;8;186;34;203;31;231;31;144;65;37;128;147;8;173;198;159;175;166;179;160;151;181;177;180;133;152;152;169;171;177;171;173;185;182;175;168;187;195;80;159;123;171;130;162;180;177;201;48;23;117;233;169;224;111;24;194;185;174;176;165;148;168;170;143;140;89;176;198;179;188;148;163;177;184;157;167;170;165;167;166;168;157;158;157;161;154;136;179;182;161;158;154;146;153;148;152;159;127;142;251;237;171;186;168;246;122;91;179;172;182;141;175;242;222;96;81;110;130;92;85;225;137;234;245;208;79;180;189;188;154;220;241;241;53;73;85;92;121;63;86;223;184;246;137;190;244;91;63;170;185;174;174;200;170;177;155;250;247;127;140;252;248;33;4;62;188;199;245;243;124;7;80;122;93;98;90;85;88;94;97;113;60;58;213;167;253;141;237;228;221;223;224;223;223;225;224;223;224;224;224;225;225;225;225;225;228;223;223;225;223;221;223;223;229;227;227;224;215;232;223;218;222;222;222;222;222;222;222;222;222;221;221;221;221;221;221;220;221;222;222;221;220;220;220;221;220;220;220;220;220;220;220;220;219;219;219;219;219;219;219;219;219;219;219;219;219;219;219;219;219;219;219;219;219;219;219;218;219;219;219;219;219;219;219;219;219;218;218;218;219;219;219;218;219;218;218;217;217;218;218;219;218;218;218;218;218;218;218;218;218;218;218;218;218;218
166;154;178;128;129;215;247;97;190;152;222;250;166;104;26;164;142;150;155;149;149;150;179;176;114;140;248;233;88;238;245;205;228;224;215;214;224;229;224;221;224;217;218;224;223;224;240;150;146;200;246;65;10;141;152;154;150;145;147;151;150;150;153;154;151;152;158;166;170;168;168;170;168;170;170;173;178;177;179;187;187;180;185;185;123;244;216;118;245;43;166;186;181;243;200;128;101;88;133;157;237;141;103;135;130;143;131;114;113;121;123;109;106;122;120;9;199;245;158;135;143;154;165;140;163;160;154;141;130;139;107;90;246;125;191;250;239;96;45;247;154;159;79;50;16;32;18;96;249;42;155;97;52;83;167;31;214;12;150;31;230;34;160;60;49;150;123;16;160;196;155;164;157;180;168;144;167;173;192;132;156;165;172;169;168;175;172;165;165;183;183;188;196;87;168;133;169;133;181;170;194;174;42;33;118;232;169;220;111;2;155;192;180;168;158;161;165;168;141;135;83;175;185;182;182;38;188;181;166;171;145;164;167;167;164;166;162;165;161;159;150;128;174;177;161;167;165;159;154;153;145;158;129;141;251;238;160;187;168;246;123;72;160;139;164;117;169;244;211;130;99;69;112;108;35;196;196;203;245;170;66;172;172;185;152;207;241;238;98;75;126;122;112;120;54;195;206;235;145;186;151;170;124;55;134;175;183;151;155;183;137;182;229;251;173;117;252;241;114;7;8;142;170;188;252;163;5;46;110;79;103;99;99;89;97;106;49;54;220;171;251;141;239;227;221;223;224;223;223;224;224;222;227;225;223;223;224;225;225;225;224;223;225;226;224;225;222;213;219;225;210;220;235;214;222;228;222;222;222;222;222;222;222;222;222;221;221;221;221;221;221;220;221;221;222;221;220;220;220;220;220;220;220;220;220;220;220;220;220;220;220;220;220;220;220;220;219;219;219;219;219;219;219;219;219;219;219;219;219;219;219;219;219;219;219;219;219;219;219;219;220;219;219;219;220;220;220;219;219;219;218;218;218;218;219;219;219;219;219;219;219;219;219;219;219;219;219;219;219;219
179;170;220;158;128;230;237;107;196;151;243;192;86;183;128;164;164;176;181;178;177;171;189;188;111;139;249;229;86;236;245;208;231;214;215;229;224;209;211;224;220;222;223;212;222;224;249;151;158;156;164;210;101;121;151;177;156;151;152;156;154;153;155;156;154;158;161;162;164;168;170;169;168;169;172;180;185;182;181;188;176;196;190;201;132;239;245;243;239;157;149;226;238;218;235;240;243;187;189;167;163;171;131;134;138;131;126;129;126;113;108;113;107;149;53;143;169;174;146;138;143;151;140;141;152;143;141;153;132;121;72;221;236;238;181;138;194;237;232;244;98;188;69;169;100;129;155;96;250;37;148;92;150;43;123;35;183;41;208;24;158;53;174;62;29;126;136;16;177;208;173;195;194;205;181;145;170;176;199;120;140;171;166;170;171;172;173;175;172;177;172;183;195;85;179;138;145;150;185;153;219;130;51;41;119;230;171;219;106;8;151;197;169;180;168;146;165;179;143;130;81;178;187;190;189;35;184;186;175;168;168;179;169;166;160;162;169;174;168;162;164;139;180;175;155;160;156;153;154;154;138;154;128;140;251;241;162;185;171;246;130;84;177;165;184;115;171;247;190;118;154;54;104;113;66;97;225;174;243;162;68;162;165;193;133;207;246;236;124;59;120;107;99;122;48;144;216;240;153;161;136;75;194;174;71;91;162;179;163;134;205;181;139;166;251;225;107;202;244;213;45;7;105;167;163;248;231;19;46;107;80;80;110;118;76;94;40;45;222;176;249;138;238;228;221;223;224;223;223;224;224;222;226;224;221;221;223;224;224;223;218;224;227;221;222;231;227;210;207;223;171;217;209;199;238;220;222;222;222;222;222;222;222;222;222;221;221;221;221;221;221;220;220;221;221;221;220;219;219;220;220;220;220;220;220;220;220;220;220;220;220;220;220;220;220;220;219;219;219;219;219;219;219;219;219;219;219;219;219;219;219;219;219;219;219;219;219;219;219;219;220;220;219;219;220;220;220;219;219;219;219;219;219;219;219;219;219;219;219;219;219;219;219;219;219;219;219;219;219;219
164;164;125;54;115;224;242;107;186;140;245;192;31;50;122;157;144;153;149;150;158;152;170;181;107;134;248;229;93;238;244;215;232;219;220;222;215;225;234;222;218;219;228;214;225;211;245;156;161;162;161;177;78;147;165;171;157;152;153;156;153;152;154;155;161;161;162;162;163;165;168;170;169;169;171;180;188;186;183;188;198;183;166;214;130;221;250;232;130;207;243;155;146;224;235;206;189;170;237;127;79;149;163;129;112;118;127;116;113;113;99;104;133;116;57;178;99;195;147;142;153;151;155;156;127;144;203;112;149;89;125;249;229;193;220;250;193;124;173;234;239;209;57;248;39;39;250;128;163;113;114;73;142;87;187;5;185;21;199;55;211;43;169;63;48;146;99;19;172;176;140;174;178;180;165;148;177;177;190;133;149;163;157;172;177;171;172;184;180;173;169;192;194;83;177;147;130;169;185;151;233;77;67;43;119;229;174;221;103;19;134;207;152;198;177;135;156;187;143;124;78;180;194;188;199;48;186;173;167;163;157;172;163;161;155;154;164;166;163;161;146;133;176;176;161;165;161;161;160;162;143;159;129;142;250;238;175;182;177;243;116;70;146;141;159;100;165;245;187;78;206;76;86;114;110;42;199;216;244;139;73;172;179;197;145;221;242;238;125;67;117;112;117;121;74;74;212;245;108;139;244;167;67;163;218;113;79;142;189;163;165;182;198;111;167;242;250;144;133;253;254;56;28;44;181;190;248;248;51;7;101;89;95;78;98;114;50;40;218;177;250;139;238;227;221;223;224;223;223;225;224;223;224;222;221;222;224;224;223;222;223;224;223;220;221;229;229;219;213;239;190;202;231;208;225;219;222;222;222;222;222;222;222;222;222;221;221;221;221;221;221;220;220;220;220;220;219;218;219;219;220;220;220;220;220;220;220;220;220;220;220;220;220;220;220;220;219;219;219;219;219;219;219;219;220;219;219;219;219;219;219;219;219;219;219;219;219;219;219;219;220;219;219;219;220;220;220;219;219;219;219;219;219;219;219;219;219;219;219;219;219;219;219;219;219;219;219;219;219;219
126;15;17;43;57;233;235;72;208;165;233;201;152;35;89;188;166;174;171;179;181;169;178;184;114;136;247;229;104;242;238;214;229;211;219;232;222;216;220;214;215;216;226;215;230;222;243;151;163;157;186;156;109;138;138;170;154;149;150;153;150;149;151;151;166;160;161;168;169;164;164;171;173;171;169;175;184;185;184;186;175;197;182;173;153;244;167;110;189;225;213;244;191;138;238;146;54;240;199;98;142;112;117;134;129;113;126;132;116;81;82;150;158;70;136;158;210;242;106;149;145;121;116;106;95;235;230;97;112;64;252;244;234;244;211;188;234;227;180;149;245;178;147;242;43;87;180;142;6;131;132;77;43;73;182;24;235;27;174;60;212;48;141;50;42;148;120;19;175;171;133;146;141;151;146;139;132;145;157;128;160;162;172;182;169;175;175;172;168;180;182;194;195;86;173;151;136;176;176;164;229;42;88;40;123;229;174;218;102;16;80;219;143;193;171;150;145;186;146;119;78;182;195;180;195;39;194;191;166;171;173;160;163;166;163;157;162;157;159;167;150;147;178;175;162;156;151;151;158;161;149;163;127;144;249;234;169;170;183;248;118;83;146;140;144;106;165;246;204;53;207;97;66;107;129;63;147;242;247;144;66;159;177;180;145;217;238;238;134;77;107;126;123;126;116;33;207;249;124;194;245;247;213;81;104;205;163;75;93;166;171;124;140;217;166;126;214;249;167;179;140;28;200;2;4;155;187;232;248;83;8;102;116;93;95;97;71;41;213;177;254;145;239;225;222;224;224;224;224;225;225;223;224;223;223;224;225;225;224;222;228;221;222;227;225;221;220;221;219;216;219;175;227;210;230;219;222;222;222;222;222;222;222;222;222;221;221;221;221;221;221;220;220;220;220;220;219;218;219;219;220;220;220;220;220;220;220;220;219;219;219;219;219;219;219;219;219;219;219;219;219;219;219;219;220;220;220;219;219;219;219;219;219;219;219;219;219;219;219;219;220;219;219;219;219;220;219;219;219;219;219;220;220;219;219;219;219;219;219;219;219;219;219;219;219;219;219;219;219;219
146;227;108;66;63;208;168;102;213;139;249;179;121;81;94;188;152;150;149;157;150;152;175;176;122;144;248;225;108;243;235;218;250;240;222;210;217;234;234;219;212;225;228;212;212;228;240;156;158;170;166;170;98;139;168;178;158;153;154;156;154;152;154;154;163;162;162;164;166;168;168;167;174;174;170;173;181;185;183;184;194;176;179;202;196;177;7;172;218;131;145;204;236;237;212;40;134;240;121;110;140;133;111;132;128;113;116;127;102;49;69;168;144;38;154;219;243;241;116;123;131;185;227;239;221;199;235;209;124;153;154;246;250;234;239;243;210;196;217;242;113;62;211;253;28;57;178;174;10;138;230;171;74;64;49;76;195;18;240;33;213;36;158;88;20;112;126;26;175;179;164;179;177;192;180;174;167;172;183;116;152;156;166;171;165;168;173;178;174;174;168;179;186;80;180;128;144;180;152;179;205;26;100;32;127;232;172;213;103;51;63;218;141;180;176;153;145;184;156;121;84;190;197;180;184;41;191;181;170;176;171;175;165;167;165;158;165;153;157;170;153;157;172;167;160;149;148;149;144;147;144;157;117;145;249;237;177;175;184;246;109;95;163;156;183;140;183;250;205;52;183;128;47;51;61;40;98;240;248;148;83;161;177;184;142;213;241;239;129;51;24;26;24;28;52;28;183;241;132;196;246;239;247;219;168;91;148;187;102;76;143;168;136;136;194;166;131;192;250;177;3;170;248;222;60;4;125;185;226;246;130;4;87;91;82;113;74;39;214;179;254;148;242;225;222;224;225;224;225;226;225;224;225;225;225;225;225;224;224;223;226;221;223;228;225;221;224;228;211;251;227;214;241;206;211;231;222;222;222;222;222;222;222;222;222;221;221;221;221;221;221;220;220;221;221;220;220;219;219;220;220;220;220;220;220;220;220;220;219;219;219;219;219;219;219;219;220;220;220;220;220;220;220;220;220;220;220;219;219;219;219;219;219;219;219;219;219;219;219;219;220;219;219;219;220;220;220;219;219;219;219;220;220;219;219;219;219;219;219;219;219;219;219;219;219;219;219;219;219;219
165;188;74;31;34;55;204;173;226;128;248;129;21;124;104;192;172;169;181;192;170;172;193;176;122;147;248;219;106;242;238;231;128;195;246;248;229;206;205;223;211;223;222;222;214;236;223;138;177;151;158;181;95;142;156;170;159;153;154;156;152;150;152;152;156;167;165;154;158;173;175;162;172;175;173;175;182;186;183;182;181;177;233;203;117;207;239;232;230;240;177;168;242;140;132;80;243;226;74;151;137;124;125;116;114;131;123;115;101;71;91;152;99;143;132;118;234;225;209;119;212;211;167;153;143;85;210;219;193;249;54;40;157;245;242;246;216;203;215;232;46;5;206;248;3;8;222;108;5;165;198;145;189;195;56;40;188;79;155;76;241;11;151;63;47;181;99;8;184;165;151;175;170;168;150;160;174;160;196;101;145;154;146;161;161;163;164;167;167;175;172;183;180;74;200;105;153;196;139;198;175;18;100;24;129;234;171;211;97;73;63;213;149;161;184;162;145;176;159;116;81;191;192;178;186;51;191;183;176;165;166;170;167;165;161;158;170;158;159;171;153;164;173;173;173;160;159;159;161;159;157;161;112;144;247;234;172;175;182;244;100;93;161;142;152;109;173;249;191;65;176;169;103;137;168;145;145;244;244;156;86;173;173;195;150;221;239;244;115;93;129;140;136;140;154;135;180;251;112;186;250;227;229;249;231;227;91;114;185;137;57;114;176;147;133;183;231;119;243;125;4;216;166;246;248;152;1;56;192;213;251;168;4;60;81;100;62;34;218;183;253;147;242;226;223;225;225;225;225;226;226;224;226;226;226;225;224;223;223;224;222;224;224;217;217;232;246;249;241;160;8;131;250;197;223;228;222;222;222;222;222;222;222;222;222;221;221;221;221;221;221;220;221;222;222;221;220;220;220;221;220;220;220;220;220;220;220;220;219;219;219;219;219;219;219;219;220;220;220;220;220;220;220;220;220;220;220;220;219;219;219;219;219;219;219;219;219;219;219;219;220;220;219;219;220;220;220;219;218;219;219;220;220;219;219;218;219;219;219;219;219;219;219;219;219;219;219;219;219;219
139;88;142;53;113;212;186;15;208;135;246;144;32;135;103;169;137;155;137;149;137;159;170;171;122;140;248;214;103;246;236;222;242;163;120;167;238;248;241;216;219;214;219;224;211;227;223;123;181;160;176;157;103;137;166;172;162;148;158;155;158;153;149;155;164;161;158;159;152;169;174;166;173;176;175;176;186;188;179;186;180;226;135;37;143;216;227;164;10;89;243;222;30;59;128;225;238;136;109;147;119;119;116;135;116;116;111;121;73;49;110;139;92;221;133;89;179;240;234;191;140;128;101;114;97;71;38;214;249;94;173;180;72;45;179;249;244;214;246;183;14;43;180;252;65;40;231;192;5;148;117;94;164;240;200;109;116;68;182;85;156;62;165;6;69;141;101;55;179;158;135;160;156;153;151;159;170;171;194;108;148;157;152;171;165;168;162;169;163;176;176;190;172;82;198;105;178;177;149;223;103;37;110;16;134;232;167;215;95;90;51;194;179;133;199;161;146;155;168;111;70;192;190;179;183;51;181;170;176;173;162;173;170;165;166;176;164;168;174;184;164;161;177;178;170;154;149;140;161;165;168;172;115;156;253;231;161;176;182;249;105;85;169;160;181;102;155;247;192;63;164;144;148;185;184;159;114;245;247;156;78;162;186;185;137;225;245;244;79;124;199;193;202;196;201;181;189;246;138;157;247;239;224;219;246;235;234;141;88;147;171;73;80;143;167;143;152;230;169;7;116;251;181;133;249;248;202;20;7;185;211;253;216;4;16;92;61;43;219;182;249;148;240;224;223;224;225;226;226;225;224;224;225;222;227;227;225;224;223;231;218;220;232;247;251;244;175;95;85;61;123;191;232;208;217;225;223;223;223;223;222;222;222;222;221;221;221;221;221;221;220;220;222;222;221;221;221;221;220;220;218;218;219;220;220;221;221;222;220;220;220;220;220;220;220;220;220;221;222;221;220;219;219;221;222;225;221;215;216;222;222;217;219;219;219;219;219;219;219;219;220;220;220;220;220;220;220;220;219;220;220;220;220;220;220;221;219;219;219;219;219;219;219;218;219;219;219;219;219;219
108;83;239;145;119;109;13;30;111;190;155;88;134;148;180;149;179;195;187;184;187;189;198;188;108;152;245;210;109;245;220;223;230;246;234;183;133;149;217;244;236;222;217;215;233;225;230;153;161;168;169;163;101;142;157;173;156;157;156;157;148;157;154;162;174;159;146;158;176;169;161;170;167;178;168;173;187;185;175;189;220;214;99;28;196;203;170;108;110;69;64;70;104;244;24;79;242;140;142;121;119;133;115;114;111;118;123;114;74;96;134;60;96;130;144;162;77;221;243;242;177;188;226;195;200;250;168;232;123;82;142;166;187;52;4;40;161;236;247;120;12;90;60;115;20;37;57;49;19;179;174;76;75;134;173;208;237;71;103;82;172;110;143;76;8;77;106;42;184;166;155;171;152;162;172;165;156;194;182;106;139;150;174;163;163;169;162;174;172;153;159;194;181;93;175;115;196;143;161;226;30;56;119;21;139;220;178;214;88;76;45;168;196;110;211;163;144;157;157;109;68;193;182;192;185;58;178;166;156;147;151;142;134;141;143;161;145;129;150;160;157;138;158;162;145;138;146;132;119;134;140;162;107;152;252;229;168;179;178;244;100;85;177;170;205;133;168;247;184;65;173;149;117;149;150;138;109;240;245;144;82;169;187;195;150;228;245;244;71;107;169;147;153;157;169;158;185;250;187;183;249;233;251;225;217;248;251;227;209;83;127;178;108;71;112;161;109;190;142;21;176;152;249;240;117;203;253;248;70;2;154;223;252;249;42;36;66;36;212;175;254;154;243;236;225;226;227;227;227;226;225;225;225;223;225;221;224;231;229;228;248;251;241;183;95;81;129;180;250;251;219;200;249;211;215;234;223;223;223;223;222;222;222;222;222;222;222;222;221;221;221;220;222;222;221;221;221;221;220;220;219;219;219;220;220;220;221;221;220;220;220;220;220;220;220;220;216;219;216;216;224;227;222;217;219;216;218;225;226;221;219;221;219;219;219;219;219;219;219;219;220;220;220;220;220;220;220;220;219;220;220;220;220;220;220;221;219;219;219;219;219;219;219;219;219;219;219;219;219;219
7;69;70;54;146;232;60;41;196;129;248;140;116;165;190;154;178;115;152;156;201;121;85;212;113;135;245;187;119;243;243;234;247;182;238;229;244;204;130;134;196;245;250;224;195;234;226;150;164;159;171;156;103;147;166;164;157;152;156;151;154;153;155;160;158;169;167;174;173;170;164;179;172;173;184;170;192;172;198;234;165;50;243;199;142;218;135;134;167;155;129;85;139;96;33;135;123;160;133;127;111;116;116;116;116;128;90;99;85;99;137;57;154;155;144;166;120;112;244;248;210;160;178;169;239;164;249;215;61;170;134;95;172;241;150;34;124;127;175;45;78;246;241;243;199;203;200;211;185;165;234;238;139;49;72;149;234;177;177;80;150;43;99;149;108;153;93;6;184;171;150;165;171;180;167;153;162;170;173;116;151;152;157;176;170;167;169;162;167;172;174;182;161;95;159;153;178;145;180;200;21;69;117;14;133;229;168;211;99;83;61;136;229;114;173;176;155;169;146;123;67;189;188;176;179;66;184;162;165;162;159;161;160;155;135;155;149;124;154;152;138;145;159;158;166;160;160;172;177;168;129;140;83;140;250;230;170;181;179;246;98;80;170;158;182;138;169;245;177;67;175;132;133;155;155;153;122;231;246;151;85;179;181;189;148;225;246;246;73;116;188;164;171;176;178;162;191;248;188;190;219;188;240;244;243;232;212;244;215;237;111;98;143;156;81;103;165;171;42;142;217;163;121;247;248;151;158;249;253;132;2;75;228;250;244;80;8;23;219;155;251;166;239;227;224;225;226;227;226;226;225;225;220;227;232;223;223;235;239;241;181;122;75;127;148;240;244;250;244;197;176;203;231;211;219;220;223;223;223;223;222;222;222;222;222;222;222;222;222;221;221;221;222;222;221;221;221;221;220;220;220;220;220;220;220;220;220;220;220;220;220;220;220;220;220;220;226;228;221;216;220;219;219;225;227;227;223;217;215;218;220;220;219;219;220;220;220;220;219;219;220;220;220;220;220;220;220;220;219;220;220;220;220;220;220;221;219;219;219;219;219;219;219;219;219;219;219;219;219;219
173;90;52;9;36;130;120;103;206;13;242;121;37;127;166;135;79;44;130;20;164;192;53;175;154;151;243;227;109;247;236;138;161;238;244;248;243;248;246;221;154;130;181;234;241;235;247;122;146;169;181;176;86;152;159;170;158;154;136;161;153;163;157;163;164;168;159;164;146;173;173;166;165;173;165;184;174;176;240;70;77;142;142;160;127;168;119;200;145;108;172;176;115;111;196;218;193;27;49;116;143;136;116;107;111;113;95;127;115;117;72;39;146;130;160;145;153;86;191;246;245;167;186;175;247;124;175;118;151;171;143;154;224;202;239;213;251;62;48;166;156;123;123;123;108;112;198;182;103;135;174;172;245;249;151;58;71;125;241;170;177;161;121;4;52;200;72;55;178;174;157;157;152;148;147;165;175;170;195;110;149;166;147;168;154;165;176;164;178;176;149;189;169;92;159;165;176;135;208;158;2;114;124;32;144;224;162;215;100;98;66;130;219;104;159;197;143;143;150;120;65;205;185;182;176;41;186;161;152;169;163;163;172;164;145;155;151;132;170;172;151;147;167;159;147;142;135;121;114;138;135;169;114;146;244;212;169;181;181;249;98;75;163;142;160;137;170;247;173;59;160;106;87;93;105;142;137;232;247;139;83;187;175;180;143;225;248;245;64;113;186;159;169;179;179;164;191;241;192;202;246;197;210;209;237;252;226;233;237;238;237;151;95;129;187;116;119;121;13;162;158;204;157;144;186;242;182;113;228;253;203;8;5;199;252;251;79;7;238;157;239;162;247;231;223;225;227;227;227;226;227;227;230;224;224;228;233;215;154;101;136;209;251;247;228;249;165;130;162;171;180;229;217;212;228;230;223;223;223;223;222;222;222;222;223;223;223;223;222;222;221;221;222;222;221;221;221;221;220;220;220;220;220;220;220;220;219;219;220;220;220;220;220;220;220;220;209;215;218;224;227;216;209;218;209;217;220;217;218;223;225;221;219;220;221;221;221;221;220;219;220;220;220;220;220;220;220;220;219;220;220;220;220;220;220;221;220;220;220;219;219;219;219;219;220;220;220;219;219;219
23;29;107;97;135;133;214;215;152;24;242;116;127;160;181;245;97;6;71;175;74;109;34;94;105;193;250;182;110;241;246;219;209;177;209;191;205;182;227;234;244;226;194;131;169;226;240;129;222;166;124;171;119;147;158;184;145;147;168;146;147;150;160;152;167;167;171;178;161;167;171;172;162;179;182;166;170;190;91;38;65;245;153;230;187;113;148;184;110;76;153;220;127;97;103;90;202;234;60;56;87;108;119;114;103;95;105;135;130;128;9;208;184;99;154;140;153;125;94;244;240;226;102;85;221;246;78;105;165;160;94;82;242;236;178;215;163;18;134;120;155;164;164;157;175;172;187;224;187;150;137;161;170;200;243;247;132;51;110;129;244;217;187;71;56;9;17;182;212;173;158;170;167;172;167;152;164;181;196;97;140;153;162;163;169;166;172;170;157;167;166;203;150;109;201;157;152;138;226;89;49;105;112;44;139;211;172;216;93;97;67;97;221;163;127;187;158;156;149;128;74;184;182;176;177;61;188;155;164;167;146;163;166;156;149;150;152;145;164;158;139;135;157;149;147;157;146;120;110;130;127;153;111;145;252;226;169;182;179;248;96;75;170;148;168;138;166;251;177;54;168;135;107;110;120;153;140;229;247;133;84;190;176;189;152;228;247;243;72;123;189;157;167;177;180;165;178;250;196;213;248;242;193;193;220;224;248;227;206;232;247;217;195;129;114;170;176;41;107;200;145;110;179;196;137;157;249;249;105;209;247;236;72;2;151;246;252;168;182;175;246;159;244;233;227;228;230;230;228;228;228;229;220;225;234;228;223;228;234;244;251;246;224;228;213;192;59;133;244;251;206;219;211;214;224;215;223;223;223;223;222;222;222;222;223;223;223;223;223;222;222;221;222;222;221;221;221;221;220;220;221;221;220;220;220;219;219;219;220;220;220;220;220;220;220;220;230;226;218;218;224;225;223;226;228;225;225;229;226;218;216;220;220;220;221;221;221;221;220;220;220;220;220;220;220;220;220;220;219;220;220;220;220;220;220;221;220;220;220;220;220;219;219;219;220;220;220;220;220;219
207;157;14;62;213;38;33;109;213;75;211;74;115;133;113;164;168;213;153;67;46;20;72;211;151;128;239;5;76;108;162;140;130;130;45;80;152;191;227;231;246;224;246;238;148;175;101;45;125;239;181;169;87;155;149;182;152;136;151;169;169;158;169;160;159;159;163;165;184;171;165;166;191;176;150;140;223;246;9;11;8;222;222;89;234;129;145;151;162;121;125;123;93;163;64;70;71;235;172;82;110;20;111;98;110;107;100;124;164;88;76;250;246;162;92;161;147;159;105;197;228;222;174;47;159;253;73;143;145;170;132;148;190;247;201;185;135;53;128;165;151;170;163;180;166;163;188;218;207;184;183;239;233;166;171;205;247;247;107;50;111;129;196;183;196;77;71;8;202;174;173;184;183;186;176;161;159;174;195;107;151;142;163;176;145;176;166;179;180;171;158;178;154;59;200;152;136;167;207;63;102;92;123;59;143;207;174;200;84;107;110;75;193;186;84;171;182;126;133;119;70;187;184;177;167;60;177;162;164;160;168;165;173;158;153;150;155;162;161;147;135;145;167;149;151;164;158;151;167;166;140;146;111;151;253;225;167;181;178;249;95;76;177;153;174;128;157;252;186;55;185;183;214;216;209;197;141;223;246;132;90;190;174;193;153;226;243;245;77;136;196;166;176;178;182;163;182;251;165;233;244;229;245;208;183;210;229;252;207;214;248;175;233;242;135;144;136;38;163;112;145;176;125;149;208;180;110;235;248;139;156;233;253;168;1;110;241;234;230;131;219;181;239;228;228;229;230;229;227;225;226;227;232;221;219;221;230;235;229;228;215;215;236;220;232;248;174;251;244;221;231;230;229;228;222;231;223;223;223;223;222;222;222;222;223;223;223;223;222;222;221;221;222;222;221;221;221;221;220;220;221;221;220;220;220;219;219;219;220;220;220;220;220;220;220;220;215;221;222;217;217;223;221;210;218;215;214;214;215;215;218;223;221;221;220;220;220;220;221;221;221;221;221;221;221;221;221;221;219;220;220;220;220;220;220;221;220;220;220;220;220;220;220;220;220;220;220;220;220;220
81;189;83;169;158;60;9;10;97;186;15;12;96;107;103;120;198;202;194;76;76;91;242;25;114;140;210;88;230;154;95;194;215;231;115;130;198;250;247;184;244;126;114;169;242;233;19;40;103;113;211;229;73;120;185;172;148;114;184;114;138;178;179;154;157;171;172;161;166;167;174;185;162;129;153;242;244;164;7;134;91;22;246;219;165;81;136;157;122;193;235;134;89;150;72;40;90;78;127;236;250;128;29;101;96;101;92;135;152;97;72;206;244;242;152;111;162;146;137;134;218;215;231;77;142;144;108;180;131;119;124;224;222;138;171;230;193;72;128;139;158;169;167;174;192;186;163;205;193;178;171;229;217;222;220;177;153;238;252;225;88;77;107;162;203;223;183;5;210;177;170;175;179;179;176;180;166;175;209;112;153;158;156;170;170;160;156;166;165;177;196;232;217;115;249;197;202;231;193;64;121;144;125;75;189;255;242;248;132;137;152;174;224;228;182;155;226;186;140;136;98;186;188;164;148;69;169;146;162;151;157;165;158;155;155;150;142;157;167;170;156;145;187;171;139;155;170;154;133;154;153;166;122;163;252;227;166;182;179;249;94;74;178;153;170;127;166;251;185;51;181;181;163;163;168;173;130;229;248;131;86;184;169;178;135;224;245;248;79;141;191;163;174;172;185;165;189;243;196;191;249;250;229;236;221;200;181;218;250;226;245;177;227;245;244;220;47;112;216;100;77;125;184;141;125;183;167;160;203;251;169;108;233;251;124;1;74;221;237;192;217;150;254;225;225;227;228;227;224;223;224;226;226;225;231;228;223;221;220;229;238;216;216;234;227;250;157;218;234;216;239;210;220;227;210;225;223;223;223;223;222;222;222;222;222;222;222;222;222;222;221;221;222;222;221;221;221;221;220;220;220;220;220;220;220;220;219;219;220;220;220;220;220;220;220;220;215;216;221;219;212;220;230;225;220;226;228;225;225;226;222;214;221;221;220;219;219;220;221;221;221;221;221;221;221;221;221;221;219;220;220;220;220;220;220;221;220;220;220;220;220;220;220;220;220;220;220;220;220;220
54;5;36;50;68;188;43;29;112;34;108;30;136;142;160;99;175;196;52;14;8;30;134;43;12;32;75;108;175;16;70;240;220;13;164;40;32;200;216;74;233;243;98;49;53;61;158;148;135;34;54;44;63;147;144;175;158;187;211;146;103;77;192;187;164;163;157;174;158;176;166;159;134;203;241;230;44;8;25;248;243;4;142;146;140;136;145;165;94;41;157;236;131;68;97;93;64;89;107;175;125;211;101;87;100;106;101;111;139;116;120;95;246;235;227;110;141;147;172;151;101;239;235;162;140;131;142;129;177;153;114;156;243;227;10;43;160;140;150;153;165;171;188;197;203;187;200;221;208;180;201;246;245;229;199;225;214;164;173;237;248;228;103;43;106;178;166;155;213;142;137;156;149;148;149;141;156;157;181;99;146;157;152;167;169;165;191;171;182;195;136;120;34;6;26;16;10;30;1;2;3;1;21;1;14;44;34;64;49;13;9;70;78;117;143;83;150;184;118;111;133;225;213;235;194;109;214;169;170;162;155;163;158;154;145;144;135;152;165;167;157;145;177;165;148;158;159;149;132;155;152;168;119;168;248;221;170;184;179;248;90;72;182;159;160;133;180;248;181;54;178;166;182;174;182;191;138;228;244;134;71;179;167;164;121;229;249;245;74;142;191;169;181;172;184;160;186;248;208;178;117;220;250;230;246;248;204;179;211;199;252;193;186;241;247;218;48;161;129;178;178;73;115;195;158;118;187;201;145;131;247;247;109;188;249;59;4;2;161;253;212;153;250;239;224;226;228;227;225;224;226;229;230;225;225;225;229;233;228;228;218;240;225;217;222;244;157;229;234;225;221;232;232;225;239;214;223;223;223;223;222;222;222;222;222;222;222;222;222;221;221;221;222;222;221;221;221;221;220;220;220;220;220;220;220;220;220;220;220;220;220;220;220;220;220;220;228;213;220;231;222;214;213;205;219;213;213;219;222;220;221;226;221;221;220;219;219;220;221;221;221;221;221;221;221;221;221;221;219;220;220;220;220;220;220;221;221;220;220;220;220;220;220;220;221;220;220;220;220;220
121;18;4;54;20;141;180;59;152;5;180;172;19;52;163;165;49;115;155;98;89;30;131;242;140;89;9;57;78;181;59;199;70;15;84;199;56;189;207;26;78;86;35;190;183;210;173;53;117;139;143;235;57;98;213;170;174;133;168;85;43;127;22;102;199;158;149;166;170;163;152;143;235;251;116;5;49;187;225;192;239;90;82;151;38;131;171;167;134;56;70;153;143;80;87;119;64;58;65;4;8;150;157;115;50;68;54;110;80;185;165;73;187;241;242;180;108;142;172;218;87;155;236;231;128;142;166;166;156;181;109;163;218;241;235;95;10;74;166;196;209;200;184;209;190;164;201;207;218;211;233;247;233;242;240;221;209;222;216;166;175;241;249;188;75;67;118;145;221;164;195;201;172;179;167;151;147;155;174;92;130;159;155;167;156;167;165;155;165;71;4;7;85;46;52;125;44;152;179;77;142;170;10;83;146;38;118;149;4;44;51;0;32;45;2;53;1;4;1;1;6;10;34;30;53;3;97;138;158;196;196;167;165;159;143;156;145;154;168;143;148;152;177;159;153;153;151;144;163;178;159;167;105;169;249;215;167;177;187;248;89;81;187;162;169;126;186;250;175;64;188;166;172;166;175;182;142;223;248;143;60;172;154;169;126;232;245;244;73;145;192;166;187;176;183;162;191;248;190;237;252;123;163;253;245;225;250;240;187;190;212;201;207;244;251;129;20;245;164;96;141;197;109;76;162;179;138;123;192;189;110;248;246;133;162;250;207;49;4;50;249;231;176;252;235;235;224;231;234;224;235;224;231;224;234;225;227;230;229;226;223;224;225;220;227;251;150;237;235;222;226;219;217;222;217;229;224;224;223;223;223;223;222;222;222;222;222;222;222;221;221;221;222;221;221;221;221;221;221;220;221;221;221;220;220;220;220;219;221;221;220;220;220;220;220;220;222;217;221;222;212;228;250;246;246;246;216;215;225;228;212;225;221;221;220;219;219;220;221;222;221;221;221;221;221;221;221;221;219;219;219;219;219;219;219;219;221;221;221;221;221;220;220;220;220;220;220;220;220;220
51;6;79;201;57;92;187;103;155;101;94;102;181;46;7;91;47;64;73;93;156;188;77;82;205;116;4;93;29;127;120;113;247;181;240;204;105;171;112;62;102;87;183;105;44;137;33;31;143;58;174;58;115;170;139;204;151;5;16;104;70;199;186;147;175;154;179;177;175;120;173;246;247;4;11;188;243;218;201;179;219;189;30;240;96;100;163;159;122;42;125;129;65;80;71;71;52;60;14;52;245;162;31;12;47;184;147;50;38;249;151;131;107;227;234;234;123;154;135;187;216;153;241;184;89;188;164;162;165;174;138;152;242;224;198;198;167;52;46;78;107;119;134;143;140;140;142;146;135;126;10;163;248;238;242;247;230;220;220;229;206;186;168;248;243;175;60;60;175;199;183;124;155;153;128;160;171;194;195;110;133;147;155;155;145;140;127;128;146;154;173;30;214;104;83;231;58;117;165;92;159;238;83;189;254;89;226;254;25;210;252;42;246;248;32;248;144;73;253;24;99;194;2;183;20;69;21;10;5;2;80;172;155;155;144;151;143;153;167;158;146;144;173;156;135;164;173;143;123;148;153;170;100;171;253;214;173;183;185;244;86;70;174;157;164;112;189;247;169;63;183;170;175;170;175;179;143;224;248;145;50;167;156;173;129;231;240;239;68;144;195;167;180;178;182;161;189;247;194;205;246;253;162;124;233;253;232;227;245;207;180;217;215;248;248;5;162;252;245;194;117;106;187;134;48;144;179;174;116;176;212;130;196;249;209;104;240;253;180;3;5;231;232;167;241;235;234;227;218;228;230;229;223;231;234;222;230;228;221;233;227;228;228;222;227;249;149;236;231;221;227;223;223;226;218;226;224;224;223;223;223;223;222;222;222;222;222;222;222;221;221;221;222;221;221;221;221;221;221;220;221;221;221;221;220;220;220;220;221;220;220;220;220;220;220;220;218;221;218;219;229;229;195;125;125;199;237;222;214;223;224;220;222;221;220;220;219;220;220;221;221;221;221;221;221;221;221;221;220;220;220;220;220;220;220;220;220;220;220;220;220;221;221;221;221;221;221;221;221;221
58;14;5;6;41;101;64;36;59;121;245;125;44;22;20;12;54;97;97;5;185;172;67;40;5;36;24;35;81;125;7;185;205;53;92;15;33;116;114;181;161;177;126;99;74;12;84;71;112;92;115;29;41;157;165;222;172;166;142;43;75;46;218;180;157;166;169;144;129;233;247;152;12;33;236;227;170;187;182;174;175;238;40;156;199;102;132;177;116;61;133;140;49;54;86;83;92;50;56;167;216;40;10;66;164;171;243;158;85;252;184;127;130;150;245;233;191;99;235;181;177;185;220;46;95;197;180;181;172;165;141;188;226;220;191;148;207;135;86;66;101;122;117;138;151;150;175;177;161;217;167;9;28;193;243;246;245;245;242;218;218;233;198;151;190;252;239;174;121;147;170;123;150;139;126;160;173;174;204;82;146;162;145;162;170;149;148;169;157;169;221;28;174;6;112;255;27;112;44;1;63;79;4;101;250;41;205;224;3;128;133;2;197;117;5;231;130;12;243;20;148;241;41;252;84;172;184;71;114;5;11;178;154;147;148;151;139;151;160;154;149;145;182;187;169;160;157;167;159;152;160;185;96;164;253;220;166;181;187;240;81;60;167;135;164;116;181;244;181;74;168;185;175;173;176;179;147;228;247;144;46;165;158;175;130;233;240;238;68;145;200;173;174;183;184;163;190;252;185;224;244;231;242;240;111;149;246;253;236;241;241;210;176;248;138;6;253;237;234;245;241;167;93;152;183;96;77;169;180;137;145;208;133;149;236;252;109;155;253;253;26;8;176;245;171;212;253;223;235;223;229;227;234;226;227;229;228;236;231;225;229;229;228;223;227;249;148;236;230;221;226;225;226;229;221;226;224;224;224;223;223;223;223;223;222;222;222;222;222;221;221;221;222;221;221;221;221;221;221;220;222;221;221;221;220;220;220;220;220;220;220;220;220;220;220;220;216;228;226;212;213;245;204;143;153;206;233;214;216;219;227;223;222;221;221;221;220;220;220;220;221;221;221;221;221;221;221;221;220;220;220;220;220;220;220;220;219;219;220;220;220;220;221;221;221;221;221;221;221;221
206;143;190;76;54;10;7;63;46;11;89;102;68;47;17;38;12;17;118;6;142;185;60;14;40;4;7;10;35;244;201;174;211;91;60;96;86;16;26;42;54;38;42;66;240;35;199;97;143;125;86;148;221;129;211;76;6;101;124;216;246;211;150;116;187;158;126;168;244;243;48;7;128;250;199;150;208;171;192;198;173;227;192;29;223;134;126;168;124;70;127;127;63;70;64;64;81;92;122;139;49;33;110;152;96;128;183;146;105;249;248;140;148;104;195;246;239;83;154;246;141;138;118;53;129;113;166;171;166;168;162;234;194;212;184;165;154;140;139;100;150;157;155;167;179;170;165;193;158;167;249;242;132;94;81;191;246;246;245;238;228;216;212;227;176;138;213;244;251;160;131;109;145;209;137;149;180;216;182;78;155;145;157;147;139;155;159;143;141;182;182;8;188;8;195;127;0;209;155;3;131;134;8;39;249;14;146;254;0;130;176;0;176;128;1;157;201;9;252;4;66;232;2;251;64;57;144;57;124;2;83;163;114;121;130;129;131;137;136;148;148;141;157;125;141;136;133;139;130;145;141;160;102;178;245;217;168;160;170;243;93;44;163;148;175;107;183;247;153;68;171;191;171;174;177;180;152;231;245;140;57;171;161;172;128;234;241;241;72;146;200;177;171;185;184;166;196;248;188;222;251;208;244;238;250;187;116;185;251;250;215;238;235;224;2;143;248;228;243;215;238;238;206;105;106;188;137;59;130;175;110;100;213;156;133;233;248;183;112;243;253;60;3;138;242;198;184;251;235;223;234;227;226;223;231;237;217;224;230;227;227;226;227;223;227;248;149;241;231;223;225;223;225;228;224;227;224;224;224;224;223;223;223;223;222;222;222;222;222;221;221;221;222;221;221;221;221;221;221;220;222;221;220;220;220;220;220;220;220;220;220;220;220;220;220;220;227;218;215;222;211;251;154;43;52;187;247;225;218;219;221;215;221;221;221;221;221;221;220;220;221;221;221;221;221;221;221;221;221;221;221;221;221;221;221;221;219;219;220;220;220;220;220;220;220;220;220;220;220;220
187;250;214;248;241;249;213;239;234;195;215;148;27;25;36;28;15;71;118;25;104;22;43;23;6;55;122;96;47;130;231;123;133;69;13;79;237;230;127;174;152;118;66;16;18;45;55;57;126;61;12;6;42;99;221;146;15;161;37;160;119;41;235;218;103;74;220;247;184;14;4;213;233;177;173;184;190;192;187;182;190;164;236;93;141;208;131;183;118;64;120;128;79;73;46;71;78;48;57;51;28;102;159;118;107;76;174;154;82;235;248;221;147;170;141;235;233;183;64;244;245;181;102;159;207;193;193;186;201;171;211;209;161;250;161;170;178;150;127;100;122;168;162;159;158;195;208;142;164;244;187;242;245;221;180;96;84;202;242;249;238;241;244;202;205;219;178;148;200;245;247;96;101;168;113;156;194;176;69;100;167;135;158;152;157;158;157;150;152;183;113;6;177;2;23;0;13;124;162;2;17;63;8;10;236;2;90;252;2;82;190;0;98;121;2;92;95;1;254;71;6;247;5;228;118;19;166;8;149;1;85;165;93;115;124;116;132;129;118;148;115;118;162;111;147;152;151;114;117;112;110;138;85;178;251;229;205;235;234;240;75;37;144;126;133;81;169;246;166;63;173;182;169;174;177;180;153;233;245;137;65;174;162;170;126;235;238;238;78;147;194;178;171;183;182;167;204;244;184;220;250;218;225;234;218;250;245;160;116;224;253;227;250;173;7;236;253;242;245;228;234;243;246;224;131;92;163;180;73;90;195;159;111;217;189;122;181;247;238;138;223;253;94;1;77;243;203;173;245;249;216;229;230;232;219;225;233;237;225;227;227;225;227;225;229;248;152;245;231;225;224;222;224;227;224;226;224;224;224;224;224;223;223;223;222;222;222;222;222;221;221;221;222;221;221;221;221;221;221;220;221;220;220;219;219;219;219;220;220;220;220;220;220;220;220;219;219;216;218;234;206;245;162;4;4;197;242;211;210;228;224;220;220;220;221;222;222;222;221;221;221;221;221;221;221;221;221;221;221;221;221;221;221;221;221;221;220;220;220;220;220;220;219;219;219;219;219;219;219;219
135;110;246;38;99;205;189;159;209;249;209;71;7;37;52;44;81;83;4;7;123;12;210;201;8;101;132;128;166;58;9;167;203;129;130;167;176;63;70;143;22;92;160;149;70;46;27;13;4;70;11;87;41;5;115;125;146;121;28;176;110;27;24;156;156;232;250;75;6;103;244;211;156;175;179;179;179;188;177;182;191;182;194;215;12;238;165;154;174;72;73;130;76;56;75;57;59;67;65;53;66;85;122;114;140;101;71;143;94;177;247;249;181;150;147;217;238;212;99;189;252;187;120;173;178;174;191;164;168;146;144;121;236;251;160;159;170;150;162;99;118;73;105;170;158;169;175;119;149;245;246;59;56;211;222;216;180;85;102;208;247;240;227;244;240;215;221;228;170;178;244;150;120;145;109;120;144;108;78;106;126;134;149;158;148;153;160;161;141;192;101;2;186;12;61;13;10;87;19;22;50;6;6;0;187;36;154;254;1;6;31;5;17;16;1;32;31;1;150;106;1;248;7;149;118;3;173;6;111;1;33;155;128;116;132;134;137;142;142;141;127;128;172;116;149;147;150;131;147;143;147;167;98;191;251;222;82;102;128;176;78;116;201;210;194;100;204;245;160;38;160;198;171;174;178;179;148;231;247;137;56;166;158;167;126;237;237;236;81;152;190;178;175;181;185;168;188;252;187;213;245;225;237;221;246;202;248;250;224;90;157;251;250;222;2;242;230;175;241;241;214;225;237;241;236;215;86;126;181;109;62;153;167;114;141;201;131;154;251;246;138;154;248;149;9;1;207;255;164;222;253;227;223;233;227;229;229;225;226;234;229;227;228;227;230;248;152;248;228;226;224;225;226;226;224;223;225;225;224;224;224;224;223;223;222;222;222;222;222;221;221;221;222;221;221;221;221;221;221;220;221;220;219;218;218;218;219;219;220;220;220;220;220;219;219;219;224;222;208;216;209;248;250;46;36;246;249;224;221;222;212;228;220;220;221;222;222;222;222;222;221;221;221;221;221;221;221;221;221;221;221;221;221;221;221;221;221;221;220;220;220;220;219;219;220;220;220;220;220;220
35;31;116;18;6;3;183;40;242;173;19;208;247;47;7;98;184;63;25;95;97;178;145;228;12;203;241;90;113;246;90;92;70;103;131;239;220;46;35;27;48;37;19;17;139;62;7;13;165;125;13;154;114;6;159;149;62;70;15;164;140;29;17;194;244;233;4;4;195;241;164;159;187;183;173;175;190;187;176;185;179;204;169;228;105;100;242;158;194;166;127;112;73;60;59;69;68;76;71;95;85;58;93;114;112;84;58;231;102;123;241;241;249;161;142;149;217;247;146;164;220;157;127;51;51;50;71;181;195;126;191;251;247;246;165;141;195;145;168;132;57;133;207;191;177;154;167;207;216;198;181;52;55;67;117;187;229;224;157;96;119;231;239;246;225;245;213;209;247;222;114;190;189;195;188;150;203;175;183;159;145;148;155;150;158;152;150;156;136;201;111;35;190;9;178;34;25;165;14;23;183;86;34;61;200;90;200;228;13;72;0;31;34;19;40;57;13;4;85;112;11;237;2;190;123;2;192;3;111;6;9;135;142;108;128;142;137;147;160;134;134;143;175;130;150;177;173;155;146;180;165;149;96;204;249;227;143;29;51;140;6;20;24;55;126;140;191;240;243;83;144;190;173;174;181;182;146;230;248;134;50;161;155;163;122;237;237;239;78;160;191;177;180;180;190;168;191;246;194;218;247;222;237;229;219;243;216;230;239;253;148;103;246;246;2;239;253;204;194;216;244;242;232;222;242;239;242;125;107;171;151;50;127;177;159;129;212;162;135;208;250;188;152;236;203;31;3;140;248;194;186;255;233;229;221;224;229;224;227;221;230;227;228;227;229;247;150;248;226;227;225;226;226;225;225;223;225;225;225;224;224;224;224;224;222;222;222;222;222;221;221;221;222;221;221;221;221;221;221;220;221;220;219;218;218;218;219;220;220;220;220;220;220;219;219;219;214;220;221;221;213;225;245;13;23;249;231;210;222;230;221;219;221;221;221;222;222;222;222;222;221;221;221;221;221;221;221;221;221;221;221;221;221;221;221;221;221;221;221;220;220;220;220;220;220;220;220;220;220;220
11;50;29;34;50;25;47;12;107;156;235;204;155;248;5;7;82;121;71;191;81;54;155;202;167;145;101;22;112;57;227;111;147;120;43;139;43;37;44;30;48;35;7;15;65;76;44;136;115;56;4;123;60;63;91;48;16;20;242;46;3;104;248;244;118;4;70;238;196;171;172;170;163;170;190;180;171;172;196;177;179;178;200;171;218;130;129;231;153;162;165;133;54;64;84;64;61;61;72;111;83;60;114;141;142;32;141;248;126;120;171;249;236;239;149;100;201;245;147;129;2;174;152;88;165;207;146;131;158;214;245;233;226;237;249;183;135;170;150;149;52;196;192;179;192;221;146;157;237;240;130;93;142;126;121;81;95;173;202;199;155;74;119;243;249;241;243;244;236;153;59;163;192;217;201;175;215;232;237;162;128;157;151;147;155;149;154;162;147;195;99;84;173;44;175;7;32;161;15;32;165;42;40;58;184;78;178;219;3;147;8;78;135;1;83;150;45;0;115;138;2;241;3;194;125;28;183;1;142;26;1;107;130;125;132;134;139;131;135;133;123;120;169;144;100;133;133;110;119;103;128;166;88;183;247;216;239;148;222;249;27;125;131;134;92;96;121;95;232;201;118;195;172;174;184;186;147;230;248;130;58;166;157;159;115;231;235;240;72;163;191;173;181;178;192;166;200;249;179;229;245;216;240;226;224;231;235;224;233;243;242;226;105;79;19;242;253;229;185;189;192;249;236;221;213;242;233;235;167;94;145;156;67;90;170;174;142;164;225;132;160;247;243;147;216;250;83;1;52;251;241;170;240;252;235;227;246;228;224;235;229;225;227;225;227;245;149;247;227;228;225;225;225;224;227;225;225;225;225;224;224;224;224;224;222;222;222;222;222;221;221;221;222;221;221;221;221;221;221;220;222;221;219;218;218;219;220;220;220;220;220;220;219;219;219;219;224;213;220;218;216;236;250;35;15;251;237;219;223;219;219;218;222;222;222;222;222;222;222;222;221;221;221;221;221;221;221;221;221;221;221;221;221;221;221;221;220;220;220;221;221;221;221;221;221;221;221;221;221;221
45;60;38;12;47;117;92;14;103;90;188;208;103;242;48;34;205;227;80;89;52;69;189;191;157;25;51;134;11;97;239;241;133;13;97;55;13;99;197;96;72;36;98;103;9;156;168;153;4;9;65;191;173;4;5;18;230;33;89;131;187;244;248;20;5;169;245;155;162;170;176;174;173;180;176;175;178;181;184;177;192;184;176;173;173;245;84;176;216;119;145;173;92;58;123;87;59;72;69;65;80;63;82;136;123;3;181;249;204;143;136;175;249;230;239;115;122;232;152;177;28;222;159;92;187;183;77;50;157;244;250;244;232;231;227;250;186;146;171;143;66;199;175;187;175;199;192;158;196;245;216;116;146;69;82;123;94;93;117;127;161;171;127;17;103;246;249;247;247;127;63;54;75;82;69;57;77;86;102;9;92;167;148;153;143;160;161;148;148;202;39;133;133;50;174;4;46;173;3;61;140;2;67;51;168;91;163;228;11;138;38;43;99;32;48;112;33;6;160;143;4;243;11;161;169;4;188;18;142;41;31;115;130;125;130;134;131;134;136;134;142;114;157;168;89;74;94;109;136;135;107;126;89;185;230;228;205;104;198;245;32;106;172;198;175;138;135;37;156;163;134;197;172;173;180;181;153;235;251;119;85;168;165;168;109;233;241;233;65;163;195;174;178;181;186;166;201;246;182;222;249;215;231;231;225;231;240;226;226;227;226;252;250;169;5;253;248;228;250;221;191;192;216;250;223;227;242;244;247;208;101;126;166;127;83;146;186;160;131;129;201;125;220;247;169;174;244;168;2;5;152;251;170;235;242;205;181;242;230;220;232;225;229;227;230;239;154;244;229;228;227;225;224;224;225;225;224;227;228;226;224;224;223;222;224;225;225;223;221;221;222;222;222;222;222;221;221;221;221;221;221;221;221;221;220;220;220;220;219;219;219;219;219;219;219;219;212;218;225;228;217;225;249;32;10;251;236;211;219;222;221;226;223;222;222;222;223;223;222;222;221;221;221;221;221;221;221;221;221;221;221;221;221;221;221;221;221;221;221;221;221;221;221;221;221;221;221;221;221;221
178;173;9;77;69;34;60;16;222;5;18;195;99;122;9;103;48;134;143;155;147;73;93;134;95;15;162;79;118;235;7;81;37;10;65;115;32;53;96;44;62;9;104;44;42;78;164;2;187;44;96;186;135;48;86;42;24;95;4;243;252;171;3;12;224;199;154;161;181;172;173;169;174;182;182;173;179;176;187;187;190;182;189;165;148;247;181;116;206;195;155;161;129;39;58;79;66;73;58;74;77;77;34;92;74;54;154;229;241;175;159;139;184;248;246;203;170;196;215;190;104;219;160;156;201;124;84;207;250;206;160;214;246;250;229;245;207;136;178;137;50;212;173;178;185;195;190;169;195;228;249;121;138;146;70;85;119;114;109;114;117;135;139;151;23;14;121;234;247;119;151;109;143;143;121;141;157;167;90;82;136;150;165;157;168;148;160;147;162;222;4;219;80;77;144;0;88;94;0;73;101;1;71;14;177;109;149;243;14;62;40;32;52;25;56;106;26;0;188;163;1;253;29;130;191;4;182;15;164;34;6;140;129;114;126;128;142;144;135;151;164;136;118;133;119;127;81;75;129;126;124;136;77;199;227;155;246;115;133;194;8;29;40;18;100;62;36;20;171;77;154;194;177;177;183;185;157;233;248;119;91;180;175;173;113;235;239;227;68;165;196;175;179;182;187;167;191;251;190;210;241;228;238;222;225;229;233;232;235;237;237;241;208;218;6;161;219;253;230;234;228;206;197;213;242;247;222;221;245;230;221;144;110;158;155;87;70;111;123;100;230;199;119;195;247;223;162;246;236;80;7;102;254;176;203;245;199;241;222;230;222;221;228;225;225;246;144;243;224;225;228;229;228;225;226;229;225;224;223;223;223;223;223;224;222;219;220;224;227;224;221;220;222;222;222;221;221;221;221;220;221;221;221;220;220;220;220;220;219;219;219;219;219;219;219;219;225;219;212;215;216;224;248;42;27;251;231;215;225;225;220;222;222;222;221;222;222;222;222;221;221;221;221;221;221;221;221;221;221;221;221;221;221;221;221;221;221;221;221;221;221;221;221;221;221;221;221;221;221;221
150;195;13;129;18;127;38;65;109;8;25;95;61;235;77;57;43;173;200;187;114;173;18;150;169;231;192;140;170;238;70;8;213;86;213;82;65;49;84;49;33;64;175;32;73;4;14;4;170;195;156;234;115;85;248;11;5;115;251;248;66;3;110;234;189;156;147;176;164;169;169;182;168;177;179;172;188;177;182;180;183;183;191;162;146;249;250;126;157;194;179;121;161;82;27;95;74;78;71;72;66;70;70;76;12;151;110;208;247;235;145;172;115;144;212;240;222;206;154;114;98;215;126;65;202;114;102;101;165;245;236;179;146;223;253;245;206;113;189;148;54;150;225;184;190;203;181;175;205;217;238;104;117;143;119;155;157;154;183;164;161;133;143;242;241;153;143;142;187;153;239;103;142;170;132;161;185;121;81;111;119;134;136;131;137;150;147;138;216;67;14;213;1;144;186;2;39;117;9;0;29;6;0;0;175;47;36;254;17;6;25;25;23;12;24;53;14;0;139;210;1;230;99;52;222;8;183;28;128;103;1;112;138;111;142;132;118;142;151;144;129;109;89;164;188;170;184;143;118;158;140;190;112;221;177;8;249;94;4;160;22;23;153;10;117;104;143;69;66;125;179;188;171;173;177;182;159;232;245;121;72;168;163;164;112;236;241;231;70;166;197;176;180;183;189;170;191;249;186;212;248;221;220;235;239;228;231;238;215;210;238;252;206;223;25;249;142;120;251;251;239;244;213;192;200;232;244;227;220;245;242;237;211;109;121;161;108;72;169;195;122;165;198;162;142;240;246;145;188;252;168;2;36;246;223;189;239;239;244;236;247;248;245;231;245;242;158;250;231;226;224;225;225;221;217;216;221;219;218;220;221;221;222;223;228;224;222;225;223;218;220;225;222;221;221;221;221;220;220;220;221;220;220;220;220;220;219;219;219;219;219;219;219;219;219;219;213;220;218;218;219;226;249;46;40;250;225;218;226;222;219;220;222;221;221;221;222;222;222;221;222;222;222;222;222;222;222;222;221;221;221;221;221;221;221;221;221;221;221;221;221;221;221;221;221;221;221;221;221;221
49;156;162;114;153;235;71;164;71;7;11;12;91;112;231;91;132;139;20;188;175;150;194;92;28;166;243;184;97;244;212;218;179;234;247;52;193;13;109;68;9;120;26;39;135;71;19;33;93;104;7;57;117;4;85;66;177;247;204;10;13;96;170;186;140;159;182;170;163;181;172;168;176;181;171;169;190;184;180;177;174;176;184;166;147;249;250;196;141;214;215;163;108;156;51;63;91;60;84;72;83;77;90;60;31;187;119;142;241;244;193;158;200;168;172;146;135;169;1;164;24;96;212;70;76;43;129;183;208;245;232;249;241;169;155;238;234;169;181;131;66;49;138;205;190;184;188;200;212;200;241;186;92;96;83;118;124;117;133;148;162;122;232;231;237;198;151;232;195;127;212;124;125;164;155;152;134;85;90;115;149;150;148;153;136;138;137;168;161;4;143;161;6;148;230;17;36;255;191;5;183;228;18;37;254;36;64;155;12;28;24;38;40;32;23;27;48;7;5;172;2;89;184;1;183;1;135;81;46;162;1;55;167;121;122;138;120;128;138;119;121;101;24;120;160;155;189;177;108;189;211;185;124;191;128;231;236;103;114;249;31;69;242;26;63;60;121;109;133;125;171;188;179;182;182;182;161;235;242;115;74;168;156;162;116;236;241;234;69;164;195;176;181;184;190;172;202;250;193;207;234;245;249;224;210;232;229;228;233;230;227;246;209;240;21;219;251;178;97;214;246;243;245;223;188;201;209;242;233;235;223;242;247;199;153;107;154;134;57;107;172;136;133;201;139;156;225;249;169;175;247;175;7;1;190;254;187;180;247;235;224;222;219;238;236;238;137;248;245;248;249;246;243;243;246;250;244;245;243;237;233;231;227;223;228;221;216;219;224;226;224;222;221;221;221;221;220;220;220;220;220;220;220;219;219;219;219;219;219;219;219;219;219;219;219;219;219;220;218;217;210;218;250;57;40;246;224;220;222;217;221;224;222;221;221;221;222;222;221;221;222;222;222;222;222;222;222;222;221;221;221;221;221;221;221;221;221;221;221;221;221;221;221;221;221;221;221;221;221;221
48;201;67;101;132;127;157;167;67;24;15;6;193;111;127;108;135;159;61;81;152;102;212;196;125;7;78;121;192;156;185;246;251;42;88;105;243;157;96;69;6;25;31;40;90;49;61;40;9;37;200;90;95;12;9;252;252;100;18;3;249;211;147;157;153;168;163;163;169;168;183;178;157;179;176;179;179;175;171;181;179;176;189;174;141;251;239;243;137;165;231;192;123;96;142;57;52;92;81;66;73;75;94;5;149;162;150;108;233;246;222;156;144;160;176;96;198;72;68;202;53;154;248;234;175;108;183;182;248;231;232;231;229;251;245;137;41;113;198;142;164;200;157;186;189;200;208;199;211;187;241;209;116;146;42;58;108;143;143;172;118;79;210;244;194;94;145;204;208;104;163;147;134;154;167;170;117;114;154;164;202;180;181;177;187;188;180;186;153;10;214;147;1;159;221;56;96;227;211;59;214;254;95;122;254;81;165;53;1;42;25;28;26;27;31;3;153;192;0;236;22;70;226;3;160;1;51;151;9;161;9;5;119;157;118;128;138;123;118;120;85;18;27;44;10;34;85;69;26;39;92;61;100;108;17;244;250;126;117;245;13;61;234;110;51;149;142;99;124;140;180;182;176;182;180;177;160;239;245;112;86;170;151;163;119;234;240;236;70;164;194;175;180;183;189;170;201;247;187;221;242;215;219;250;228;227;229;231;230;237;228;246;200;238;2;227;246;246;249;123;163;244;237;250;245;193;200;205;245;240;222;239;242;246;237;176;115;140;156;70;92;159;184;129;135;231;152;114;249;214;141;234;216;10;12;131;254;198;173;200;107;142;191;182;198;185;77;191;173;174;173;173;182;193;195;189;183;202;216;214;212;223;236;243;213;223;229;224;219;217;216;213;221;221;220;220;220;220;219;219;219;219;219;219;219;219;219;219;219;219;219;219;219;219;219;219;222;211;215;228;218;218;248;46;39;248;228;221;221;220;226;225;222;221;221;221;222;222;221;221;222;222;222;222;222;222;222;222;221;221;221;221;221;221;221;221;221;221;221;221;221;221;221;221;221;221;221;221;221;221
110;114;164;33;96;155;151;166;15;91;53;13;190;220;90;127;119;144;183;34;51;58;11;37;236;76;13;192;79;216;251;242;237;62;86;36;238;94;10;32;242;108;63;4;10;38;57;9;30;9;112;2;2;119;253;248;4;7;193;166;54;171;168;158;169;165;162;172;172;182;172;147;164;176;161;172;180;194;187;188;185;183;186;170;150;250;226;252;161;108;192;175;175;141;141;124;43;55;81;77;68;82;70;5;251;189;125;139;142;236;229;245;221;162;77;172;163;13;95;247;123;148;67;48;98;109;106;118;241;241;247;224;236;225;245;252;149;19;187;138;167;226;232;221;225;223;176;169;165;174;247;193;120;145;29;137;158;177;159;140;132;175;218;149;166;196;209;165;171;172;211;140;160;185;185;202;127;124;170;153;159;155;159;173;166;182;156;214;105;15;236;127;6;168;161;32;104;168;135;46;183;193;70;109;233;121;83;19;29;35;33;37;28;24;44;0;84;207;14;255;42;79;218;1;183;19;37;188;1;149;63;1;17;147;125;114;130;119;118;127;92;64;162;161;174;159;134;90;103;120;55;21;102;124;14;87;247;197;111;251;36;46;164;149;55;226;21;26;19;120;190;185;173;178;178;176;158;241;247;110;87;166;145;163;119;232;242;237;72;165;194;175;180;181;185;167;198;250;178;214;249;229;211;209;249;230;231;232;219;234;228;243;209;235;2;230;251;212;248;250;157;117;244;249;225;246;205;177;200;227;252;232;207;232;251;232;236;127;115;177;86;61;137;199;143;159;192;154;127;244;251;153;205;241;84;4;24;247;251;222;244;250;240;252;243;241;148;248;248;244;234;228;232;235;225;211;219;210;194;183;186;190;178;160;197;215;226;221;216;221;228;230;220;220;220;220;220;219;219;219;218;218;218;218;218;218;218;218;218;218;218;218;218;218;218;218;225;221;218;214;205;221;251;56;40;250;229;219;221;224;226;219;222;221;221;221;222;222;222;221;222;222;222;222;222;222;222;222;222;222;222;222;222;222;222;222;221;221;221;221;221;221;221;221;221;221;221;221;221;221
68;54;27;58;86;126;126;217;24;159;239;87;171;208;175;142;145;100;115;33;87;236;67;54;192;14;224;132;53;251;170;246;223;180;241;59;219;146;13;94;125;60;42;101;165;135;131;147;61;7;3;3;229;251;152;6;20;220;210;185;119;147;162;151;151;159;177;168;152;177;162;147;130;162;175;185;177;178;174;173;180;183;181;159;151;248;211;250;139;54;190;158;164;137;171;164;82;35;66;83;82;100;66;13;242;228;134;170;115;218;240;220;191;146;208;233;16;16;100;132;18;7;9;106;96;179;132;214;242;211;241;222;233;226;220;239;206;166;178;146;54;70;97;107;118;127;126;175;178;158;250;194;107;128;61;171;134;163;158;152;130;132;230;208;144;186;173;171;129;159;208;121;144;183;190;167;108;153;167;167;182;158;157;176;171;167;168;206;34;97;249;87;13;165;182;1;128;181;111;15;164;160;29;84;238;116;66;1;38;29;23;38;41;28;40;10;23;158;3;221;65;53;209;28;153;34;72;195;7;134;124;39;4;99;124;121;128;119;123;121;125;113;102;111;143;163;146;153;182;170;110;109;106;232;138;23;149;171;116;243;53;12;18;168;9;154;142;137;10;131;192;183;181;183;187;186;160;239;246;107;93;172;153;171;120;231;244;234;74;166;195;177;182;181;184;165;201;244;195;238;234;232;245;204;189;232;249;245;230;228;218;249;208;249;19;202;250;235;215;228;252;232;121;178;252;234;252;228;174;202;206;239;244;216;238;241;238;230;169;100;162;146;61;51;150;137;136;204;189;106;198;246;183;167;252;181;9;4;195;246;191;253;246;213;236;230;141;251;224;230;236;234;229;227;232;239;239;244;245;245;242;244;247;250;233;228;218;213;218;226;222;210;220;220;220;220;219;219;219;219;218;218;218;218;218;218;218;218;218;218;218;218;218;218;218;218;208;225;225;220;220;228;249;46;35;250;228;217;221;224;224;217;222;222;221;222;222;222;222;221;222;222;222;222;222;222;222;222;222;222;222;222;222;222;222;222;221;221;221;221;221;221;221;221;221;221;221;221;221;221
153;15;18;162;73;167;136;131;161;236;5;5;218;130;87;183;224;101;16;14;54;159;77;38;122;6;216;139;188;243;184;238;143;152;230;247;131;22;165;39;11;63;57;54;47;59;41;88;9;36;152;241;253;54;2;119;227;160;142;155;191;163;168;171;171;166;156;166;171;165;176;185;187;186;169;160;167;183;190;181;184;185;198;167;140;253;217;251;162;59;184;169;134;176;95;185;160;43;57;80;73;88;15;62;249;239;181;115;180;237;187;159;188;119;227;171;20;36;206;123;120;239;112;14;178;79;86;174;197;147;232;240;237;239;224;250;191;133;199;140;113;154;155;144;197;249;208;136;218;149;244;246;231;96;43;175;156;174;135;172;160;107;228;241;175;155;193;176;145;147;200;146;148;175;198;149;134;166;176;179;180;167;182;186;180;162;191;200;3;170;221;60;75;143;227;37;136;209;177;53;223;201;74;114;215;101;140;35;10;44;7;11;23;13;9;4;34;199;1;161;63;28;212;39;117;56;73;199;51;122;139;59;46;112;171;145;136;137;141;124;158;125;75;85;83;116;118;106;92;89;145;194;84;228;247;193;244;186;84;245;52;63;153;194;13;107;138;220;37;136;208;178;165;165;177;184;158;236;248;112;84;167;153;171;118;232;247;235;75;167;196;178;183;183;185;166;196;246;176;226;242;220;240;252;252;188;184;248;238;233;238;238;209;240;2;227;249;207;230;219;209;249;252;185;131;231;247;242;253;201;177;203;234;248;226;225;239;250;239;190;104;136;167;82;82;157;158;127;173;197;124;176;246;220;125;250;251;24;13;138;254;175;235;253;226;236;130;252;236;226;222;226;228;225;224;228;220;214;214;222;225;221;217;217;221;221;220;218;218;222;224;223;220;220;220;219;219;219;219;219;218;218;218;218;218;218;218;218;217;217;217;217;217;217;217;217;220;221;210;225;241;222;222;36;28;249;229;219;222;222;224;223;223;222;222;222;223;223;222;222;222;222;222;222;222;222;222;222;223;223;223;223;223;223;223;223;221;221;221;221;221;221;221;221;221;221;221;221;221;221
127;23;102;201;93;14;16;104;201;101;99;94;193;11;155;186;152;178;117;99;114;84;154;39;27;7;198;166;170;247;217;192;203;119;167;243;230;73;29;88;108;28;129;74;10;8;24;9;29;236;251;221;8;4;92;241;151;130;150;161;142;159;162;156;162;167;162;170;178;179;183;183;184;185;188;192;192;188;183;181;190;183;188;167;151;252;218;250;167;72;133;174;111;172;140;85;198;74;36;83;91;61;15;152;162;244;234;219;192;160;144;174;143;144;253;97;15;203;136;156;143;218;196;110;184;162;111;241;239;200;246;236;226;221;232;244;224;134;191;144;144;224;224;211;186;237;249;175;189;166;249;230;243;145;80;154;149;181;163;159;153;133;205;242;202;150;195;170;162;197;213;127;164;195;165;123;155;181;174;185;188;164;160;156;170;171;180;193;9;180;224;31;101;139;210;2;172;195;160;28;214;219;73;113;240;106;118;129;7;42;80;57;28;51;45;1;166;199;1;177;154;6;208;48;93;83;44;170;62;106;167;47;67;75;179;113;130;130;133;127;150;152;88;88;116;121;159;128;118;111;168;158;60;245;176;10;237;224;12;244;85;139;97;150;128;90;79;193;28;92;229;225;233;217;180;173;178;242;238;107;91;165;154;172;118;231;246;233;73;172;193;179;182;185;188;170;199;248;175;222;249;223;245;189;249;253;194;177;217;230;234;249;209;242;8;216;253;222;223;228;231;228;231;252;228;119;197;250;231;249;217;199;191;208;243;245;221;229;232;250;204;101;139;158;115;80;100;155;141;154;200;162;94;228;248;131;214;249;89;9;68;254;195;206;253;237;136;252;228;219;224;220;227;225;212;221;215;223;230;224;223;216;217;227;222;221;222;224;218;218;218;216;214;219;221;220;220;219;218;217;215;218;215;218;216;222;215;220;221;217;215;214;215;218;217;215;224;205;246;245;167;166;249;76;23;249;231;222;221;219;225;220;223;222;222;222;222;222;222;221;222;222;222;222;222;222;222;222;223;222;222;222;222;223;222;222;221;221;221;221;221;221;221;221;220;220;221;221;221;221
2;34;6;26;86;87;180;201;102;167;167;108;174;159;176;152;156;172;191;197;232;143;206;93;10;110;244;105;138;233;202;246;249;101;232;214;242;123;21;71;136;26;6;14;8;126;147;28;245;254;94;6;30;207;135;149;151;142;150;155;151;162;161;156;164;164;167;166;168;168;162;165;170;169;170;173;174;174;174;175;171;167;176;158;151;253;222;253;158;63;191;194;153;125;184;121;132;150;24;65;108;1;180;169;99;235;242;235;157;166;184;178;112;253;251;8;94;121;6;178;52;86;173;64;129;37;151;244;190;246;250;217;239;229;233;225;247;217;161;130;142;197;210;193;210;227;238;153;212;145;247;242;123;165;108;145;187;177;150;158;143;149;210;237;203;150;176;184;188;162;199;147;150;195;173;116;174;177;159;163;173;169;175;177;172;169;193;166;2;198;162;2;120;200;138;5;121;221;131;2;149;239;23;15;249;55;3;219;2;23;125;57;9;75;82;6;152;209;3;151;175;2;199;82;36;147;13;191;87;31;210;37;137;40;181;137;134;124;119;120;135;148;166;156;145;142;162;173;180;187;171;153;88;247;144;40;246;222;13;207;99;140;68;46;82;172;52;117;127;63;29;13;62;201;237;178;151;241;246;97;87;160;143;170;121;232;240;236;72;172;193;178;182;185;187;169;198;247;172;225;231;236;250;155;165;248;253;251;220;208;219;249;222;242;6;208;248;219;227;226;223;233;222;222;246;253;141;137;245;249;250;242;188;197;209;231;239;229;233;236;248;232;168;103;147;152;85;104;161;150;134;209;164;94;248;240;146;156;249;151;1;13;252;212;213;240;152;252;224;241;250;249;240;239;246;234;241;240;218;222;213;226;225;216;216;216;217;218;217;221;224;224;224;222;218;217;218;214;214;222;219;220;217;217;219;221;216;218;209;224;217;220;226;216;215;218;228;253;184;154;206;235;251;62;24;250;231;221;221;219;225;220;224;223;223;223;223;223;223;222;223;223;222;222;222;222;222;222;223;222;222;222;222;223;222;222;222;222;222;222;222;222;222;222;221;221;221;221;221;221
5;164;161;3;21;107;163;152;106;117;120;198;105;156;211;145;157;167;150;161;203;90;112;140;7;108;248;107;145;247;215;220;229;235;237;224;236;148;202;8;15;104;19;171;45;5;125;250;254;1;2;153;175;140;162;176;137;149;151;148;150;146;152;156;160;159;170;165;164;165;156;160;177;175;173;173;173;172;172;173;174;170;177;156;153;251;215;247;169;60;199;251;127;173;135;179;126;139;106;57;51;5;248;165;87;248;187;121;163;184;236;210;156;254;184;59;228;147;236;186;59;117;171;110;169;152;234;176;152;165;251;234;230;242;224;231;246;150;171;131;96;156;227;187;191;242;240;123;209;143;247;218;128;146;69;68;151;176;159;144;153;176;235;235;186;162;187;194;162;158;189;126;143;193;153;146;184;179;170;173;171;167;174;175;167;166;185;188;8;164;226;4;74;244;106;3;119;189;124;4;162;228;2;39;241;17;19;252;46;19;106;32;17;67;65;5;139;187;2;109;156;1;182;60;6;129;1;88;164;1;198;77;77;43;166;140;120;136;152;142;135;139;151;142;144;147;158;171;154;168;149;141;84;236;174;136;215;225;119;247;89;6;231;105;76;231;64;37;70;81;247;166;65;40;128;236;193;240;249;86;83;162;142;161;118;237;238;232;74;173;194;180;183;186;188;170;192;248;171;221;251;249;190;149;184;224;186;245;247;213;216;247;229;244;5;219;253;214;231;227;223;244;225;221;222;222;246;207;116;195;252;250;240;222;178;205;232;238;225;240;227;242;243;213;132;120;169;97;42;86;83;78;185;152;140;205;251;202;127;251;224;1;3;215;253;182;155;254;229;242;233;238;251;239;243;253;246;249;254;230;207;225;217;210;222;221;218;213;213;215;218;217;206;211;212;214;219;213;208;213;203;208;210;207;209;205;208;212;213;207;199;213;206;198;226;235;218;142;164;248;239;207;251;56;24;251;230;219;222;220;225;220;224;223;223;223;223;223;223;222;223;223;223;222;222;222;221;221;223;222;222;222;222;223;222;222;222;222;222;222;222;222;222;222;221;221;221;221;221;221
27;1;164;157;2;23;128;30;153;205;106;232;169;18;193;176;143;143;165;154;187;139;175;73;7;111;250;104;162;246;219;228;213;233;208;208;227;138;189;7;244;250;248;172;3;212;250;152;1;79;226;186;73;145;149;157;135;152;153;153;156;139;153;157;160;162;170;172;171;172;170;168;170;170;172;176;178;178;177;177;176;173;179;153;160;253;217;248;169;42;187;227;11;212;167;143;159;102;123;140;1;42;247;208;138;194;137;185;192;237;190;210;170;253;136;46;152;95;211;145;22;156;239;135;119;198;237;169;168;190;222;237;242;226;240;222;249;188;196;143;49;231;181;60;94;247;183;107;209;141;245;226;151;142;163;168;166;181;178;173;187;209;224;197;185;181;187;197;171;144;189;142;171;197;144;171;178;171;164;179;174;164;170;154;158;156;177;208;39;24;249;124;1;203;182;12;142;196;155;37;233;189;10;180;246;41;174;245;94;4;108;23;21;103;45;3;221;92;3;224;49;2;220;8;47;166;7;117;138;7;185;88;2;1;124;153;134;132;146;133;142;154;148;132;147;153;159;169;153;161;156;175;91;233;171;126;227;208;113;243;139;46;186;244;70;181;182;18;84;10;161;193;14;148;43;52;196;244;246;95;79;146;145;168;123;230;236;235;77;175;194;178;182;186;189;170;196;245;181;221;233;240;179;135;203;249;155;198;250;222;235;237;206;230;13;205;251;230;227;224;214;223;248;228;235;226;226;250;245;134;133;249;252;235;241;188;186;211;247;242;220;201;238;248;230;157;104;162;134;74;158;177;142;128;207;148;95;240;225;126;252;251;34;3;165;255;186;236;251;174;24;76;35;54;46;51;59;2;175;254;219;216;237;225;218;222;225;222;228;226;224;220;230;237;232;225;229;231;231;236;240;243;244;241;248;240;244;243;247;246;244;251;252;251;248;225;192;253;253;203;211;229;250;74;23;251;229;218;222;221;224;220;223;222;222;222;222;222;222;221;223;223;222;222;222;222;222;222;223;222;222;222;222;223;222;222;222;222;222;222;222;222;222;222;222;222;222;221;221;221
32;11;7;17;16;42;235;69;99;220;5;31;237;108;159;169;161;166;161;160;175;132;205;28;20;96;247;106;160;246;236;202;229;249;229;244;208;140;106;176;244;193;244;207;249;243;47;2;151;226;185;120;93;146;150;174;145;148;146;157;163;146;159;152;159;165;161;169;167;163;172;160;166;167;171;176;178;176;174;173;175;173;178;147;163;253;217;250;159;76;170;98;10;102;203;160;151;140;112;138;2;81;246;238;147;169;193;211;227;183;179;212;186;250;150;37;63;196;108;8;88;243;171;137;171;144;208;239;144;243;250;223;230;224;243;217;251;204;198;135;76;213;123;232;215;123;138;159;216;242;242;236;151;146;163;207;207;198;175;165;140;165;190;187;184;169;177;191;161;140;189;118;158;177;139;183;182;179;172;192;179;167;193;181;186;183;172;200;226;4;102;245;13;93;208;18;86;184;96;32;159;122;1;140;128;3;160;177;42;22;77;28;66;75;2;126;161;2;155;172;7;172;121;1;235;88;11;227;12;76;205;3;33;1;145;166;138;114;139;139;150;154;165;143;143;151;156;176;165;178;153;173;81;236;162;122;212;225;118;217;64;72;13;177;136;33;158;36;88;23;78;143;7;176;134;55;5;149;244;122;74;143;164;161;114;233;247;228;79;175;193;176;180;184;188;170;202;243;171;228;226;228;236;160;188;245;158;228;252;224;219;252;228;253;2;202;251;218;235;232;235;236;222;226;222;223;244;220;244;252;209;78;190;245;237;248;221;192;189;233;249;224;214;235;237;250;136;83;160;168;77;128;186;176;138;191;177;86;245;247;125;221;253;73;2;133;251;181;228;250;109;109;156;135;116;48;128;165;0;232;254;253;248;247;251;251;251;244;252;250;251;251;244;248;248;248;248;241;233;234;227;226;220;218;229;219;219;210;215;214;203;203;223;200;155;160;206;161;203;251;214;213;249;68;21;251;230;217;223;222;223;221;223;222;222;222;222;222;222;221;222;222;222;222;222;222;223;223;223;222;222;222;222;223;222;222;221;221;221;221;221;221;221;221;222;222;222;222;221;221
12;29;38;27;1;135;171;9;7;183;206;6;139;182;146;149;160;162;157;162;151;183;205;50;118;124;244;116;159;243;240;194;94;142;208;244;202;171;99;212;246;233;227;243;165;11;47;191;217;142;173;150;86;150;145;180;145;146;147;160;159;149;162;153;162;169;158;167;162;156;172;155;176;175;176;178;178;175;173;173;178;176;180;143;165;250;212;248;143;105;169;149;155;123;167;214;156;168;151;74;7;152;245;171;159;189;180;238;199;212;203;168;255;251;106;170;54;138;96;70;68;74;116;175;184;185;238;78;50;159;249;245;237;230;228;232;245;191;203;171;84;226;141;237;237;194;232;195;171;246;238;202;148;119;51;83;90;105;172;176;202;227;169;158;203;190;170;188;167;191;215;93;151;162;126;181;173;163;156;171;154;138;158;145;150;158;177;156;184;18;3;18;1;3;4;6;22;20;53;58;40;68;95;66;56;70;44;72;26;4;5;5;14;21;3;44;18;14;77;0;15;68;2;61;146;3;175;89;67;217;43;78;1;62;176;138;125;143;131;145;160;151;150;152;144;138;166;169;149;166;159;158;84;237;176;133;213;228;117;101;67;132;31;121;227;17;60;49;78;57;85;201;30;132;148;156;91;6;100;144;132;138;148;167;129;219;239;240;82;178;194;177;181;186;189;171;194;246;173;228;252;236;248;176;174;234;169;196;200;235;226;244;214;250;2;208;253;234;239;225;222;246;239;223;234;211;235;235;229;218;252;252;113;128;249;251;240;212;184;201;209;239;245;226;213;222;250;217;96;124;172;95;81;138;147;96;189;205;124;214;246;153;164;254;109;5;79;247;200;248;122;1;103;106;107;46;105;254;192;96;79;67;68;78;72;70;70;63;73;57;51;49;70;55;47;51;52;48;50;56;36;43;38;39;40;31;37;34;29;37;49;39;30;12;5;51;27;2;88;245;220;214;251;75;17;251;230;216;224;222;223;222;224;223;223;223;223;223;223;222;221;221;222;222;222;223;223;223;223;222;222;222;222;223;222;222;221;221;221;221;221;221;221;221;222;222;222;222;222;221
87;10;30;39;1;143;155;2;3;121;174;199;180;179;162;189;118;147;152;161;154;144;207;61;82;163;239;99;180;236;200;244;248;158;98;141;109;181;111;244;240;218;234;72;2;219;241;162;162;158;174;142;90;134;155;166;142;153;153;159;154;154;162;159;168;172;168;173;166;165;180;167;169;168;170;173;176;177;178;180;173;174;180;140;169;251;215;252;164;55;157;227;119;64;37;157;206;136;191;71;70;230;188;149;164;181;172;185;180;248;71;3;111;252;76;84;27;238;187;173;181;217;155;102;60;82;88;95;251;204;123;165;236;240;252;225;241;208;205;222;118;242;242;141;15;52;38;57;60;55;43;24;173;185;145;154;176;151;207;244;244;251;172;177;190;198;194;179;170;159;191;111;171;169;146;181;179;152;155;178;185;190;191;177;167;157;158;184;184;109;137;184;86;101;132;108;102;123;95;111;111;101;120;131;147;126;78;103;83;38;42;44;27;1;6;102;74;52;19;80;85;33;53;82;1;1;41;5;57;16;1;1;73;184;139;138;127;126;146;125;137;157;141;155;151;121;154;157;163;164;156;153;91;245;169;109;221;241;120;63;135;117;65;213;170;37;246;87;20;94;82;166;132;68;90;125;155;143;45;47;139;152;155;158;124;229;240;235;83;178;195;179;183;186;189;170;191;245;190;223;241;235;242;146;176;250;151;198;149;239;210;248;230;247;32;151;173;243;220;218;224;227;241;226;243;237;186;213;253;222;214;240;243;174;100;213;248;235;251;206;194;197;226;250;232;215;224;245;238;132;122;164;142;64;131;172;107;170;192;125;179;246;190;151;242;145;5;23;223;254;238;138;1;65;123;29;104;235;220;150;0;92;75;89;111;95;81;66;83;76;87;101;117;102;99;106;109;111;105;91;90;104;99;106;104;101;113;117;111;117;123;92;73;111;159;190;107;198;240;238;220;219;245;77;14;251;231;216;224;222;222;223;224;223;223;223;223;223;223;222;222;222;222;222;222;222;223;223;223;222;222;222;222;223;222;222;222;222;222;222;222;222;222;222;221;221;222;222;222;222
37;38;32;47;2;158;142;4;33;107;61;141;139;195;103;135;194;148;194;156;159;155;205;77;60;173;247;99;161;249;206;210;223;252;245;243;128;109;19;248;240;202;8;28;250;252;205;123;169;162;169;144;82;149;161;172;137;151;143;143;146;157;154;150;163;164;169;169;160;165;176;169;169;169;170;173;175;175;176;177;175;177;182;139;169;249;211;248;174;74;144;113;74;28;7;60;200;200;169;53;239;201;135;187;188;191;162;149;191;223;1;122;254;193;12;149;98;122;101;10;39;198;90;73;132;67;61;154;243;203;215;198;162;172;216;249;252;192;176;234;147;121;205;239;84;187;187;189;192;203;147;62;219;139;197;218;200;180;220;211;248;243;152;189;177;190;200;174;181;155;184;112;153;156;155;179;173;145;160;162;153;161;164;175;197;153;176;196;124;144;161;154;172;191;195;203;208;212;223;214;223;216;207;197;206;199;205;199;194;204;205;164;175;188;156;103;93;100;69;79;59;63;83;99;62;20;97;115;3;1;14;102;195;161;158;165;125;153;155;151;143;179;162;145;161;139;143;176;157;183;156;182;90;239;81;17;240;226;83;14;132;127;6;138;151;11;173;146;85;68;138;39;163;155;39;72;118;186;140;58;86;153;174;159;116;239;244;234;79;175;193;177;181;184;185;166;195;246;167;223;246;218;251;174;190;227;147;201;244;234;226;245;226;244;21;157;162;233;250;253;234;231;214;214;240;247;233;197;221;235;233;215;229;250;245;96;162;252;234;249;236;204;182;215;240;242;228;208;249;241;175;103;144;173;82;101;154;119;125;219;160;123;242;245;168;231;196;3;7;163;252;252;206;11;23;60;103;254;203;85;48;124;145;139;138;130;128;125;146;129;130;138;141;129;122;116;116;130;120;84;89;96;82;97;105;112;119;117;118;86;64;76;102;127;145;149;66;167;253;212;215;214;250;83;12;251;232;217;224;222;222;224;223;222;222;222;222;222;222;221;222;222;222;222;222;222;222;222;223;222;222;222;222;223;222;222;222;222;222;222;222;222;222;222;221;221;221;222;222;222
4;36;54;52;2;151;152;17;116;37;64;154;73;188;177;186;166;124;105;166;176;209;205;72;43;193;243;96;174;245;206;238;220;207;214;246;180;148;188;245;129;8;136;249;248;222;213;135;180;158;178;144;88;148;159;179;145;141;135;147;151;160;150;145;161;168;165;158;160;163;163;163;171;172;168;170;175;174;174;175;175;175;187;139;171;250;207;250;157;57;23;7;112;41;25;72;102;237;137;100;248;147;162;174;156;152;164;163;233;65;34;252;253;157;43;38;117;64;52;57;90;159;239;74;67;184;139;186;245;242;244;250;244;228;163;157;245;208;204;225;157;215;214;148;68;132;120;113;128;171;160;119;221;127;138;172;212;196;238;242;160;206;170;181;192;199;184;187;176;169;192;109;158;139;175;186;163;167;169;175;165;160;151;153;177;171;134;200;215;224;226;236;246;218;207;225;202;208;203;207;197;213;205;206;193;172;178;185;201;168;169;221;229;209;224;234;253;248;252;235;247;239;184;195;197;180;129;111;104;75;79;90;51;98;126;135;139;131;152;146;143;159;158;132;129;138;143;165;159;184;135;154;91;246;106;115;227;222;76;181;154;81;4;202;86;24;6;126;166;7;127;25;21;204;123;38;52;106;164;93;73;155;160;161;132;223;243;234;71;168;198;174;181;197;189;178;200;239;190;217;242;230;239;164;166;237;158;213;249;221;213;253;219;251;17;173;182;204;219;221;242;247;232;228;241;221;225;240;228;201;233;249;211;212;242;251;155;97;219;252;248;240;204;189;205;221;250;231;219;241;246;224;113;126;182;104;108;151;171;134;199;184;132;226;246;178;214;251;79;2;118;230;252;253;111;1;99;251;153;40;36;111;121;109;130;139;115;125;116;106;97;102;124;120;110;105;89;106;118;96;103;113;76;96;101;101;112;98;92;85;89;124;166;135;95;145;62;142;241;221;222;222;246;93;9;251;237;218;222;223;224;226;222;222;222;222;222;222;222;222;222;222;222;222;222;222;222;222;222;222;222;222;222;222;222;222;222;222;222;222;222;222;222;222;221;222;222;222;222;222
42;42;40;38;2;140;172;239;106;54;43;103;68;218;54;181;166;159;98;148;97;151;126;48;25;206;246;88;165;245;207;205;217;208;215;246;144;238;247;44;18;144;152;157;216;247;252;137;154;161;176;127;109;153;153;154;145;149;150;155;150;154;153;157;160;169;166;160;166;169;168;170;168;170;171;169;173;176;174;177;178;177;188;141;174;250;208;250;132;43;164;144;31;27;44;94;36;205;124;211;203;133;191;162;137;173;172;169;219;7;170;182;225;119;132;144;243;112;247;214;178;206;212;48;184;183;246;197;204;227;232;220;231;248;251;249;157;42;217;237;141;240;229;79;113;158;149;155;149;185;147;101;226;139;70;199;220;60;116;240;248;167;152;202;194;192;188;194;176;182;201;97;173;147;156;159;175;172;158;173;177;172;161;146;184;176;108;164;128;136;115;101;91;70;79;66;59;54;61;27;31;47;33;20;21;8;17;37;26;32;14;53;51;52;51;78;82;92;105;132;149;156;180;227;224;253;249;247;253;239;219;180;63;91;118;123;154;143;133;149;138;134;159;143;127;142;164;151;166;166;149;139;90;246;139;177;240;238;91;243;176;15;118;195;94;242;16;177;71;21;39;110;29;106;169;171;112;53;81;131;37;161;166;158;118;227;243;245;97;195;210;194;189;173;176;158;196;246;182;217;231;218;252;149;171;237;159;203;240;210;224;246;222;249;11;167;194;224;230;220;100;167;249;238;232;247;223;228;226;231;202;208;233;234;232;225;250;224;87;170;252;246;251;214;193;190;223;243;223;209;228;248;245;133;92;180;123;90;123;173;119;159;195;151;190;246;183;175;245;164;4;28;214;254;238;111;66;254;50;85;43;101;112;123;116;132;112;112;120;118;90;102;101;104;100;119;117;99;98;94;102;114;98;90;84;87;86;100;112;115;122;110;120;131;107;141;78;171;252;243;239;221;251;79;9;250;237;218;221;223;223;224;223;223;223;223;223;223;223;223;222;222;222;222;222;222;222;222;222;222;222;222;222;222;222;222;223;223;223;222;222;222;222;222;222;222;222;222;222;222
25;99;78;27;3;156;92;34;140;211;157;184;62;173;182;48;64;75;176;160;202;136;128;146;29;208;245;109;170;232;220;247;240;215;239;229;243;225;10;77;244;249;249;180;122;135;154;176;235;179;169;128;97;157;160;173;143;149;150;153;149;153;155;161;161;170;164;157;163;166;164;169;166;171;175;177;181;181;175;176;176;176;187;140;174;248;208;248;197;26;212;206;80;54;180;160;10;82;181;247;164;169;168;163;133;170;152;204;57;2;201;184;252;143;33;97;86;10;119;232;112;85;241;181;62;130;230;251;231;252;244;249;243;212;230;249;251;131;197;248;136;238;244;68;124;170;158;166;158;175;166;136;237;121;123;241;51;122;201;231;252;250;160;186;198;196;207;191;196;170;200;112;164;153;166;168;170;168;148;165;172;173;179;172;173;165;119;57;15;23;46;38;36;60;83;103;110;111;122;117;115;133;107;90;133;133;114;119;114;115;110;90;95;75;72;42;50;46;10;10;8;6;13;5;11;22;60;106;129;114;148;213;173;100;126;139;128;138;155;154;157;136;171;168;148;160;187;159;167;187;154;125;94;249;69;43;167;45;50;244;107;18;211;15;246;184;10;208;207;83;58;100;121;85;110;138;168;155;74;49;42;163;163;151;123;239;248;229;94;181;205;207;240;229;249;204;236;242;158;241;221;228;247;154;169;231;162;209;251;207;230;245;211;249;17;165;195;225;234;235;109;40;114;249;247;238;216;239;214;229;237;221;209;228;243;219;217;252;246;151;115;248;241;251;238;220;200;204;252;237;200;239;244;246;177;91;151;129;79;105;161;147;123;204;174;141;249;217;137;251;222;2;6;154;250;251;234;145;1;98;59;89;103;114;119;117;113;104;112;122;82;97;102;117;98;98;120;117;106;90;83;98;93;70;95;95;53;68;68;131;126;115;135;124;109;140;84;156;213;185;170;164;235;90;9;250;236;218;221;222;222;223;223;223;223;223;223;223;223;223;223;223;223;223;223;223;223;223;222;222;222;222;222;222;222;222;223;223;223;222;222;222;221;221;222;222;222;222;222;222
20;140;19;15;6;144;150;8;43;179;37;164;207;128;140;50;58;71;83;27;124;151;147;167;153;132;172;92;232;248;251;76;198;243;205;242;155;7;145;247;237;218;222;248;249;202;90;4;56;201;226;178;98;141;149;161;149;145;142;145;152;157;155;150;165;174;168;159;164;165;164;172;173;174;162;170;176;171;180;182;176;176;187;140;178;249;211;248;180;18;178;109;49;172;56;45;70;1;238;221;148;167;166;165;152;127;169;140;6;103;210;202;251;21;60;130;83;78;6;91;130;193;170;13;191;247;200;213;246;230;183;222;243;245;227;221;246;201;203;249;156;202;214;162;104;141;154;146;151;161;189;134;222;102;146;174;108;225;251;241;241;232;153;192;178;198;200;200;167;173;209;107;133;154;165;171;174;176;168;177;170;163;163;162;179;182;131;103;155;155;113;104;116;140;100;95;105;106;113;145;149;108;120;144;133;122;129;131;109;123;121;126;118;129;133;124;118;111;117;94;108;137;120;114;120;79;61;34;35;28;3;16;49;97;135;144;161;167;147;149;153;133;151;157;147;151;169;155;163;167;155;132;121;229;214;172;191;146;171;212;132;7;6;7;136;4;5;117;68;4;5;5;152;22;49;106;100;170;164;77;70;175;143;164;116;238;225;32;12;13;16;11;14;49;35;131;182;248;236;247;248;220;231;178;181;236;179;222;248;203;237;253;202;248;25;161;190;214;228;247;112;100;83;165;199;240;233;215;222;233;222;233;235;222;242;224;233;222;239;248;222;87;188;250;232;245;235;176;179;229;249;236;214;248;246;204;124;128;165;106;89;131;152;109;168;199;144;245;249;130;222;253;74;4;88;236;248;247;134;4;51;109;108;102;113;121;100;97;95;118;121;87;99;133;120;80;95;124;118;98;80;95;78;62;174;206;134;74;33;112;161;166;150;116;128;146;101;143;224;215;228;233;251;97;9;250;236;218;222;223;222;222;223;223;223;223;223;223;223;223;222;222;222;222;222;222;222;222;222;222;222;222;222;222;222;222;223;223;222;222;222;222;222;222;222;222;222;222;222;223
35;116;6;74;48;150;69;3;17;81;3;128;193;100;138;189;160;163;88;88;15;25;93;65;115;215;151;81;19;243;143;7;245;250;202;49;14;41;224;249;209;217;214;221;228;250;246;157;55;2;30;124;113;137;150;172;154;150;147;147;153;156;152;144;157;167;165;160;164;165;165;173;163;171;156;185;193;170;180;173;177;178;188;142;184;251;216;250;139;31;186;250;33;144;10;49;159;5;221;178;166;168;173;143;122;166;212;80;10;137;202;246;141;58;208;207;172;158;154;170;183;143;25;130;195;169;34;221;247;120;58;182;235;240;232;223;246;194;193;176;124;206;187;244;238;127;137;166;175;158;181;130;233;182;142;220;185;229;243;217;248;247;159;196;202;190;144;183;177;184;207;103;177;182;161;167;171;164;165;171;170;178;173;184;148;157;152;144;202;198;182;159;167;198;174;139;179;148;119;89;90;72;104;136;106;83;90;108;110;116;84;101;87;91;73;102;98;97;96;101;112;73;54;45;31;61;98;95;84;78;59;67;77;157;154;151;148;152;149;150;153;145;147;156;146;158;167;162;168;160;140;160;112;224;163;134;128;179;173;222;238;159;110;109;210;24;11;4;6;32;166;167;227;172;53;63;75;76;137;111;102;168;166;158;137;245;170;242;191;97;244;208;59;244;70;78;79;87;66;128;236;250;247;184;164;246;156;189;252;213;208;250;209;247;21;153;199;219;221;242;123;117;182;126;105;246;244;223;215;223;243;224;227;229;224;234;233;211;237;216;241;252;133;145;248;250;238;253;201;153;205;250;245;209;234;247;229;149;97;156;129;83;129;176;132;174;202;131;219;251;173;195;253;155;4;23;189;251;254;192;3;15;127;98;125;119;118;112;88;90;104;114;97;109;115;85;92;128;115;97;121;124;77;37;156;218;190;62;67;106;161;138;156;146;126;133;70;142;253;234;224;221;240;104;11;251;237;218;222;224;223;223;222;222;222;222;222;222;222;222;222;222;222;222;222;222;222;222;222;222;222;222;222;222;222;222;222;222;222;222;223;223;223;223;222;222;222;223;223;223
8;21;7;83;25;110;133;222;123;51;5;100;57;46;24;211;166;135;190;176;144;31;36;56;60;83;214;121;90;59;4;237;248;140;31;111;217;91;197;246;226;215;229;216;222;235;206;155;228;202;67;3;97;149;162;166;145;151;157;152;152;150;154;154;152;158;161;161;163;164;163;164;167;167;141;165;174;157;180;180;174;176;186;140;184;249;216;248;156;31;172;230;59;12;36;172;124;36;232;170;171;165;151;156;207;219;138;63;97;162;208;248;25;215;238;205;208;142;247;185;155;35;135;237;117;10;98;247;235;131;168;249;242;231;241;222;252;182;232;151;98;237;212;220;224;201;153;163;177;169;202;115;221;202;181;194;210;249;225;239;239;244;148;197;187;158;193;216;183;171;203;144;113;131;132;160;186;168;166;162;160;176;174;195;152;116;185;118;175;163;178;144;145;166;168;132;169;161;166;131;134;187;191;191;213;189;162;191;186;181;183;176;183;155;131;111;114;81;31;77;133;104;116;106;106;108;81;94;102;102;68;25;107;150;132;157;151;142;150;145;154;153;154;163;140;160;172;157;172;178;158;131;109;243;153;156;186;172;160;195;234;244;239;248;243;243;203;112;42;180;208;169;187;230;220;116;42;54;104;95;86;171;150;158;129;227;228;225;129;68;213;208;100;243;140;199;210;239;164;139;111;51;164;192;188;244;162;217;246;208;226;253;215;249;23;147;210;230;219;235;124;139;163;165;132;232;226;240;227;215;230;227;217;225;246;213;227;238;222;242;216;242;247;198;105;198;244;238;231;245;187;179;233;253;215;231;246;246;210;84;126;181;81;133;186;117;162;237;122;161;250;228;170;248;238;2;3;147;205;254;245;38;1;110;116;112;117;118;107;86;86;125;104;86;91;87;93;132;116;98;100;113;99;58;86;112;164;77;44;54;87;77;113;117;117;120;33;138;245;222;214;213;251;113;13;251;237;218;223;224;223;223;222;222;222;222;222;222;222;222;222;222;222;222;222;222;222;222;222;222;222;222;222;222;222;222;222;222;223;223;223;224;224;224;223;223;223;223;223;223
48;114;19;78;5;131;77;130;168;36;207;101;40;16;7;147;13;42;186;170;190;168;146;79;56;41;70;60;52;9;247;246;89;14;121;244;137;35;236;226;209;229;215;212;222;241;229;118;167;183;225;147;99;140;174;158;137;146;158;152;152;150;160;163;167;163;164;167;166;170;170;163;174;177;166;181;187;177;188;191;175;176;186;140;187;249;217;246;179;26;215;168;95;93;87;82;5;157;243;163;171;148;147;217;202;198;80;79;105;182;249;175;73;115;103;95;140;203;162;78;112;148;90;24;24;236;246;203;245;161;168;250;243;176;249;232;247;183;218;104;100;206;179;147;198;122;126;162;152;175;191;133;217;239;150;86;201;245;235;233;234;247;155;196;221;129;97;221;181;160;233;88;7;16;140;177;176;168;170;173;168;173;168;182;177;120;158;122;193;167;143;161;161;175;178;161;160;161;164;155;155;174;172;171;191;150;152;185;164;162;169;160;155;175;180;157;154;111;102;117;152;170;145;145;156;127;89;140;176;191;139;91;125;159;157;156;145;151;164;152;152;152;156;166;143;153;168;159;173;169;147;147;107;228;181;175;186;166;136;110;96;102;138;194;238;244;243;247;247;96;113;151;153;150;216;244;160;91;67;60;81;169;167;161;141;220;194;238;154;17;247;187;31;245;97;169;209;216;192;233;235;193;73;51;193;252;137;194;249;211;230;247;208;251;32;142;207;231;220;240;129;145;145;190;170;229;187;232;243;207;224;238;240;219;226;234;222;228;208;206;245;223;233;252;251;136;146;248;253;227;240;197;172;209;252;235;215;235;248;215;130;99;153;92;92;159;127;129;200;180;123;224;252;135;221;252;65;2;120;193;246;255;105;1;78;125;107;109;114;99;99;65;96;93;92;92;76;113;115;101;93;101;100;69;41;34;116;124;69;96;104;108;109;81;118;159;61;167;247;223;219;207;251;105;14;251;237;218;222;224;224;224;222;222;222;222;222;222;222;222;222;222;222;222;222;222;222;222;223;223;223;223;223;223;223;223;223;223;224;224;224;224;224;225;223;223;223;223;223;223
26;150;2;75;11;130;150;11;115;10;158;180;4;115;149;128;9;7;176;49;7;169;225;172;146;210;127;14;78;248;249;33;55;186;154;110;78;65;249;245;216;197;224;229;211;235;214;142;166;149;168;144;97;138;141;170;141;145;153;148;156;156;163;161;176;163;161;164;164;172;176;165;172;176;181;185;188;185;183;187;182;184;193;147;194;253;224;250;159;30;163;117;49;129;96;140;29;219;195;169;131;193;240;192;199;82;32;116;126;118;254;125;189;241;188;173;133;44;139;176;170;170;133;229;192;213;180;237;162;182;252;185;172;215;233;210;252;172;206;244;144;195;227;112;139;170;171;189;177;170;191;135;226;224;171;212;206;244;227;229;244;240;161;181;210;169;97;223;183;176;214;116;109;124;166;176;175;169;164;175;175;174;171;175;187;139;132;165;198;167;173;160;167;175;169;163;178;183;166;160;168;165;162;163;196;151;167;186;162;164;154;160;154;162;127;106;124;142;153;168;148;150;136;118;153;134;117;132;135;174;127;115;126;152;158;139;157;160;152;154;150;150;152;166;158;148;164;176;178;155;144;163;96;239;104;108;155;148;144;150;132;101;73;54;78;117;146;220;244;249;168;152;194;127;129;248;228;211;156;61;64;157;161;153;131;249;140;242;163;6;162;248;4;245;79;72;178;205;204;217;226;247;174;9;87;251;151;186;251;203;229;253;202;253;36;134;200;230;223;244;138;129;177;147;131;237;213;227;235;225;227;243;248;221;238;232;239;230;239;215;205;234;231;220;231;243;193;87;225;252;224;252;222;171;209;243;237;210;234;244;245;159;121;146;129;89;164;153;135;177;206;133;211;248;139;195;250;123;2;60;196;196;254;208;5;52;122;115;104;118;102;99;87;100;88;97;74;100;102;77;84;95;91;88;89;74;94;117;105;50;67;103;84;107;158;150;78;169;241;221;223;208;251;118;15;252;236;217;222;224;224;224;223;223;223;223;223;223;223;223;223;223;223;223;223;223;223;223;223;223;223;223;223;223;223;223;225;225;224;224;224;224;224;224;223;223;223;223;223;223
30;138;7;86;38;93;154;98;108;38;5;117;38;133;250;83;33;136;151;16;21;146;48;6;112;182;162;223;250;186;4;6;90;145;212;144;163;129;112;176;245;245;241;210;214;245;214;129;179;156;180;131;92;157;155;160;146;154;159;158;156;158;160;158;166;157;163;168;164;170;174;161;172;178;159;170;178;169;181;183;180;179;189;139;192;250;224;249;133;41;237;170;8;65;25;25;123;222;177;147;189;241;190;148;165;82;72;154;113;78;243;150;175;149;38;191;238;30;95;164;51;164;243;56;94;160;186;251;248;209;207;200;224;251;252;241;247;181;198;249;124;214;239;87;173;169;167;167;162;182;197;125;223;234;157;193;236;252;227;232;230;246;177;189;208;211;163;216;181;158;192;113;196;127;167;189;180;177;159;171;173;165;169;181;185;167;170;174;174;167;174;152;172;178;189;166;146;182;186;165;150;164;169;184;195;157;187;169;161;164;151;165;176;139;108;109;146;164;159;147;169;161;147;155;154;143;138;128;157;193;122;106;157;174;149;141;164;146;148;150;147;150;155;176;160;140;151;132;175;174;157;159;111;247;99;125;154;130;162;164;142;172;179;167;129;101;58;38;59;198;239;160;184;198;137;238;249;237;233;132;106;149;167;167;127;247;99;162;182;5;210;230;7;243;69;107;108;50;19;126;105;199;153;14;230;252;146;197;246;205;221;245;212;246;32;137;205;234;210;247;137;131;153;126;139;220;221;223;237;247;251;163;195;239;228;222;217;231;225;222;250;203;208;243;235;225;248;230;89;178;252;232;232;243;186;174;240;249;218;223;248;246;183;95;150;165;85;145;189;153;181;229;160;161;243;180;176;249;168;3;9;174;175;254;254;33;33;97;106;103;101;91;90;102;96;94;106;90;98;78;88;89;70;62;79;99;126;98;81;95;97;74;66;96;135;158;87;177;243;219;216;213;251;110;14;253;237;217;222;224;223;222;223;223;223;223;223;223;223;223;223;223;223;223;223;223;223;223;223;223;223;223;223;223;223;223;224;223;223;222;222;223;223;224;224;224;224;224;224;224
22;169;1;64;143;99;191;88;87;38;59;179;55;13;114;81;123;239;144;53;79;10;82;5;53;209;223;252;97;4;66;201;56;161;25;30;144;61;170;136;121;140;221;248;247;246;199;130;160;177;163;125;122;160;165;169;141;151;158;157;156;158;160;160;153;152;164;173;168;166;162;151;174;180;166;180;189;178;185;183;182;181;195;142;200;253;228;250;134;56;242;208;30;121;168;5;173;208;150;164;239;208;94;160;30;101;103;202;24;146;204;146;121;56;72;16;144;152;10;84;149;237;84;10;174;202;108;114;247;243;236;248;191;194;229;210;251;172;195;249;137;207;225;108;163;166;160;166;161;176;193;124;228;226;195;210;224;248;240;225;245;240;136;188;188;113;95;226;178;166;184;54;87;92;164;163;165;164;155;177;170;168;176;177;174;168;171;161;191;185;179;174;174;166;169;183;128;170;174;173;178;168;157;176;147;131;192;178;175;166;168;151;179;129;110;164;155;174;184;148;171;163;127;153;164;151;155;141;166;184;123;110;153;162;149;149;164;157;158;154;157;165;155;148;157;152;163;145;152;184;147;147;114;237;83;90;125;122;130;124;136;137;124;144;168;167;174;162;93;73;111;137;126;77;95;181;229;246;225;158;98;84;183;169;128;239;204;130;161;85;220;214;60;245;96;226;95;76;60;34;59;29;88;101;174;244;253;246;226;240;218;250;205;245;32;138;215;231;199;241;137;132;150;168;164;233;202;224;243;251;190;63;141;249;248;249;229;219;215;234;233;235;230;194;240;242;218;238;252;137;118;250;251;235;231;211;145;216;245;221;215;239;251;234;120;102;168;89;100;150;138;132;198;172;134;247;227;140;247;221;22;10;162;163;210;252;141;64;105;98;99;90;93;96;97;82;88;91;86;84;94;114;100;76;79;81;109;100;79;81;63;59;99;120;109;117;40;152;254;218;213;221;251;114;15;253;237;217;221;224;223;222;223;223;223;223;223;223;223;223;223;223;223;223;223;223;223;223;223;223;223;223;223;223;223;223;224;223;223;222;222;223;223;224;224;224;224;224;224;224
8;179;5;74;171;93;112;97;79;35;102;76;12;122;109;132;4;49;87;46;248;123;7;9;179;246;249;48;6;225;236;237;197;177;107;59;161;65;123;212;207;164;91;134;176;247;234;159;173;151;181;128;104;153;166;183;134;150;159;158;157;157;158;158;167;162;160;163;165;167;171;174;172;178;170;185;193;182;187;182;182;179;198;142;206;252;231;249;125;60;251;209;28;171;96;66;241;155;160;207;205;125;153;165;73;89;208;112;20;122;165;213;96;133;66;18;134;190;131;132;78;173;218;122;239;169;222;223;52;88;122;223;220;251;203;221;248;162;185;249;132;187;233;109;172;178;168;179;172;183;196;134;237;187;139;174;160;225;253;247;243;244;143;180;204;181;145;207;185;172;201;85;90;134;183;145;124;179;159;164;165;152;137;148;141;143;155;131;195;190;171;174;166;169;175;197;121;175;188;181;174;174;159;182;138;149;198;166;168;177;148;187;152;70;166;198;137;121;170;159;169;155;125;166;156;156;152;156;188;178;132;135;156;156;154;158;152;152;147;143;151;149;143;155;98;7;12;94;176;190;135;134;126;234;108;106;104;118;120;94;108;141;173;151;153;141;141;158;168;135;88;132;164;160;88;92;120;209;243;242;235;145;79;129;144;246;202;187;137;69;208;215;47;242;141;155;144;241;217;81;242;117;80;90;168;243;189;249;242;211;225;251;208;240;33;129;199;235;226;247;151;139;141;175;168;234;194;241;229;251;215;111;157;226;201;197;251;245;218;221;233;237;237;234;200;224;230;213;238;247;212;112;206;251;252;239;214;171;190;245;244;222;223;246;238;165;124;164;127;83;126;143;124;185;206;131;245;249;150;224;245;22;7;114;167;206;252;62;76;99;93;90;89;105;102;102;117;82;104;86;79;105;108;87;77;59;95;137;100;69;61;122;161;148;136;121;80;150;244;235;207;212;249;116;15;252;236;217;221;223;222;223;222;222;222;222;222;222;222;222;223;223;223;223;223;223;223;223;223;223;223;223;223;223;223;223;224;223;223;222;222;223;223;224;224;224;224;224;224;224
24;159;9;79;160;71;146;95;58;36;81;114;20;124;121;115;26;78;186;42;76;4;23;250;250;168;10;36;32;152;157;165;235;205;243;126;124;28;16;161;28;154;213;210;145;112;106;129;180;181;182;125;96;166;184;164;130;151;162;160;160;158;155;157;167;162;156;160;170;170;169;175;169;174;170;183;188;181;187;183;181;175;198;138;207;251;231;247;120;55;246;227;18;165;15;171;207;148;188;187;166;162;182;133;84;61;227;2;46;117;186;224;84;82;82;191;181;7;199;243;59;198;239;165;202;183;203;235;192;138;156;118;81;196;244;245;248;164;198;247;183;180;248;101;170;173;166;174;167;180;186;137;238;129;177;166;190;205;173;213;253;249;140;191;209;185;193;200;195;163;188;100;115;164;187;157;146;195;175;184;176;179;180;188;169;159;173;145;198;202;179;178;182;163;168;200;153;180;191;181;180;193;171;181;150;168;195;181;186;159;186;174;80;81;204;182;164;125;172;181;176;147;137;175;149;158;148;167;180;178;143;134;166;165;168;173;155;156;146;158;160;159;169;161;146;109;62;105;202;183;140;123;120;230;134;131;141;167;112;115;213;122;119;149;164;160;96;233;99;13;86;94;89;102;114;61;86;104;148;241;243;248;218;103;130;235;174;205;123;104;194;240;70;217;176;156;130;243;114;157;245;93;146;11;111;245;152;191;248;237;209;252;219;247;44;138;204;232;225;237;154;147;149;171;178;238;200;245;240;228;225;147;172;247;184;47;121;252;246;228;227;215;221;241;231;231;232;228;218;223;241;248;139;130;249;251;239;243;178;165;241;249;223;224;247;244;196;121;139;159;103;149;188;129;158;225;135;191;244;165;197;239;100;2;58;164;183;7;70;139;107;93;81;93;113;105;93;87;89;91;94;77;75;72;64;59;71;114;113;83;115;164;138;103;118;138;142;41;95;253;233;206;247;117;16;251;236;217;222;223;222;223;222;222;222;222;222;222;222;222;223;223;223;223;223;223;223;223;223;223;223;223;223;223;223;223;224;223;223;223;223;223;223;224;224;224;224;224;224;224
27;166;2;91;169;90;69;130;49;68;58;148;53;113;123;103;40;100;161;42;42;57;252;248;83;5;146;239;11;5;244;6;32;128;246;114;199;148;183;175;5;26;108;59;172;200;191;145;141;137;157;119;92;138;177;182;130;153;163;159;159;158;157;162;161;163;161;166;174;168;162;168;168;173;173;184;186;182;188;186;182;174;197;135;207;249;231;247;128;58;243;229;38;138;46;229;167;183;167;199;170;165;132;97;56;177;161;11;41;71;203;177;6;124;177;250;114;27;249;207;169;203;232;169;212;167;249;221;174;246;231;245;204;127;184;238;252;184;179;245;206;165;249;105;178;171;174;176;173;191;193;151;232;80;132;187;137;145;242;197;158;197;158;180;180;174;189;189;179;167;196;116;145;167;169;167;162;189;157;170;171;170;160;166;181;164;171;169;164;197;183;182;178;173;175;190;162;163;181;181;178;180;172;178;155;157;181;203;172;176;171;141;138;116;199;170;178;171;174;173;175;151;161;177;167;169;170;178;163;194;145;127;152;153;152;160;152;154;139;168;161;159;170;155;134;161;190;139;193;180;153;119;102;229;118;125;162;130;98;238;242;131;101;150;132;158;108;233;115;31;119;104;122;131;107;55;23;74;77;83;191;234;243;235;112;226;173;200;171;65;170;242;65;174;227;118;175;245;139;159;248;85;168;45;89;251;170;202;231;231;235;248;219;250;30;130;214;223;211;252;152;149;150;162;179;237;198;241;231;250;233;116;161;250;205;77;41;144;232;217;251;232;223;225;241;227;225;211;237;230;224;243;246;215;102;217;253;229;252;196;160;214;248;232;209;232;251;238;124;116;170;119;122;189;149;151;223;133;151;249;186;170;243;191;5;82;230;222;1;33;125;102;84;100;114;105;106;81;80;84;77;100;66;56;132;155;67;77;132;115;122;117;129;136;118;142;141;63;97;248;223;208;246;127;16;251;236;218;222;223;222;223;222;222;222;222;222;222;222;222;223;223;223;223;223;223;223;223;223;223;223;223;223;223;223;223;224;224;223;223;223;223;224;224;224;224;224;224;224;224
33;157;3;105;161;86;73;74;38;35;87;157;30;99;109;118;62;106;136;4;212;248;244;40;4;98;140;99;39;160;245;50;8;221;58;6;202;125;204;226;198;209;124;66;141;105;104;158;180;151;152;184;147;143;158;165;131;155;161;154;157;158;159;167;161;167;168;168;170;166;167;178;169;171;175;185;185;183;188;183;185;177;197;135;207;250;233;247;123;53;251;205;58;104;72;241;151;188;204;224;99;211;39;47;181;178;2;29;4;81;239;130;180;238;217;152;197;243;201;88;119;243;239;154;241;242;230;238;229;241;184;229;245;242;213;145;189;122;207;247;211;195;231;109;181;169;174;172;172;187;193;145;240;148;90;242;233;237;249;250;252;160;154;198;187;198;186;188;176;174;193;112;153;151;150;180;145;189;165;166;183;191;168;170;167;157;161;197;145;192;188;187;170;191;184;180;162;159;180;187;179;168;180;188;165;155;177;179;180;161;139;182;178;136;203;166;164;173;163;171;166;155;185;171;176;170;176;173;179;195;120;157;159;163;153;159;160;161;142;170;167;122;127;83;77;166;120;86;175;169;125;112;100;238;105;139;152;101;241;214;239;123;104;150;152;158;114;217;125;38;128;135;130;162;193;134;89;134;156;96;78;135;214;244;202;214;116;124;180;15;111;246;115;15;239;40;176;159;236;44;197;190;152;71;91;247;171;206;252;229;214;247;209;250;42;146;213;220;199;220;169;160;149;167;177;239;199;250;223;232;233;134;167;245;214;92;158;134;95;227;242;223;228;238;229;223;244;223;230;231;220;224;225;251;222;124;175;253;245;243;221;181;190;249;248;213;229;247;248;161;106;150;113;85;154;140;138;224;176;121;244;224;210;144;55;207;108;181;254;70;12;105;108;85;95;125;124;94;76;72;105;145;103;46;95;170;103;62;84;126;117;108;134;139;136;146;157;56;123;254;207;212;252;122;16;250;236;219;223;222;221;223;222;222;222;222;222;222;222;222;223;223;223;223;223;223;223;223;223;223;223;223;223;223;223;223;224;224;223;223;223;223;224;224;224;224;224;224;224;224
19;171;3;107;184;69;71;85;164;97;61;133;37;104;133;114;46;26;111;222;250;160;3;21;138;33;41;197;3;113;180;54;154;184;4;6;121;11;24;172;98;199;158;78;89;12;4;44;86;84;155;124;164;162;175;172;129;155;159;152;157;158;157;166;153;161;167;169;170;168;169;174;173;170;174;182;182;182;185;178;187;178;196;137;206;251;233;247;109;50;250;215;49;63;158;210;162;201;231;71;142;148;78;20;222;53;50;8;70;162;209;142;158;198;75;113;182;114;148;176;120;103;146;182;214;224;240;226;244;183;246;193;224;250;229;251;189;41;236;231;166;192;242;101;186;175;174;175;178;180;198;132;238;246;176;225;239;244;236;230;251;246;171;177;181;189;180;186;178;174;185;110;157;154;150;178;159;179;182;174;166;193;195;183;172;163;163;205;159;179;187;176;186;182;167;182;194;165;178;186;196;180;181;190;170;156;187;164;188;187;146;199;149;147;202;167;184;181;176;193;166;157;184;164;168;164;163;162;195;158;109;176;160;173;165;163;163;163;148;162;167;151;166;182;154;79;33;198;195;182;116;119;103;223;97;131;116;191;243;184;242;125;106;169;149;159;100;234;110;63;140;128;131;75;132;134;112;126;136;162;125;97;92;165;216;230;187;132;170;53;145;231;181;13;249;72;129;153;17;23;90;180;164;102;92;247;175;180;229;226;234;251;207;247;42;138;181;229;237;230;159;149;141;169;176;232;184;237;248;252;226;122;166;249;216;104;162;139;112;230;245;234;221;229;239;229;230;230;229;234;221;239;247;228;253;243;163;128;244;250;238;242;187;169;220;242;229;224;247;250;219;125;140;147;84;147;165;128;213;184;120;245;249;5;215;252;153;102;121;249;171;17;60;139;102;100;105;137;101;80;134;201;166;85;85;124;106;80;70;121;123;133;132;110;122;121;144;52;113;255;223;212;249;126;15;250;236;220;224;223;221;223;222;222;222;222;222;222;222;222;223;223;223;223;223;223;223;223;223;223;223;223;223;223;223;223;224;224;223;223;223;223;224;224;224;224;224;224;224;224
25;171;4;106;189;87;49;24;141;50;71;166;38;107;118;89;4;121;250;246;104;4;76;145;5;54;88;204;47;33;164;61;167;80;39;186;136;3;13;92;24;52;251;251;140;239;169;60;50;64;75;79;65;149;197;153;126;154;160;154;159;158;153;159;166;166;164;164;169;173;174;174;179;171;171;178;179;182;185;176;186;178;194;137;204;251;231;246;110;68;247;219;35;52;249;153;195;210;85;118;227;32;129;65;48;59;121;126;174;131;214;135;151;140;27;166;172;171;217;134;137;241;139;72;194;176;234;228;238;216;247;190;250;238;249;211;249;191;195;246;204;169;241;106;186;179;172;179;185;177;208;125;225;243;144;147;250;228;250;218;244;233;147;191;189;185;181;192;178;179;183;100;143;161;164;172;165;168;170;171;173;178;169;181;185;166;162;186;180;169;196;176;171;179;182;183;201;157;177;174;168;159;150;178;169;146;193;183;176;182;173;200;146;166;186;175;184;188;177;183;164;162;173;177;178;174;174;174;191;122;138;161;140;165;168;164;159;163;160;165;162;149;168;158;163;121;158;200;164;169;125;137;120;232;148;158;235;251;245;158;251;108;93;124;153;173;130;237;97;43;152;84;144;178;111;232;224;235;238;97;124;164;162;94;125;205;244;159;157;93;187;236;182;74;247;144;175;249;86;111;171;16;63;171;111;243;190;211;252;214;214;249;213;252;41;132;176;236;250;250;168;156;153;174;187;238;194;242;233;248;227;142;180;251;212;115;155;182;211;201;213;243;228;226;234;236;229;227;237;232;215;219;222;239;212;237;252;220;109;204;250;243;247;219;160;183;246;238;230;228;247;231;135;119;159;97;120;170;143;193;193;204;112;44;252;181;249;193;83;68;254;244;53;14;128;124;94;86;87;104;53;121;111;76;80;78;100;108;84;93;116;113;121;126;107;120;134;78;100;248;215;203;247;145;15;250;236;220;225;223;220;222;222;222;222;222;222;222;222;222;223;223;223;223;223;223;223;223;223;223;223;223;223;223;223;223;224;224;223;223;223;223;224;224;224;224;224;224;224;224
20;172;3;129;208;50;102;140;118;119;52;130;34;113;63;103;152;246;222;18;33;43;61;117;107;59;94;190;78;70;155;13;34;245;76;246;118;77;116;33;15;34;135;54;207;213;236;175;183;81;81;104;48;99;202;160;131;157;157;153;159;159;155;157;162;169;162;163;173;177;176;172;170;179;167;182;189;185;181;179;184;176;197;143;202;249;234;245;107;53;247;227;1;124;202;174;198;144;137;237;112;58;80;36;24;3;59;111;158;107;210;102;189;175;182;176;216;211;194;226;127;186;162;166;241;152;151;240;241;190;213;248;238;208;175;200;248;159;183;248;195;192;237;106;183;168;174;180;179;181;192;133;241;228;161;226;243;242;221;237;250;241;159;188;184;190;178;189;178;176;185;105;133;147;164;168;154;181;168;154;196;189;165;184;181;167;160;178;195;157;190;185;172;181;180;163;187;173;191;200;213;201;209;227;227;183;217;219;223;216;227;242;150;183;199;182;170;163;180;173;152;178;174;170;177;172;179;187;176;139;170;163;163;167;172;165;161;159;157;166;169;119;171;164;141;179;203;172;164;168;136;142;120;228;214;214;248;222;238;178;245;130;147;135;100;164;93;205;208;48;133;91;162;240;172;215;191;242;246;64;105;158;175;168;168;199;240;166;156;98;158;210;213;53;233;187;124;248;130;161;247;197;71;122;43;182;212;194;246;233;210;233;200;252;43;128;213;217;199;233;162;151;139;175;188;226;191;241;242;240;223;152;155;251;224;95;158;152;149;214;206;249;228;229;224;232;218;242;221;227;238;226;217;226;229;230;227;252;245;129;159;251;243;241;232;171;185;248;253;215;223;246;241;153;118;148;121;70;149;140;141;240;9;155;249;224;174;253;247;133;120;170;254;128;1;99;134;108;87;80;95;97;73;64;62;77;113;106;77;80;87;93;123;147;135;150;160;68;77;250;254;237;254;122;16;247;236;219;224;223;222;224;221;221;221;222;222;222;222;222;222;223;223;223;223;223;223;224;224;224;224;224;224;224;224;224;224;224;224;224;224;224;224;224;224;224;224;224;224;224
34;169;4;144;177;86;43;94;113;52;121;136;42;6;100;245;244;70;5;72;162;33;56;97;169;4;101;181;61;61;228;11;62;250;46;61;30;65;252;221;11;196;209;8;42;103;6;118;250;152;161;156;96;24;201;155;138;154;152;152;157;155;157;163;163;168;169;166;167;171;171;172;161;169;169;180;185;187;183;190;189;177;194;134;212;250;236;248;111;74;248;209;5;163;223;158;143;194;176;173;71;55;14;36;19;33;125;110;170;52;252;121;185;208;179;135;237;210;201;185;103;181;118;152;238;205;97;132;187;83;227;128;99;151;236;251;247;156;190;248;198;193;231;87;199;179;179;183;184;186;196;134;232;220;187;252;240;233;227;233;244;236;161;188;181;185;185;202;170;179;198;109;133;150;166;168;151;182;176;163;182;179;166;171;186;173;170;173;207;167;159;197;171;174;198;203;235;199;185;177;147;130;115;99;86;58;80;70;73;91;81;88;93;123;198;192;206;197;197;189;150;171;170;173;175;174;183;178;141;182;168;156;163;166;169;163;161;162;161;170;157;141;166;151;155;164;165;167;174;163;132;158;105;229;239;192;242;215;248;181;240;107;129;201;125;162;119;189;239;81;129;142;85;241;200;173;183;231;236;81;128;153;163;164;148;188;240;158;145;107;176;193;231;66;208;208;83;249;167;131;203;238;209;106;12;13;162;220;230;242;230;251;198;250;46;146;216;210;200;228;164;151;142;175;174;235;187;240;229;253;223;142;170;248;202;110;178;136;135;217;222;235;217;238;218;230;228;241;239;230;226;232;236;221;223;235;220;207;247;246;180;118;233;243;247;248;181;167;212;244;239;215;243;244;203;116;139;115;122;139;237;58;62;247;127;221;245;167;210;251;194;145;89;221;215;8;85;127;99;113;101;112;72;71;74;60;86;98;94;73;57;102;111;106;121;128;105;97;62;132;175;233;252;156;27;251;232;217;217;219;224;225;222;222;222;222;222;222;222;222;222;223;223;223;223;223;223;224;224;224;224;224;224;224;224;224;224;224;224;224;224;224;224;224;224;224;224;224;224;224
25;175;8;161;181;99;13;58;91;62;111;75;7;158;245;202;8;4;102;93;154;5;72;78;142;24;106;195;4;51;223;32;78;249;25;115;38;14;56;79;133;236;74;39;211;86;4;109;71;4;194;221;153;128;214;142;140;152;152;151;154;155;162;164;161;161;171;166;164;172;171;175;162;169;177;183;180;183;178;193;188;174;189;138;208;250;236;248;95;64;252;183;8;234;179;132;214;129;217;71;30;16;24;63;39;171;114;119;142;46;248;109;156;201;215;185;226;212;178;146;84;232;161;135;96;47;192;153;54;182;211;153;245;195;221;178;246;155;200;247;196;195;226;75;200;176;172;176;180;184;194;130;239;220;181;244;232;233;229;229;252;229;151;188;190;183;183;195;174;164;186;114;149;157;160;165;152;178;174;170;167;166;171;173;175;173;169;182;183;186;158;193;216;217;200;149;95;70;75;63;63;71;89;100;109;110;120;105;110;97;81;71;91;55;68;67;105;130;169;187;221;200;183;172;180;173;189;183;126;199;146;155;167;168;169;164;164;166;166;174;157;136;157;153;149;147;163;171;171;163;115;151;106;226;230;210;243;217;243;184;248;63;7;54;150;161;125;178;243;72;130;165;84;214;222;158;194;244;243;70;121;177;164;172;169;157;240;169;155;107;182;211;221;77;217;216;67;240;206;186;204;251;151;169;127;65;112;224;154;247;218;253;211;250;46;131;201;228;220;233;165;155;147;180;199;237;168;232;244;243;218;151;175;248;205;108;167;147;158;212;224;245;232;227;233;222;236;198;220;246;221;229;226;235;229;221;233;217;231;221;250;227;141;191;247;239;243;212;168;197;249;236;212;228;244;203;127;159;148;204;159;7;199;227;213;132;153;245;220;179;237;242;161;71;155;253;80;21;103;115;100;113;113;78;74;70;73;91;100;84;70;58;94;131;106;78;90;96;91;47;10;3;237;148;2;253;243;210;223;223;218;227;222;222;222;222;222;223;223;223;222;223;223;223;223;223;223;224;224;224;224;224;224;224;224;224;224;224;224;224;224;224;224;224;224;224;224;224;224;224
29;129;2;157;203;81;20;152;80;91;12;46;248;252;149;7;24;130;175;28;98;33;71;104;153;12;128;167;17;49;215;8;66;248;25;110;66;65;131;101;51;94;128;129;238;27;62;142;4;9;141;42;4;182;172;144;137;150;154;150;154;156;164;157;165;157;171;167;166;179;175;177;182;177;169;182;187;189;180;177;187;174;189;155;200;250;235;247;98;73;248;146;79;238;108;200;180;152;174;4;19;53;134;122;98;191;49;188;57;124;247;111;194;63;162;132;188;221;151;161;223;222;165;121;159;201;228;76;129;217;138;197;131;86;218;190;247;158;208;246;185;199;224;82;200;175;172;176;181;186;195;131;244;205;182;253;232;233;241;236;245;226;159;194;193;184;193;200;179;181;199;103;131;155;166;167;154;181;167;165;172;192;194;171;178;183;161;186;173;197;202;203;144;82;53;65;103;111;154;166;177;169;168;162;154;155;161;165;161;164;172;168;160;151;125;111;97;85;62;74;113;166;204;209;176;172;188;151;169;192;141;142;165;164;165;161;162;164;160;166;174;132;161;171;143;137;172;166;153;179;134;164;102;221;246;217;226;238;238;155;241;110;99;147;158;170;130;180;237;54;119;158;117;198;241;157;176;234;250;79;125;177;169;173;185;146;181;233;194;14;135;225;236;6;138;249;25;238;214;203;79;244;160;69;129;52;123;206;212;249;221;250;208;239;55;146;206;225;204;242;159;161;154;151;167;239;246;227;222;253;235;141;169;251;210;118;156;149;170;213;220;240;232;227;229;233;244;243;201;219;241;227;228;241;229;227;241;202;207;238;222;250;248;164;137;252;252;242;218;172;188;246;242;217;243;226;170;234;145;199;21;74;226;149;185;211;147;112;237;231;178;209;250;203;77;138;249;116;28;95;127;99;100;95;77;66;92;85;90;59;78;73;68;74;74;48;51;62;83;86;108;46;84;186;2;239;250;212;229;224;215;223;222;222;222;223;223;223;223;223;222;223;223;223;223;223;223;224;224;224;224;224;224;224;224;224;224;224;224;224;224;224;224;224;224;224;224;224;224;224
7;99;10;187;169;76;99;181;68;3;112;251;249;52;10;6;103;131;118;60;117;30;41;76;158;11;140;120;7;69;216;6;61;250;7;143;121;90;215;34;51;157;228;9;182;46;229;215;6;75;125;19;10;140;199;140;140;148;154;152;158;154;161;155;170;161;175;171;168;178;173;175;178;182;169;188;187;179;186;180;188;185;190;154;208;252;231;249;98;82;252;142;156;179;153;222;116;232;9;45;129;171;134;90;117;112;112;230;2;203;238;95;235;58;128;155;163;235;137;195;224;179;227;108;103;219;205;118;159;102;97;105;186;245;245;233;248;161;214;247;174;201;219;97;199;178;177;181;183;185;194;132;245;206;177;248;239;230;224;230;250;235;160;183;179;187;204;195;162;173;197;114;132;152;167;180;145;173;174;189;178;158;166;187;175;170;183;162;201;224;148;50;53;129;189;191;197;175;135;144;163;156;164;180;190;192;177;170;175;161;147;170;168;173;167;152;135;154;127;116;95;69;85;141;218;234;188;141;188;176;142;159;170;170;172;169;171;171;165;169;171;138;162;175;158;142;170;168;178;155;123;151;106;225;232;233;224;225;239;186;249;89;76;138;136;163;131;169;243;66;112;158;106;228;242;168;193;225;246;86;116;191;165;176;172;179;182;170;186;7;149;214;230;8;152;246;4;226;120;217;15;188;129;95;145;179;68;221;252;216;225;248;206;252;55;130;193;226;206;225;163;150;178;101;120;248;245;240;224;243;231;141;167;251;217;123;163;154;170;216;214;235;230;235;226;235;225;253;249;229;211;223;214;245;229;225;250;234;214;224;231;210;226;253;210;125;215;252;249;248;191;164;227;247;227;235;175;249;248;188;12;177;140;140;169;167;227;215;104;187;248;194;178;249;227;122;145;254;224;24;45;130;116;105;75;87;96;91;64;83;147;110;32;47;71;94;89;72;98;103;98;42;41;248;47;202;242;220;224;216;223;218;222;222;222;223;223;223;223;223;222;223;223;223;223;223;223;224;224;224;224;224;224;224;224;224;224;224;224;224;224;224;224;224;224;224;224;224;224;224
41;142;1;213;160;78;67;48;14;159;249;180;44;3;132;141;4;91;132;42;189;31;52;83;158;11;96;128;58;73;201;23;84;247;37;111;4;84;129;4;110;97;28;3;250;137;16;181;19;252;167;43;27;14;208;156;152;152;154;154;164;151;159;163;162;162;173;170;166;170;168;174;169;181;169;192;183;170;189;184;183;190;185;130;220;250;226;250;89;70;253;165;168;157;221;153;179;133;8;168;190;182;116;102;122;60;163;142;2;246;237;52;209;210;179;131;26;168;169;133;193;128;226;134;215;102;55;100;191;65;133;173;241;170;174;228;247;158;216;249;173;202;210;109;193;174;177;181;181;184;194;134;241;213;195;251;242;247;241;227;247;224;151;194;191;189;186;159;151;129;134;103;151;168;164;169;137;179;180;171;173;180;183;180;177;183;162;185;216;108;76;176;213;188;169;92;85;145;190;231;209;206;199;182;169;173;183;198;209;207;198;162;146;155;186;203;208;178;149;141;145;117;98;70;75;141;187;201;187;172;165;133;161;162;164;161;163;164;157;161;163;136;157;166;157;146;168;170;164;184;101;156;122;212;251;220;232;218;239;182;247;110;97;152;143;167;123;166;246;67;124;143;121;248;206;198;243;237;241;70;112;182;168;173;163;202;236;153;231;113;236;243;175;70;247;119;109;246;94;237;10;68;7;6;60;192;35;181;242;237;233;252;205;249;33;142;214;227;209;218;169;150;158;187;208;216;175;239;241;245;223;138;178;252;209;122;165;163;174;216;213;246;234;229;231;222;249;156;219;253;252;201;211;241;229;226;242;231;215;227;231;232;215;208;248;252;139;186;249;236;249;225;176;198;250;253;171;252;246;42;101;222;142;142;131;186;157;190;240;138;117;248;245;161;234;213;127;145;239;253;74;25;98;105;58;53;124;138;70;122;218;164;12;78;91;54;55;74;58;73;114;61;54;249;52;202;246;214;220;216;226;221;222;222;222;222;222;223;223;223;222;223;223;223;223;223;223;224;224;224;224;224;224;224;224;224;224;224;224;224;224;224;224;224;224;224;224;224;224;224
54;169;4;203;192;88;2;8;248;247;130;15;14;125;147;183;7;138;144;32;100;7;63;166;132;23;107;114;18;40;209;20;105;250;35;119;21;95;192;41;107;153;77;20;244;136;4;157;4;43;43;79;250;117;180;150;153;158;156;146;162;153;161;163;155;161;166;167;168;168;168;173;179;173;156;183;187;182;187;171;178;183;183;127;219;250;233;249;94;82;248;170;166;182;191;145;199;53;167;196;90;39;129;133;86;136;161;5;13;243;213;59;151;214;157;126;66;111;208;19;152;187;95;52;83;111;154;144;127;212;231;175;155;163;183;243;246;150;214;248;182;204;204;117;192;175;178;182;182;185;198;139;249;196;191;242;192;209;249;247;248;225;147;190;178;185;196;179;178;194;191;130;133;151;163;174;140;165;175;164;166;171;182;188;184;170;170;220;131;93;162;130;75;48;13;24;205;244;196;104;77;66;54;56;74;82;84;80;87;114;175;223;233;197;121;54;129;199;225;205;173;167;146;125;87;68;90;133;210;182;153;150;166;165;166;162;164;165;161;166;169;140;162;162;148;144;165;162;168;149;102;161;106;212;243;250;234;221;237;184;238;99;117;191;172;184;123;177;245;71;117;130;191;241;167;216;240;229;240;73;125;154;158;177;142;207;242;51;65;11;129;135;9;139;144;29;215;206;208;227;180;213;220;88;30;57;27;167;247;201;199;248;203;252;53;139;188;225;223;236;169;147;153;178;178;227;189;225;241;247;249;153;160;246;220;121;165;152;166;220;222;240;226;226;229;238;251;101;218;181;237;252;215;232;229;225;242;238;230;226;231;226;232;233;229;234;246;181;133;252;250;230;238;178;165;243;168;251;146;25;249;244;163;156;143;114;173;170;176;230;186;104;210;240;187;245;199;172;89;173;253;144;4;76;114;43;85;163;98;155;159;173;67;68;110;96;89;104;62;63;115;17;110;230;16;224;254;207;222;222;223;223;222;222;222;222;222;222;222;222;222;223;223;223;223;223;223;224;224;224;224;224;224;224;224;224;224;224;224;224;224;224;224;224;224;224;224;224;224;224
67;119;1;221;164;6;96;249;249;38;27;37;19;131;72;22;77;120;120;29;155;19;62;65;103;35;212;111;30;42;212;5;61;80;17;128;16;112;112;4;96;85;52;4;249;121;41;133;46;133;92;14;19;57;211;151;143;162;157;134;153;154;161;153;159;165;162;167;175;173;170;171;174;169;164;184;181;179;182;176;179;177;191;149;212;253;251;251;80;98;254;171;154;209;158;162;143;103;154;175;104;7;145;132;93;93;59;7;103;244;193;111;113;77;103;91;68;201;139;11;222;140;49;196;120;119;233;160;43;158;156;193;235;241;250;219;247;144;212;246;191;206;203;123;194;175;176;177;176;179;192;134;247;206;181;252;239;182;163;213;248;242;163;200;191;217;214;161;156;177;174;139;158;186;191;189;200;195;203;194;184;170;170;173;167;183;224;136;80;125;77;65;83;45;49;246;240;58;7;41;129;131;137;150;160;145;142;140;133;97;8;36;95;217;245;163;8;11;70;131;200;204;196;162;159;116;97;104;134;211;165;138;173;172;171;165;166;168;166;172;160;144;169;163;159;156;166;168;178;137;124;141;111;222;99;131;246;243;231;188;251;114;132;167;152;168;116;172;247;103;89;152;246;225;155;221;223;236;241;79;117;165;181;174;159;235;140;106;145;194;172;164;159;139;81;71;52;88;15;184;114;233;246;171;172;140;81;133;241;228;224;240;214;243;73;153;186;229;205;228;177;141;148;171;185;247;195;232;242;244;234;156;186;233;191;149;166;156;171;216;221;242;234;233;229;240;230;98;243;169;166;249;233;228;227;218;235;231;234;226;226;224;235;223;221;227;239;251;228;111;203;252;235;251;197;186;217;249;6;204;247;247;247;208;162;147;126;128;179;144;205;234;112;158;247;209;195;251;162;106;180;254;254;30;31;80;76;153;89;163;155;178;102;43;85;106;131;136;130;87;88;17;193;166;5;231;247;210;220;224;224;215;221;221;221;222;222;222;222;222;222;223;223;223;223;223;223;224;224;224;224;224;224;224;224;224;224;224;224;224;224;224;224;224;224;224;224;224;224;224
22;19;2;199;144;109;250;204;37;4;42;104;20;24;114;89;87;122;115;71;176;10;54;135;137;4;102;100;37;131;203;40;54;103;41;127;79;92;176;33;77;126;134;2;251;122;4;188;39;161;126;48;59;49;197;153;141;161;151;134;168;151;152;145;164;170;155;158;181;166;166;171;175;167;168;185;179;185;179;187;176;179;197;139;231;252;145;18;17;14;84;207;184;194;139;198;94;154;160;139;122;21;80;71;13;39;43;8;169;245;187;123;178;155;228;150;57;237;133;13;191;123;237;203;54;118;69;105;206;186;54;118;185;163;148;222;250;151;213;250;195;200;206;128;191;176;175;182;176;187;190;131;251;186;199;253;231;247;245;183;171;186;182;197;184;202;201;172;166;176;177;151;157;173;164;175;171;172;183;178;184;205;198;180;162;175;175;108;100;81;93;101;97;33;191;239;50;11;146;130;120;111;115;121;126;135;137;137;140;138;101;21;17;28;176;241;180;52;85;15;10;98;200;203;154;185;110;113;125;150;195;166;163;168;164;158;157;163;152;164;153;140;172;170;165;141;165;174;179;144;116;156;105;240;129;74;147;247;247;180;237;113;135;177;143;161;119;174;243;132;64;181;244;242;167;215;231;230;240;80;133;177;159;190;147;178;235;147;112;132;137;181;190;174;224;209;221;249;182;152;3;79;60;21;115;81;58;125;249;247;215;238;221;201;28;145;198;227;165;186;167;172;138;178;186;229;221;211;236;252;248;115;171;250;242;128;166;164;175;218;222;234;234;234;228;236;249;154;228;186;185;252;227;234;243;223;232;218;231;233;227;236;239;238;208;223;233;219;247;252;146;163;251;250;248;221;221;195;58;251;231;223;247;246;232;176;154;123;89;143;134;157;217;173;142;249;237;182;245;168;141;83;181;252;113;2;68;180;114;72;132;162;112;71;100;93;111;94;88;91;104;18;213;162;20;225;241;218;218;218;223;218;222;221;220;221;222;222;222;221;223;224;224;224;224;224;224;223;224;224;224;224;225;225;225;225;225;224;224;224;224;224;224;223;224;224;224;224;224;224
107;123;3;188;250;240;127;3;6;95;174;106;28;20;95;93;5;87;99;72;167;7;61;150;145;6;116;126;16;33;199;23;149;249;7;63;123;50;130;31;75;135;134;3;242;115;13;185;23;119;122;64;88;50;203;150;158;152;145;153;178;154;138;149;159;163;145;151;179;176;171;167;182;173;174;181;177;182;184;185;179;180;190;131;246;217;202;251;108;84;93;224;186;164;170;154;80;173;149;152;144;55;6;36;32;46;22;8;226;247;177;106;211;114;173;100;14;160;146;16;170;156;189;69;89;60;199;215;37;134;238;202;202;113;157;215;250;164;213;248;189;205;206;138;185;176;174;179;180;181;195;143;243;202;189;250;229;239;232;251;248;181;180;191;198;200;193;173;157;179;171;141;159;173;183;192;180;184;193;188;183;193;195;188;181;215;116;72;112;83;71;122;49;81;246;162;5;148;154;127;141;134;158;164;126;110;121;113;115;146;161;134;46;32;11;221;233;61;95;118;89;18;11;164;226;177;180;120;116;131;169;175;161;164;164;162;157;157;150;167;155;138;155;149;141;128;155;167;166;130;90;140;104;228;108;150;94;214;249;169;251;118;111;167;162;165;121;167;251;163;50;228;246;243;209;215;224;235;238;78;118;177;167;164;163;173;97;104;154;167;171;151;158;198;229;230;229;245;238;243;117;127;92;9;35;31;37;234;252;221;223;245;229;248;77;130;168;251;238;242;177;150;160;199;182;227;204;232;248;238;230;94;166;236;236;122;161;156;175;203;218;249;239;227;235;229;253;141;218;219;148;193;229;225;244;227;242;220;217;235;234;239;222;233;237;207;230;227;222;232;252;157;142;241;245;238;252;188;102;253;240;228;222;240;239;251;187;154;144;96;140;161;147;211;187;115;226;250;171;237;229;160;110;116;252;185;3;88;137;90;82;104;102;87;114;88;89;91;88;81;96;20;217;163;7;230;247;208;213;222;219;226;222;221;221;221;222;223;222;221;223;223;223;223;223;223;223;223;223;223;223;223;223;224;224;224;225;224;224;224;224;224;224;223;224;224;224;224;224;224
47;9;61;253;219;105;12;150;56;27;125;140;4;140;140;32;24;73;59;51;85;19;95;134;53;22;158;168;18;60;224;9;51;250;27;175;107;47;135;26;82;129;131;3;252;118;26;183;23;118;123;65;90;54;205;142;149;156;162;166;158;147;139;163;158;182;174;171;169;165;168;173;171;167;177;184;181;184;188;180;175;181;192;123;249;148;74;139;91;106;189;198;179;159;200;96;116;165;156;131;125;54;17;56;40;57;13;49;251;246;172;122;206;192;110;50;48;146;127;28;203;48;12;213;199;26;236;226;196;192;221;147;221;249;247;212;157;69;231;248;186;206;199;144;192;176;178;168;178;175;194;136;247;188;202;250;221;234;247;219;245;238;168;198;178;206;195;167;169;164;170;139;155;162;159;174;180;177;172;171;168;172;184;185;217;196;83;88;75;80;106;112;44;107;248;93;61;193;100;122;165;146;121;99;89;124;159;137;118;140;171;170;125;86;12;127;242;111;55;103;96;96;77;9;167;210;180;176;121;122;144;180;161;150;149;167;179;183;166;163;187;174;180;174;162;153;170;176;189;181;130;147;114;247;90;141;129;108;245;187;242;108;103;177;153;167;121;162;248;187;54;244;234;243;229;202;226;237;236;73;113;182;176;160;176;239;11;99;147;139;133;106;94;92;86;137;196;250;251;242;252;252;250;94;5;59;225;244;201;233;230;244;222;250;53;138;182;204;235;243;177;163;169;155;142;243;180;225;243;253;237;161;170;251;223;137;165;155;171;198;211;236;242;243;227;231;244;151;216;216;149;198;246;231;247;229;236;237;216;221;227;235;224;213;244;236;225;211;235;242;208;252;197;112;209;252;251;114;69;253;222;235;237;225;219;234;251;232;160;157;116;127;177;165;157;239;113;192;247;177;215;246;183;120;18;248;251;45;60;106;118;116;98;83;110;92;85;90;89;79;92;18;215;159;23;188;246;246;254;223;218;222;222;221;221;222;222;223;222;222;222;222;222;222;222;222;222;222;224;224;223;223;223;223;223;223;225;224;224;224;224;224;224;223;224;224;224;224;224;224
7;149;253;203;52;6;18;82;81;40;67;62;10;130;191;13;117;141;23;50;109;27;39;81;15;65;178;53;23;86;221;28;71;110;5;128;93;113;171;16;50;123;128;12;246;99;48;172;30;128;108;61;79;41;196;140;150;159;156;153;147;155;158;158;156;176;168;172;169;170;171;170;174;172;178;191;178;177;176;166;197;192;192;130;248;214;182;118;61;117;221;205;192;206;129;125;146;138;122;107;183;44;6;63;45;50;4;125;247;250;170;109;207;174;202;216;91;92;152;43;227;161;65;122;149;78;134;186;162;160;93;156;181;212;252;252;237;124;220;248;178;217;201;134;188;174;176;177;177;204;186;167;210;205;201;250;234;250;240;248;246;209;159;204;199;201;180;178;161;190;182;152;159;178;193;180;174;171;169;188;196;185;180;171;222;124;38;91;87;85;97;124;49;119;246;85;61;174;159;139;150;141;93;86;129;157;146;105;103;100;97;147;164;157;57;108;243;138;57;109;80;88;117;66;10;188;209;159;151;148;118;150;168;166;169;179;171;165;151;147;152;149;155;164;159;159;171;171;169;173;143;162;121;249;90;136;139;71;219;226;250;105;112;160;147;170;116;178;246;173;86;244;217;245;227;198;236;234;238;82;120;161;181;164;168;237;12;30;75;91;109;134;136;144;123;84;57;59;102;167;213;241;250;250;175;239;178;185;246;231;191;229;224;251;63;158;161;139;212;217;169;153;181;103;150;245;196;218;232;243;234;166;166;244;211;132;160;168;205;204;212;245;241;231;228;253;249;151;199;208;192;253;231;232;235;227;232;247;217;216;245;245;248;235;212;223;243;240;210;215;236;216;252;251;145;133;252;147;77;242;252;232;237;231;237;230;225;246;249;171;164;122;112;174;171;188;239;143;155;247;200;186;246;192;91;79;217;246;130;20;44;99;100;93;85;74;81;85;100;102;102;13;211;159;31;71;63;78;180;253;222;221;222;222;222;222;222;223;223;223;222;222;222;222;222;222;222;222;225;225;225;224;224;224;224;223;225;224;224;224;224;224;224;223;224;224;224;224;224;224
179;252;139;2;3;191;140;37;157;97;48;78;46;42;93;11;167;178;47;86;138;24;24;115;34;20;65;5;76;117;199;3;113;226;12;92;42;59;87;4;147;149;121;2;246;109;47;183;28;127;124;63;95;43;233;144;158;156;143;152;156;152;168;154;158;166;156;169;172;177;174;162;182;179;170;191;171;175;175;179;183;183;160;130;245;182;252;232;18;177;246;206;236;172;72;151;141;136;176;205;175;5;8;58;58;46;7;185;245;237;189;115;177;183;147;173;43;154;168;15;210;174;90;147;36;124;125;51;79;208;206;244;243;239;232;230;248;161;219;250;187;214;181;140;184;193;161;178;176;153;182;126;215;205;191;248;243;216;179;215;198;216;218;179;178;236;213;147;172;159;169;151;147;182;173;188;196;182;164;174;182;177;189;197;217;56;63;118;107;107;100;120;63;92;242;111;25;170;122;126;142;160;141;148;165;143;135;147;118;114;114;98;144;146;57;80;247;142;48;116;94;78;84;98;14;69;222;186;150;147;114;110;183;190;187;178;159;163;172;179;167;166;162;170;166;167;177;177;186;179;145;164;132;244;91;127;170;97;179;236;247;94;105;167;158;167;102;190;247;123;101;249;220;242;221;205;228;229;237;88;109;152;189;160;181;223;7;29;66;125;125;143;149;140;162;182;176;157;115;74;47;65;96;203;243;251;178;173;237;234;218;247;229;242;52;136;187;238;232;242;177;137;178;155;188;238;199;228;248;238;228;145;178;247;222;125;181;141;140;222;252;211;238;238;221;222;241;154;203;195;153;245;204;240;235;221;238;228;220;246;248;180;222;250;238;222;214;238;235;221;221;224;220;240;247;209;178;111;74;237;223;247;251;224;225;238;236;224;243;249;212;172;139;108;153;154;153;231;163;125;243;219;192;250;180;147;98;163;250;254;73;8;39;88;92;96;98;70;69;77;88;12;212;150;34;109;93;59;41;230;239;217;221;222;222;222;222;223;223;223;222;223;223;223;223;223;223;222;225;225;224;224;224;224;223;223;225;224;224;224;224;224;224;223;224;224;224;224;224;224
248;53;6;60;7;179;128;159;168;138;49;79;129;57;150;34;11;115;14;139;204;53;71;144;44;9;71;231;6;27;238;15;122;245;12;67;237;20;109;20;63;149;110;38;248;90;3;174;31;128;108;78;65;43;222;134;150;159;156;163;161;140;169;156;162;170;168;174;169;169;174;162;177;180;164;192;175;183;184;196;181;174;187;138;252;179;236;190;21;203;174;244;243;102;76;141;168;182;166;141;51;7;52;34;25;72;3;212;248;246;163;153;132;7;181;174;25;107;125;37;235;196;27;125;241;43;159;247;128;153;239;212;191;234;241;240;247;148;213;244;192;217;180;134;194;164;185;180;172;187;206;112;220;209;168;243;223;172;238;212;179;191;148;197;98;198;150;164;156;166;172;163;147;167;163;179;173;172;169;175;173;164;178;200;211;42;90;101;112;136;121;136;95;19;246;216;6;124;172;139;121;149;153;145;130;117;127;135;166;146;139;117;100;135;52;114;240;155;44;112;121;111;103;108;89;13;174;200;169;175;171;140;157;177;178;180;175;179;171;158;186;184;173;176;168;162;170;167;175;181;140;147;139;249;94;112;155;95;141;246;247;101;112;182;158;163;102;184;248;88;103;249;236;237;220;212;216;237;238;78;107;175;182;159;198;193;20;112;35;108;141;143;132;130;141;141;145;157;175;192;187;152;100;25;46;156;251;205;211;233;242;240;240;251;59;147;172;239;194;230;178;150;148;189;188;242;179;231;245;245;229;150;175;251;222;131;184;154;88;224;239;244;239;226;239;238;253;145;202;220;171;251;229;225;235;227;239;227;231;161;202;186;16;178;247;230;236;232;237;226;243;232;222;226;223;249;253;39;65;253;128;172;251;247;233;224;231;233;231;235;246;228;187;152;107;121;171;151;211;227;121;224;239;173;242;185;148;157;144;194;255;196;14;17;109;117;126;93;74;72;95;29;228;160;71;138;119;152;39;154;254;222;221;221;222;222;222;222;223;223;223;223;223;224;224;223;223;223;223;223;223;223;223;223;223;223;225;224;224;224;224;224;224;223;224;224;224;224;224;224
7;15;141;16;4;97;134;112;149;108;172;154;139;92;63;135;22;184;36;33;127;9;98;221;63;17;128;186;3;88;152;4;57;149;40;195;153;18;164;9;67;171;72;9;251;84;124;183;4;103;111;84;100;58;218;140;152;157;153;156;161;150;169;149;160;164;163;164;165;170;180;159;171;184;169;192;180;181;178;188;173;173;198;125;249;168;195;162;62;215;143;246;159;80;135;146;174;139;109;134;36;11;33;25;51;38;69;241;241;248;183;127;195;158;233;103;111;190;202;144;188;244;140;90;203;111;240;154;244;239;248;234;223;239;233;216;252;166;200;253;177;209;197;126;193;169;174;185;184;202;171;112;236;223;124;135;209;215;162;204;230;162;121;197;237;226;133;161;245;104;143;176;119;162;180;164;169;176;187;191;187;177;180;204;185;17;52;52;71;76;58;76;74;4;111;251;139;12;80;127;123;124;124;118;125;150;151;122;114;132;119;132;146;91;9;201;246;106;92;105;71;83;98;100;145;19;67;230;148;185;147;140;144;172;170;168;166;176;182;181;158;162;160;171;175;168;180;178;164;176;151;161;140;241;92;128;149;152;121;237;247;88;110;163;154;170;117;183;249;86;128;247;215;247;224;214;220;242;242;72;120;183;172;160;194;126;55;130;56;73;104;113;120;122;120;125;156;148;145;148;158;191;179;188;112;71;76;213;252;231;193;235;230;241;61;171;147;213;250;248;165;146;138;155;182;245;187;228;243;247;241;141;176;243;227;141;161;164;201;220;213;232;224;236;229;230;242;156;205;201;161;251;222;245;244;214;233;239;251;189;213;192;25;105;242;239;199;230;232;223;220;230;239;231;227;236;252;122;81;243;253;156;126;233;253;233;234;215;227;228;224;251;237;198;154;143;102;161;148;196;220;140;202;246;174;237;214;85;184;161;102;254;252;83;63;80;75;94;102;98;111;23;212;165;10;125;100;123;59;120;247;222;220;221;222;222;221;221;222;223;223;223;223;224;224;223;223;223;223;223;223;223;223;223;223;223;225;224;224;224;224;224;224;223;224;224;224;224;224;224
4;209;243;59;6;136;111;87;144;113;187;87;248;167;117;202;108;29;113;77;165;24;4;138;33;84;225;34;28;129;53;4;121;26;4;129;9;147;173;20;98;143;49;29;127;7;98;141;43;191;114;35;18;76;201;148;158;149;143;148;156;152;163;154;161;168;170;161;160;167;183;158;160;180;166;182;180;179;178;185;190;183;183;138;246;184;231;133;116;232;155;202;91;137;165;124;99;121;149;173;10;9;27;35;71;46;119;242;156;228;129;102;196;180;156;193;163;208;228;107;178;249;155;217;243;171;251;142;178;248;216;224;235;242;228;235;248;155;215;245;186;214;196;133;188;182;169;148;235;141;80;117;233;122;128;208;244;245;211;155;116;150;161;173;133;185;219;62;143;31;116;194;167;182;191;190;190;187;191;187;188;186;184;206;181;98;169;180;183;157;137;149;125;119;42;169;248;171;71;51;65;51;56;62;52;44;43;47;41;61;51;72;51;7;154;241;180;25;76;61;95;114;103;100;123;78;22;224;182;189;163;130;156;186;180;172;161;156;153;151;141;147;148;160;167;156;170;170;176;176;155;155;121;241;99;128;167;143;108;231;246;89;104;178;155;169;117;186;245;84;155;248;155;250;221;206;220;225;240;72;106;177;188;163;206;167;44;159;106;29;66;124;122;115;130;126;130;126;129;115;119;106;112;136;155;129;126;192;246;221;237;240;222;249;54;157;167;194;249;243;169;135;149;164;177;247;194;221;245;243;234;139;190;251;225;128;173;170;172;212;217;243;234;224;233;238;253;169;205;200;153;251;232;223;245;248;217;235;240;135;189;201;64;177;241;237;206;249;240;225;239;234;221;230;229;224;251;147;67;253;205;248;225;127;180;248;252;233;234;232;226;226;245;251;207;140;144;105;147;159;161;233;154;156;245;208;244;168;2;243;210;37;247;91;26;72;30;71;87;91;119;21;201;171;23;118;104;94;91;191;243;223;219;220;222;222;221;221;222;223;223;223;223;223;223;223;223;223;223;223;223;224;224;224;224;224;225;224;224;224;224;224;224;223;224;224;224;224;224;224
97;189;157;93;10;181;110;83;52;84;78;74;167;154;108;162;132;182;187;106;34;91;69;173;104;4;91;84;61;248;52;28;131;57;26;114;35;63;69;6;199;86;5;70;224;62;66;68;32;157;91;113;93;82;197;142;154;148;140;153;152;156;150;155;164;163;179;171;164;172;185;166;156;185;166;175;181;176;185;184;171;194;185;136;243;185;244;190;178;236;106;94;146;140;42;60;110;141;119;124;11;23;29;40;58;37;162;219;171;178;218;203;167;162;161;196;151;169;229;100;178;242;166;206;244;174;245;249;227;241;227;241;238;226;229;229;248;157;211;252;184;213;186;153;191;173;196;196;204;76;122;172;166;166;228;204;168;157;147;181;233;235;120;158;171;148;235;182;33;45;54;106;164;156;181;168;174;162;175;179;174;178;180;191;173;91;125;123;170;209;200;211;216;216;210;148;145;215;242;208;210;191;188;185;180;163;154;183;163;132;141;120;117;200;236;191;42;54;86;67;70;60;83;61;76;74;8;157;223;174;140;148;158;190;176;179;178;171;176;177;176;166;168;172;173;164;176;186;170;176;160;145;134;241;85;111;127;105;75;213;248;77;106;173;165;156;103;201;245;70;195;239;136;226;237;211;214;223;244;62;114;173;202;152;195;240;80;158;122;105;125;146;140;120;138;125;93;134;161;197;182;204;213;146;173;251;187;192;247;225;218;250;232;249;57;145;200;166;184;250;175;141;147;169;169;240;170;231;247;242;240;136;184;251;217;132;169;168;154;196;217;234;239;225;236;236;251;158;186;200;179;247;225;244;242;237;198;223;245;191;193;204;63;165;231;213;240;200;239;213;224;242;226;225;232;238;253;129;94;249;210;198;253;243;147;152;246;246;242;230;238;231;233;230;239;230;176;154;94;134;155;149;213;199;149;223;222;253;202;59;254;166;123;82;63;94;72;67;85;87;105;12;211;175;29;120;136;111;72;246;231;216;220;220;220;221;222;223;223;223;222;222;222;222;223;223;223;223;223;223;223;223;223;223;223;223;224;224;224;224;224;224;224;224;224;224;224;224;225;225
47;5;19;155;45;127;218;182;177;52;114;74;29;66;115;157;141;109;126;140;157;179;143;10;96;54;175;145;6;157;14;116;241;48;54;105;29;53;85;61;44;130;73;32;247;74;88;150;14;97;34;84;33;71;220;149;158;148;145;158;162;160;156;161;163;163;174;166;161;166;176;162;165;189;179;187;186;179;180;176;178;194;166;136;250;221;249;172;231;159;15;89;134;44;52;92;156;179;124;27;45;59;81;84;46;40;218;36;21;105;124;211;187;158;180;160;164;168;226;101;186;247;172;203;220;198;251;208;217;227;221;230;230;236;222;229;247;175;214;243;183;211;170;152;193;181;182;153;188;197;129;204;162;137;70;98;199;218;117;137;235;129;99;185;204;104;179;236;217;154;199;180;167;194;168;178;180;165;171;168;161;164;167;180;174;88;106;107;120;139;154;170;143;141;149;161;179;173;161;167;177;185;206;193;193;220;200;181;200;227;216;215;217;184;170;183;204;231;225;225;201;204;201;206;200;184;141;130;176;196;160;124;169;187;165;169;172;164;164;162;160;166;168;157;157;159;175;176;182;160;162;124;123;236;90;132;169;158;112;208;249;80;106;179;157;153;115;200;230;97;219;244;158;176;243;223;209;238;243;66;105;176;181;140;143;248;127;119;159;110;126;155;141;152;161;101;97;243;228;244;251;248;239;204;150;241;163;181;251;228;211;252;232;242;53;157;185;170;186;247;175;140;150;160;184;242;168;216;230;251;245;140;181;227;217;136;164;162;190;204;222;236;238;230;227;224;253;159;176;188;154;252;227;233;237;241;221;224;233;208;187;213;61;127;233;237;246;226;223;222;238;243;229;230;234;225;245;147;78;250;251;245;195;212;250;190;111;202;253;240;226;234;231;228;235;248;237;191;153;124;127;160;157;193;215;196;169;150;37;28;199;249;45;36;78;66;93;81;58;76;96;16;205;180;40;111;117;88;74;244;232;215;220;220;220;221;222;223;223;222;222;222;222;222;223;223;223;223;223;223;223;223;223;223;223;223;224;224;224;224;224;224;224;224;225;224;224;224;225;226
215;216;101;202;171;109;84;119;184;238;212;174;141;97;112;65;98;122;196;130;116;173;124;154;210;159;5;85;89;159;50;12;134;5;139;215;4;56;132;72;4;155;105;6;251;69;110;154;4;200;58;86;37;91;188;136;158;147;151;160;167;158;161;168;159;162;170;167;169;174;182;178;160;176;179;190;186;185;183;181;190;176;183;132;252;186;102;199;196;9;56;137;84;56;102;129;137;173;145;78;73;127;101;69;34;73;251;167;132;153;19;79;202;137;157;169;167;172;239;89;189;250;174;216;214;140;190;231;247;240;234;241;216;218;238;249;244;165;227;248;201;208;135;164;179;184;194;39;50;120;167;80;154;169;128;230;97;169;235;206;227;56;98;183;165;76;195;199;185;205;192;188;190;181;171;180;188;178;189;190;187;191;193;205;191;99;113;143;146;154;167;173;145;172;163;166;184;172;147;151;151;173;189;146;132;193;170;116;150;192;162;146;138;152;199;175;147;159;134;153;190;188;165;162;156;144;180;165;169;209;157;151;180;190;169;177;183;179;179;180;182;181;179;174;171;163;182;195;194;184;165;77;133;239;89;147;164;180;125;197;248;77;90;159;146;156;111;226;138;34;93;218;220;166;204;239;208;230;247;62;135;151;161;141;139;232;235;145;107;163;144;152;160;156;114;85;236;221;181;233;216;223;253;195;143;251;188;192;245;224;222;249;227;248;61;160;165;200;212;239;168;141;138;173;192;246;197;208;252;242;209;132;189;245;234;142;163;168;211;202;210;223;246;230;238;243;225;251;246;173;152;249;224;234;249;235;219;228;235;195;190;188;71;142;232;233;239;225;237;244;208;215;246;235;236;234;250;159;79;252;226;245;241;232;192;244;252;125;128;251;253;221;224;245;231;217;238;248;210;167;167;127;154;188;218;226;64;1;198;248;83;140;12;51;76;64;59;87;83;103;98;18;215;177;30;115;132;94;86;240;231;216;220;220;220;220;221;222;222;222;222;222;222;222;223;223;223;223;223;223;223;223;223;223;223;223;223;224;224;224;224;224;224;223;225;225;225;225;226;226
163;211;156;100;88;177;136;114;37;206;246;222;201;183;123;141;99;134;26;158;150;161;167;90;155;198;201;198;110;4;98;103;165;31;10;143;7;138;226;27;28;205;108;4;242;68;42;153;38;208;86;95;105;81;199;139;153;147;155;154;163;152;163;170;155;159;162;161;164;166;169;170;164;167;175;184;179;186;184;184;176;188;187;139;247;224;203;176;102;44;103;103;70;78;54;90;134;165;130;6;71;103;72;83;43;143;172;238;249;240;145;56;217;185;163;177;156;151;241;109;199;240;174;235;196;207;198;152;179;240;251;245;251;246;246;221;142;59;75;219;205;213;171;152;199;167;223;116;96;84;67;162;167;137;77;216;201;59;64;110;194;128;79;89;178;208;212;138;186;190;172;153;164;184;177;174;173;167;177;178;176;177;175;186;200;97;111;146;147;151;131;131;166;168;163;166;145;161;178;151;168;183;176;138;138;211;187;124;173;196;157;167;166;163;201;159;161;173;148;145;203;158;140;142;143;128;161;163;153;198;143;138;153;167;153;156;152;146;147;150;132;135;146;160;162;149;173;192;184;113;66;50;220;90;85;164;156;184;112;191;247;83;104;171;147;161;89;235;126;74;62;98;237;194;172;240;217;235;239;77;118;171;188;158;169;224;191;246;168;105;105;127;119;135;116;235;247;203;201;241;227;241;229;141;191;248;151;201;245;234;217;250;221;250;62;151;154;221;228;227;174;144;172;110;108;248;247;245;237;243;232;131;185;246;222;122;175;159;153;223;219;228;245;226;230;244;245;171;252;252;185;244;224;217;243;239;220;220;247;195;215;174;73;169;230;230;242;223;220;243;238;220;229;212;221;249;248;142;68;249;235;220;246;237;239;176;235;253;188;110;203;253;237;214;223;240;221;225;250;216;140;158;139;204;122;2;131;174;239;231;118;61;2;45;89;59;63;62;99;106;117;24;194;186;26;117;128;85;85;242;232;212;220;220;219;220;221;222;221;221;222;222;222;222;223;223;223;223;223;223;223;223;223;223;223;223;223;223;224;224;224;224;223;223;225;225;224;225;225;226
108;124;113;104;109;98;80;54;61;162;173;205;186;229;237;202;191;128;116;119;122;102;150;137;162;115;231;139;163;161;223;115;9;110;83;151;38;4;107;25;148;187;64;15;251;38;43;147;7;123;92;125;75;87;190;150;153;148;154;144;158;154;166;164;162;168;169;170;173;175;173;176;182;174;179;185;176;182;178;179;178;182;187;137;246;220;241;164;78;56;70;84;44;48;90;159;181;184;171;12;128;94;64;89;36;198;6;141;229;243;248;218;179;204;217;162;155;150;224;86;191;251;200;126;179;251;239;226;237;116;112;145;171;191;249;242;200;202;174;227;179;219;170;154;185;160;179;209;186;124;131;155;197;204;142;108;124;207;64;104;234;79;141;101;192;166;194;187;149;174;190;190;172;167;190;183;184;178;184;179;177;178;176;189;195;94;121;144;153;178;147;166;156;160;150;168;167;170;174;156;157;195;191;158;151;198;179;140;155;196;159;156;163;160;176;124;153;183;157;157;194;146;148;178;153;139;169;147;167;200;163;135;175;194;187;186;177;173;172;171;176;159;141;149;169;158;121;53;140;230;234;199;198;47;132;144;141;169;90;201;249;82;105;162;149;166;115;233;119;65;112;33;138;230;167;217;237;228;235;81;127;167;168;159;165;242;169;249;246;242;186;210;249;239;240;250;230;194;179;246;232;246;201;93;153;247;174;184;237;230;228;249;228;249;57;154;167;216;225;235;182;130;161;158;139;239;211;230;234;251;237;153;101;236;232;128;195;136;77;217;204;224;233;236;244;215;252;127;146;246;253;235;228;225;240;238;224;211;249;192;195;186;79;174;227;231;240;231;239;219;248;215;225;252;242;204;201;127;74;249;241;234;223;226;253;234;187;193;244;228;106;169;253;251;231;225;234;233;220;249;252;212;177;55;16;193;245;41;52;137;77;237;200;24;14;96;65;53;49;54;103;18;206;182;20;115;119;90;87;244;229;215;220;220;220;220;221;221;221;221;222;222;222;222;223;223;223;223;223;223;223;223;223;223;223;223;223;223;224;224;224;224;223;223;225;224;224;224;225;225
166;174;173;125;109;147;146;113;95;121;127;145;162;197;199;207;211;246;229;203;147;155;115;94;58;87;86;153;130;113;180;153;159;207;91;16;128;98;195;5;25;132;62;121;227;45;86;99;4;109;105;39;15;113;185;139;157;151;152;142;159;161;169;160;154;162;162;166;167;173;171;173;179;172;176;187;180;184;181;183;187;172;183;136;250;208;238;157;98;63;82;39;37;130;185;206;166;106;172;174;73;73;90;63;65;240;90;21;3;203;30;157;235;106;195;169;240;143;196;115;179;246;248;52;162;245;237;205;230;241;210;166;114;104;218;242;239;179;228;239;138;152;143;157;164;163;167;196;151;187;162;128;126;144;240;15;176;244;30;242;236;19;130;136;243;169;59;170;235;203;158;153;181;177;170;169;178;176;183;180;181;183;178;191;188;96;127;142;149;175;140;154;169;183;157;172;203;189;165;162;163;194;179;145;164;216;184;138;170;195;172;172;167;169;193;150;157;175;145;154;189;146;156;174;164;140;179;144;171;188;167;169;168;183;179;181;177;181;177;170;173;187;188;176;167;174;188;146;251;250;244;214;164;57;150;165;175;183;89;204;241;77;113;179;169;155;106;224;109;53;126;101;40;228;191;180;243;224;240;63;122;172;170;155;159;227;188;247;229;237;252;203;244;236;214;239;237;206;186;230;249;219;251;171;150;244;160;177;253;225;196;251;225;249;57;157;179;210;227;245;162;142;144;178;187;237;201;202;235;248;230;158;182;243;227;131;175;152;150;232;220;231;247;230;223;245;249;167;186;205;168;252;231;245;239;229;233;210;239;185;188;189;78;176;223;228;235;226;224;243;252;186;148;163;212;190;160;158;81;252;198;249;244;242;223;239;239;235;177;246;253;154;123;238;249;227;223;213;254;252;220;59;43;99;235;140;26;28;67;178;33;79;176;235;44;3;73;82;77;80;79;6;223;167;23;118;119;102;90;243;226;218;221;221;220;220;221;221;221;221;222;222;222;222;223;223;223;223;223;223;223;223;223;223;223;223;224;223;223;223;223;223;223;224;224;224;224;224;225;225
170;193;170;159;151;177;119;105;233;191;112;69;108;149;176;171;130;167;245;241;246;239;213;128;126;110;103;85;112;118;154;144;102;154;169;153;163;75;32;123;57;202;72;14;247;53;225;138;9;149;104;41;8;113;191;144;154;152;156;149;160;161;167;162;160;167;164;166;162;169;165;164;166;165;170;187;183;183;184;188;181;183;197;141;246;213;240;148;100;66;53;33;128;196;188;146;119;113;138;187;57;29;42;41;123;183;252;170;54;245;15;8;238;188;152;130;205;181;143;139;182;235;184;90;185;240;195;223;226;227;234;241;242;242;194;225;170;77;222;232;136;208;183;227;180;177;164;176;177;203;155;139;242;117;217;172;240;141;131;242;21;205;243;200;51;162;204;176;200;179;160;173;171;165;170;175;175;177;185;182;185;185;178;191;186;106;126;150;149;159;143;129;169;157;149;170;189;176;167;157;163;192;192;131;143;204;171;135;164;199;164;152;156;162;189;165;165;178;164;168;189;135;160;161;161;141;181;150;172;200;163;155;175;179;171;174;171;174;167;159;170;164;162;166;167;176;181;119;243;251;235;205;166;81;173;150;174;182;107;213;245;81;106;176;168;164;97;221;129;63;101;128;66;138;228;173;233;245;236;63;129;174;188;169;159;237;171;248;229;221;227;205;246;201;208;248;246;207;186;251;247;225;232;194;160;247;179;187;148;250;249;212;214;247;51;150;175;207;231;230;163;126;156;147;190;230;201;229;250;245;236;169;193;248;227;126;162;163;201;220;213;219;253;230;237;249;247;155;200;199;170;251;231;233;228;233;249;219;235;196;222;182;72;175;222;234;245;224;228;246;214;189;208;190;219;166;139;193;72;253;187;241;224;238;235;242;233;247;253;185;193;249;226;115;188;254;248;248;254;79;19;183;158;138;235;200;139;128;22;121;56;48;75;132;217;82;7;7;50;97;99;14;203;161;34;120;107;83;77;243;232;214;222;221;221;221;221;222;221;221;222;222;222;222;223;223;223;223;223;223;223;223;223;223;223;223;224;224;223;222;222;223;224;224;225;224;224;224;225;225
162;141;149;170;121;75;70;212;197;137;191;200;170;138;105;83;121;157;198;213;215;133;187;247;240;196;184;143;120;110;82;151;133;156;119;135;126;135;157;245;204;136;107;35;245;32;99;122;53;227;67;98;27;114;194;151;146;151;161;158;159;154;162;167;163;169;168;170;165;177;176;173;169;172;173;189;182;175;176;182;180;181;176;148;240;211;246;115;53;35;48;108;184;155;158;119;120;145;132;139;123;66;89;46;170;77;33;71;199;221;98;89;179;130;135;214;184;158;205;203;95;68;41;161;148;154;126;125;203;144;136;194;133;167;169;194;219;157;209;235;96;223;199;188;199;165;205;180;167;183;142;115;241;132;137;165;109;21;127;54;92;226;82;84;142;197;243;178;205;182;157;171;164;175;173;170;159;160;166;163;170;176;174;192;183;113;124;160;153;160;185;161;138;178;168;157;200;194;168;164;157;186;214;140;142;209;172;143;170;204;175;165;155;160;201;178;146;168;163;179;176;134;173;179;161;140;179;145;171;194;169;147;183;180;171;175;171;173;167;164;166;154;148;152;153;170;184;119;239;246;239;214;153;81;156;148;162;174;118;211;248;87;103;180;152;170;101;225;174;47;119;113;118;39;220;195;212;238;239;64;138;175;163;153;163;237;178;249;220;231;239;228;239;216;220;240;221;209;205;141;190;250;250;217;169;229;192;208;163;230;251;244;221;250;49;152;177;210;231;215;216;143;130;185;191;242;179;227;246;249;249;122;103;245;245;124;174;139;147;219;216;220;241;238;229;223;252;168;191;220;172;249;229;234;242;233;243;240;248;184;199;173;91;184;222;228;244;230;229;235;228;185;187;171;199;182;110;188;101;251;176;242;209;216;234;244;234;215;228;252;230;173;246;253;149;219;254;145;0;127;252;199;117;72;61;166;237;233;225;209;71;11;52;77;92;161;149;121;1;33;102;3;214;151;11;120;123;84;71;242;241;216;222;222;221;221;222;222;221;221;222;222;222;222;223;223;223;223;223;223;223;223;223;223;223;223;225;224;223;222;222;223;224;225;225;225;224;225;226;226
225;202;220;194;56;139;92;184;242;245;224;187;194;184;193;153;109;91;97;158;176;169;140;143;130;237;225;205;217;182;145;116;85;107;134;128;153;144;176;188;136;185;251;164;162;85;77;94;4;132;4;114;162;156;175;139;139;148;159;156;166;148;161;167;162;166;167;164;167;164;176;175;164;161;173;182;179;182;174;188;190;182;171;157;247;204;245;104;15;85;129;142;156;172;178;152;147;181;154;131;125;71;67;44;175;73;114;119;23;218;123;240;244;201;152;192;161;25;188;83;140;88;100;48;90;214;191;133;184;224;61;91;166;147;186;121;134;173;157;183;224;229;199;120;114;179;97;145;173;196;169;127;242;148;236;238;4;7;44;229;248;171;152;240;80;175;196;185;207;184;177;180;183;195;190;192;194;189;187;179;174;174;174;181;194;107;135;149;151;162;200;183;127;172;158;148;203;191;154;168;165;192;194;148;156;210;189;126;167;200;178;163;155;166;198;170;154;167;153;147;180;164;159;163;171;149;181;153;170;203;160;155;190;184;177;179;185;181;176;178;165;193;187;188;179;177;177;113;252;231;246;208;155;74;165;178;184;188;129;207;241;89;106;178;159;152;92;237;184;85;87;102;103;48;141;218;211;245;237;56;136;170;181;152;161;232;182;249;234;231;211;236;224;213;241;232;236;197;220;187;71;90;196;246;250;250;149;150;237;251;223;248;236;248;48;158;185;201;223;221;240;119;104;180;181;244;192;207;248;243;238;56;184;231;243;136;163;159;181;213;233;216;253;225;232;241;251;167;201;204;153;253;224;226;243;227;230;236;247;192;175;193;97;176;231;232;233;235;234;221;246;207;195;201;225;184;98;184;114;244;189;246;216;219;214;223;236;238;236;226;245;251;167;248;249;177;24;28;253;253;125;99;155;127;124;78;105;145;168;220;204;28;18;56;57;75;69;211;238;55;28;4;211;173;19;112;126;92;83;238;238;214;220;222;224;219;220;228;215;222;223;223;223;223;223;224;224;224;224;224;224;223;223;223;223;223;224;223;222;222;222;223;224;225;225;225;225;225;225;225
121;75;137;31;24;51;94;181;71;123;243;247;242;209;165;171;214;216;188;108;56;100;170;187;173;172;161;197;171;201;240;209;151;157;102;81;97;122;132;143;136;124;240;217;234;229;32;80;97;190;90;13;15;115;190;152;147;141;150;153;153;159;172;161;162;171;171;163;168;171;179;168;165;167;167;184;183;180;178;178;180;188;184;147;246;199;251;85;38;203;169;155;176;164;149;169;172;168;145;117;133;67;42;26;208;51;183;145;32;249;36;45;150;61;34;13;24;11;22;11;52;69;92;23;228;80;7;52;169;235;210;195;179;102;209;120;162;204;228;152;160;118;61;126;213;194;212;222;187;171;165;128;242;144;243;193;8;251;252;236;245;241;240;95;10;131;222;186;226;180;175;177;176;163;163;169;168;171;181;188;194;192;191;204;194;112;137;149;148;155;195;173;151;165;165;167;193;180;160;161;165;193;192;149;158;197;174;137;170;198;175;166;162;171;200;174;156;176;163;163;194;166;156;158;166;147;184;159;176;202;155;152;182;182;180;178;175;171;173;181;168;172;162;171;170;172;180;139;242;252;230;212;145;66;161;143;148;173;116;206;248;91;118;168;154;136;181;229;135;153;57;101;109;81;72;226;186;242;236;57;138;174;173;157;168;232;185;249;228;222;233;243;234;203;232;239;240;225;175;250;238;95;66;97;216;251;252;229;206;224;241;243;223;246;54;160;182;204;236;229;154;15;112;174;188;240;203;218;248;243;238;168;162;191;238;142;159;143;169;198;198;241;240;227;226;252;238;119;234;170;183;250;225;236;243;244;235;229;241;237;218;175;80;178;231;223;238;229;239;235;235;194;183;175;200;182;88;195;93;250;189;248;212;223;220;225;241;231;228;223;231;242;244;217;49;27;173;254;247;107;154;236;183;142;154;143;124;105;87;130;188;173;17;56;59;61;35;22;147;216;148;2;218;185;7;68;73;60;84;244;243;216;219;222;223;221;220;221;217;228;222;222;222;222;223;223;224;224;223;223;223;223;223;223;223;222;224;223;223;223;223;223;224;225;225;225;225;225;225;225
134;144;112;113;148;137;87;122;196;188;150;144;218;245;250;242;227;178;165;174;208;170;124;75;70;95;159;221;150;79;148;222;199;226;199;162;133;102;124;102;113;149;116;179;230;162;189;209;119;46;152;98;50;138;181;145;159;148;160;172;156;153;158;166;164;169;167;161;169;172;178;165;172;182;172;189;181;173;187;183;181;173;183;150;246;194;248;127;105;182;164;162;161;160;168;169;169;133;111;124;80;97;69;117;214;28;181;126;53;251;54;149;164;7;45;41;38;86;42;51;10;14;20;60;244;44;28;148;180;104;152;76;173;116;160;214;156;96;76;131;181;153;139;232;153;196;207;129;193;190;171;94;239;142;161;126;42;249;221;251;246;140;121;154;95;128;189;174;206;153;168;217;189;192;172;185;183;196;197;183;185;190;184;189;189;115;138;152;150;155;200;172;148;159;160;169;203;191;167;164;170;198;191;149;168;205;174;143;175;200;174;167;165;169;194;168;144;167;151;160;201;169;158;160;160;143;183;161;176;197;151;153;187;180;173;173;177;180;178;176;172;165;161;173;173;173;171;137;245;236;247;209;142;109;154;159;169;174;130;216;247;74;94;148;182;179;212;111;117;214;47;75;106;106;42;218;191;240;242;56;138;179;167;159;167;231;184;245;244;247;215;241;245;224;228;228;237;225;182;247;229;226;248;69;17;49;216;239;253;227;228;244;240;245;37;160;192;190;222;209;224;115;97;182;187;247;180;229;228;253;215;148;160;209;233;148;159;154;207;199;220;213;243;232;224;248;243;196;222;216;165;251;231;230;226;246;231;225;234;238;248;183;89;180;218;224;247;231;234;239;231;195;175;169;202;196;68;208;62;251;215;222;219;213;208;238;239;232;242;253;249;248;124;22;117;253;248;186;91;145;196;205;168;169;171;161;149;116;148;158;165;209;95;93;101;102;118;80;71;108;187;118;161;140;30;119;129;5;63;230;232;224;233;211;216;220;211;235;224;217;222;222;222;222;222;222;223;224;224;224;223;223;223;223;223;223;224;224;224;224;224;224;224;224;224;224;225;225;225;225
95;109;126;134;123;125;134;32;9;33;98;114;108;124;169;233;242;246;247;213;221;189;171;143;183;125;77;96;153;190;204;149;38;198;139;234;232;164;176;159;114;79;53;99;120;115;172;123;155;194;193;94;26;196;158;148;143;156;158;150;157;173;164;160;173;169;167;169;178;174;180;176;163;175;173;191;180;170;180;172;171;186;186;139;242;212;230;202;108;198;161;122;147;166;162;169;153;130;123;99;101;140;50;192;185;10;175;135;61;246;58;128;231;88;73;240;58;145;78;240;69;114;69;68;193;60;97;216;204;236;114;154;72;12;77;142;65;99;161;142;128;141;120;141;120;173;220;116;154;168;132;137;238;182;223;158;83;242;243;243;120;53;28;25;79;132;167;8;102;133;144;140;155;172;149;167;155;149;145;149;160;155;155;184;184;116;137;154;154;159;206;171;143;162;155;152;188;184;165;166;163;196;192;140;161;209;174;133;166;195;170;164;165;170;193;167;163;178;151;162;209;175;163;166;168;150;185;159;173;193;151;162;185;183;182;181;179;181;183;182;179;174;174;173;171;180;172;135;250;235;245;208;145;114;162;167;173;195;151;215;244;63;197;251;82;219;112;81;122;205;116;60;107;118;66;169;211;237;238;45;134;180;173;161;164;237;187;246;247;142;87;63;171;243;234;227;240;212;185;252;234;192;245;238;249;81;7;72;194;250;250;247;217;253;56;147;185;198;244;220;231;110;103;162;193;230;185;210;252;243;237;134;183;248;214;138;178;134;126;224;250;238;247;232;233;210;252;165;167;233;167;242;253;224;214;237;239;244;246;198;224;184;103;157;245;232;227;237;236;232;239;218;190;192;206;175;74;225;47;227;249;247;238;252;238;222;225;253;208;252;187;18;61;229;252;250;111;84;191;177;151;155;190;171;163;167;161;132;146;179;164;183;169;85;112;134;123;130;131;99;98;90;67;80;27;179;245;108;15;250;247;209;204;244;219;227;234;204;220;223;223;222;222;222;222;223;224;224;224;224;224;224;224;224;224;224;223;224;224;225;225;225;224;224;224;224;224;224;225;225
104;129;127;116;108;105;80;144;238;174;69;29;12;17;61;100;140;176;228;233;242;241;238;201;178;186;202;209;124;65;111;185;190;222;143;155;136;251;237;229;235;146;139;132;119;110;102;154;127;164;160;102;153;214;133;166;150;148;148;149;161;164;165;173;163;160;161;165;172;165;170;167;183;170;162;171;168;179;186;185;172;201;185;142;246;216;207;244;157;157;81;136;162;168;158;139;149;147;117;86;126;116;5;217;134;17;175;151;42;251;71;90;228;88;74;228;53;158;67;168;72;123;75;94;182;110;13;92;179;155;191;223;210;158;75;21;10;111;167;110;30;60;55;187;153;99;229;216;166;133;206;220;197;135;223;179;108;243;249;107;108;199;106;13;42;45;87;9;84;131;4;16;227;199;196;179;188;182;178;184;194;183;176;200;186;118;138;154;153;157;200;163;165;172;168;169;195;187;164;151;160;196;201;141;147;202;176;133;170;207;182;169;169;175;197;170;166;178;152;160;206;172;158;166;172;152;182;153;167;188;148;164;188;180;177;176;171;169;166;158;159;162;172;171;168;180;168;129;249;244;237;212;138;109;172;165;168;191;132;217;248;170;246;239;7;209;95;99;149;207;120;54;93;102;66;100;223;245;238;53;123;160;169;157;156;235;183;250;185;79;159;143;97;178;242;231;229;233;194;194;234;253;226;182;251;233;196;73;13;57;214;244;249;246;44;137;201;192;228;234;164;69;105;171;188;239;209;215;239;247;234;160;190;237;233;134;173;156;94;178;240;228;229;239;240;227;249;171;185;220;130;175;248;234;246;239;233;222;249;204;179;191;115;95;247;251;231;225;241;230;244;213;180;196;217;219;102;198;63;206;189;236;181;172;242;232;249;248;201;48;18;195;253;253;252;130;126;203;190;170;166;171;180;175;150;135;127;113;122;180;164;161;176;63;18;31;28;31;30;42;32;38;29;58;60;44;251;251;166;0;215;254;238;193;231;225;218;233;211;223;223;223;223;223;223;223;224;224;224;224;224;224;223;223;223;223;223;224;224;225;225;225;224;224;224;224;224;224;224;224
176;169;186;186;187;186;129;185;246;242;243;232;192;181;168;127;116;83;108;171;178;135;166;243;241;241;194;155;182;199;165;115;92;79;145;124;116;190;122;191;192;246;242;197;182;147;130;98;118;111;129;151;118;193;107;167;151;158;164;157;148;157;174;157;162;167;170;168;174;170;174;165;176;162;176;190;186;196;187;187;185;184;182;169;247;205;216;234;111;85;152;177;148;163;118;136;160;90;66;96;100;20;72;233;88;42;160;174;54;250;84;114;158;131;113;8;84;136;58;9;25;118;67;46;247;224;123;101;46;79;79;102;171;216;231;215;109;48;75;32;111;94;129;176;90;166;220;162;123;213;198;116;118;166;197;117;116;225;221;135;147;186;73;22;61;35;31;48;126;91;54;115;65;185;193;173;170;182;184;175;182;190;182;183;187;117;142;156;154;157;197;163;145;169;174;178;202;177;156;172;169;194;199;143;151;207;183;146;162;202;175;159;159;166;188;162;150;164;153;160;200;170;155;168;162;147;180;156;179;205;167;185;185;170;169;180;188;194;191;179;177;179;188;189;180;178;161;123;249;236;245;216;124;132;169;171;183;191;143;218;235;243;241;232;31;230;99;41;166;183;184;61;98;94;67;52;230;240;230;42;125;148;165;158;153;228;180;249;127;129;160;163;139;86;244;236;232;217;213;157;90;159;245;247;245;215;230;249;198;94;64;142;241;247;35;141;201;148;232;225;142;85;144;153;168;228;193;216;239;246;245;145;185;251;239;140;159;149;213;210;211;205;236;243;229;232;245;204;225;232;175;249;248;235;236;221;240;221;248;206;204;177;106;140;238;243;230;233;230;233;247;205;174;173;180;210;93;206;56;246;229;239;191;20;205;252;252;114;37;149;244;252;232;199;151;134;196;183;159;178;188;171;166;174;152;142;149;137;113;165;182;163;150;114;79;79;95;105;106;111;110;121;132;135;135;77;8;142;250;162;12;96;254;253;210;221;211;244;220;219;223;223;223;223;224;224;224;224;223;223;222;222;222;222;222;222;223;223;224;224;225;224;224;224;224;224;224;224;224;224
160;148;164;143;141;124;114;84;65;121;209;243;234;178;178;188;183;154;96;84;133;158;122;87;138;188;240;238;242;214;205;192;187;169;89;64;62;82;123;175;171;225;133;170;231;215;187;150;117;117;107;98;105;153;126;158;157;144;134;162;160;154;163;150;163;165;164;162;168;165;171;164;172;157;176;190;179;186;181;189;183;180;185;167;239;211;221;222;67;138;179;171;162;129;140;217;156;35;81;161;36;34;152;206;96;33;154;168;50;246;87;69;235;171;17;9;36;228;168;56;148;159;6;66;184;78;250;193;150;119;81;87;108;99;141;175;231;216;128;59;6;34;114;23;156;197;187;150;164;190;187;161;97;205;210;232;175;25;40;148;176;168;121;9;10;21;35;55;31;2;95;205;74;161;204;168;168;167;172;175;179;178;177;191;185;114;147;160;156;161;198;172;149;153;133;142;198;186;154;163;167;192;191;136;155;209;177;147;163;200;172;159;164;173;199;180;164;170;166;168;203;178;156;167;171;156;185;153;170;188;139;150;151;138;140;146;139;136;139;137;139;139;141;146;145;153;155;126;249;235;240;220;121;121;171;162;188;198;148;209;246;209;237;232;31;228;152;35;157;158;216;46;68;69;66;31;220;242;241;70;142;162;177;166;162;236;198;247;80;122;157;144;148;112;146;247;238;201;202;251;249;184;132;138;241;250;177;235;246;235;251;61;43;226;235;184;139;168;246;252;145;67;186;134;126;243;184;216;252;234;236;155;177;240;231;108;170;150;136;200;219;223;253;227;231;238;247;189;165;210;159;253;242;234;233;230;237;222;248;209;203;183;115;195;225;237;238;224;240;238;238;195;186;195;201;209;44;204;61;217;227;244;213;98;154;183;18;115;189;246;252;183;161;220;181;180;190;176;185;178;172;166;172;172;169;131;122;144;128;131;187;185;141;153;219;192;198;184;202;206;196;194;202;197;169;213;196;2;116;252;237;1;3;249;247;225;215;217;215;227;221;222;223;224;224;224;223;223;223;223;223;223;223;222;222;222;223;223;223;224;224;224;224;223;223;223;224;224;224;224
131;123;133;123;94;147;239;219;156;100;62;105;152;92;142;146;160;176;186;165;114;76;77;100;157;184;173;148;177;225;244;247;240;198;167;160;160;177;144;94;110;163;132;141;172;234;239;234;229;187;159;102;77;139;143;171;155;159;131;160;160;152;156;161;171;162;156;159;167;160;170;173;175;155;166;185;177;180;176;179;184;190;174;152;251;213;182;250;200;145;174;234;146;137;193;143;83;105;201;122;73;117;90;222;139;37;213;164;47;246;90;89;237;52;123;243;68;168;241;6;206;102;139;174;72;25;142;42;249;175;145;143;85;73;67;101;131;154;228;244;162;122;171;135;183;173;225;144;207;175;102;130;118;144;201;140;144;193;137;183;111;141;163;95;152;5;76;22;82;102;10;19;30;70;184;202;175;177;183;180;177;178;180;189;184;111;151;162;156;162;198;178;158;168;175;180;197;183;163;153;158;200;200;135;155;205;167;144;172;203;169;155;159;163;187;173;167;162;157;156;193;176;150;157;157;147;180;154;181;205;157;168;183;162;159;168;165;164;166;161;154;159;155;154;149;155;155;116;251;222;234;218;129;113;179;170;177;197;139;215;247;207;218;238;25;210;219;11;149;159;190;109;186;189;175;101;219;249;227;67;145;173;182;165;163;244;216;240;65;145;128;130;154;115;111;244;236;210;201;222;237;253;244;218;126;106;210;249;239;153;251;208;190;125;91;177;245;234;232;250;195;83;164;83;107;246;214;209;235;240;239;168;164;247;247;146;139;145;209;184;229;214;239;241;242;228;246;181;180;217;152;247;236;228;234;246;226;225;249;197;184;195;104;167;226;222;241;237;224;237;249;202;179;194;215;193;60;224;63;240;215;247;231;133;105;39;194;247;221;187;160;197;227;225;187;167;182;174;163;182;167;173;159;169;171;148;136;131;130;142;175;186;138;81;190;204;190;206;196;188;183;189;202;200;175;134;215;247;5;13;250;254;21;1;168;254;248;208;231;216;220;221;223;224;224;223;222;222;225;224;224;224;224;224;224;224;223;223;223;223;223;223;223;223;223;223;223;224;224;224
140;175;153;120;94;183;246;224;246;241;133;107;149;144;134;152;157;143;159;173;189;205;190;128;77;93;140;186;189;179;161;148;208;240;242;238;186;199;205;169;216;104;55;109;123;178;180;148;231;220;242;242;204;126;96;132;128;158;157;143;147;165;174;165;169;165;154;168;170;160;174;178;179;147;170;205;188;197;188;179;192;182;173;161;248;208;184;215;122;90;189;152;148;172;125;112;181;203;141;69;117;31;156;112;126;61;193;170;87;247;63;90;183;15;188;239;156;21;164;5;137;11;217;166;78;161;98;4;130;32;242;143;216;183;120;96;65;64;95;107;210;153;35;129;192;236;144;172;169;122;61;127;148;87;89;94;105;89;65;138;156;134;172;150;202;33;15;52;24;1;29;87;159;146;121;190;173;164;176;170;168;182;182;182;192;113;150;166;156;165;194;178;167;181;164;154;189;184;165;169;172;197;194;130;166;221;163;134;182;210;173;171;161;167;200;174;178;170;162;167;205;176;166;163;151;152;175;147;178;198;149;167;191;157;154;162;168;165;167;155;154;153;156;159;157;163;155;118;246;230;233;217;125;114;170;167;177;206;142;219;247;215;233;233;27;215;221;9;150;168;184;124;163;173;175;116;181;247;233;67;141;171;184;164;166;240;223;239;48;143;139;143;147;161;88;225;250;209;191;230;233;230;248;249;251;189;108;124;205;242;248;172;248;249;5;130;141;201;237;226;161;135;131;154;187;231;197;217;253;226;237;164;200;233;229;242;165;126;197;216;227;194;253;221;241;214;230;224;202;201;169;251;233;223;234;231;228;223;251;166;222;179;87;177;229;223;243;232;239;236;243;203;141;154;203;212;74;223;69;222;252;253;98;53;159;245;254;189;118;182;236;227;221;247;202;150;187;173;181;183;191;181;172;175;170;164;156;125;149;140;135;176;181;83;124;228;166;165;172;142;163;175;128;134;152;251;168;154;253;64;1;242;255;98;0;37;245;248;239;213;219;221;220;225;216;228;219;223;223;227;227;220;224;222;222;226;222;219;226;220;221;226;218;226;221;221;226;220;226;224
128;102;136;121;90;171;223;141;189;236;84;126;130;157;156;137;121;139;131;122;136;130;144;191;192;164;106;79;65;119;172;218;181;99;130;243;241;241;212;193;192;188;154;81;71;56;86;119;128;110;153;151;249;231;173;167;113;89;123;143;164;157;156;162;145;162;164;160;161;170;179;171;169;162;175;192;179;176;182;187;181;183;181;152;252;213;242;127;79;108;106;227;193;70;139;191;205;117;82;90;90;41;146;98;156;37;136;180;74;244;94;134;156;7;140;241;156;9;59;10;51;4;206;133;100;248;109;115;31;25;86;4;218;115;213;209;141;103;69;62;110;120;4;85;243;192;90;136;131;131;191;141;143;135;112;118;105;80;94;53;78;134;135;159;93;3;28;16;27;28;28;55;114;54;60;113;219;178;173;177;183;171;163;195;191;117;154;169;156;164;197;179;155;166;166;168;202;190;170;166;162;197;203;131;164;211;163;141;186;200;170;166;153;167;200;172;164;161;163;154;195;183;158;167;175;166;184;154;182;198;150;169;178;151;155;160;158;153;159;157;156;154;154;155;151;158;150;113;246;229;231;215;125;114;169;167;167;203;140;213;244;212;224;213;13;215;228;10;147;160;203;116;127;138;150;114;170;246;238;62;142;183;187;168;160;241;231;235;54;143;149;148;138;153;108;184;245;206;205;233;227;240;238;231;242;252;248;210;108;117;223;249;246;248;17;179;225;82;104;243;243;97;18;199;211;216;179;199;244;249;236;146;162;248;249;60;12;137;217;202;222;200;246;235;223;238;247;229;252;220;139;252;236;239;236;229;233;223;246;189;206;178;90;164;233;236;248;212;235;237;227;249;252;227;200;193;92;215;80;253;185;0;23;187;165;147;124;126;176;244;222;209;213;218;177;164;175;175;178;181;174;178;173;165;157;163;165;140;125;128;89;129;222;98;69;245;91;12;117;142;219;155;8;104;155;102;249;211;96;249;176;2;137;249;145;6;0;150;254;251;216;225;212;225;229;220;226;223;223;224;218;228;223;227;226;221;221;224;225;225;222;222;230;221;227;220;224;229;222;222
99;144;72;156;109;169;236;236;214;217;70;38;43;59;46;39;58;86;78;68;88;97;81;80;81;103;110;151;73;32;31;15;43;141;147;82;159;223;245;244;246;217;221;203;200;152;113;118;66;85;134;95;104;112;135;214;247;228;162;113;82;93;144;159;153;154;153;156;153;149;154;159;167;154;155;167;169;175;188;177;168;184;170;149;244;227;253;203;184;136;69;208;166;246;224;199;128;107;118;143;69;59;158;147;170;29;193;171;34;247;99;83;224;41;159;229;166;47;226;5;182;50;87;64;111;59;57;239;128;210;38;49;90;4;180;82;174;237;178;126;61;82;26;235;173;62;114;86;81;129;112;104;138;124;65;24;154;101;114;128;94;125;118;124;134;19;29;35;34;9;48;36;10;9;150;112;206;190;173;186;178;182;187;191;187;117;151;164;151;164;205;191;171;171;171;168;199;184;172;166;166;195;197;129;173;212;162;140;185;192;170;175;166;183;206;165;154;167;166;161;201;185;153;170;169;154;178;155;184;197;152;171;176;148;153;158;157;153;158;156;162;158;157;157;154;161;154;117;245;230;232;217;131;120;174;171;193;219;149;220;247;213;226;220;17;223;223;7;113;180;198;131;141;148;157;138;167;248;240;54;137;181;169;157;150;240;235;212;48;147;149;131;143;146;116;147;247;213;195;236;230;230;213;237;229;212;241;251;252;211;101;103;248;253;11;168;250;229;156;76;182;248;176;78;108;251;252;200;236;245;242;160;175;234;249;143;84;134;204;208;219;214;248;241;234;232;251;178;177;243;208;242;242;240;242;237;228;221;252;208;200;190;90;146;240;223;238;243;236;234;238;202;183;232;248;204;25;209;89;73;0;44;235;196;120;125;137;110;89;105;141;202;207;213;208;231;230;232;227;219;221;227;227;221;206;196;194;183;201;158;145;114;180;246;44;166;141;119;195;162;149;137;130;149;234;216;84;234;224;78;249;252;7;51;254;190;0;5;26;224;249;230;214;216;223;224;219;219;221;226;221;224;221;220;216;226;247;223;215;223;223;224;223;222;222;230;213;219;231;226
104;137;115;154;124;164;233;197;216;226;78;90;113;106;96;97;133;134;133;133;123;137;144;143;136;139;119;88;120;236;237;206;106;42;23;119;108;77;157;210;227;238;245;243;239;239;202;199;203;111;79;90;76;145;151;120;166;209;159;194;236;159;118;144;150;155;151;160;165;161;164;156;139;128;155;175;151;167;178;155;160;173;194;150;251;168;108;248;228;115;6;155;243;226;234;190;103;173;158;139;6;129;187;71;137;59;200;184;63;242;88;93;201;50;168;238;163;48;230;5;160;50;205;74;146;193;128;34;24;178;68;227;95;70;80;5;154;18;163;240;165;171;161;100;13;169;92;61;98;161;38;12;135;53;5;54;137;48;123;92;35;87;75;68;156;26;31;29;16;35;146;149;60;45;115;64;79;198;173;177;174;175;180;186;175;112;149;162;151;159;191;173;169;170;170;161;197;184;177;174;164;197;197;137;171;205;157;144;180;199;170;170;156;166;202;176;154;181;159;166;203;170;147;162;173;153;182;161;187;194;152;171;183;151;158;162;162;160;161;159;156;152;152;154;152;159;152;114;246;230;227;208;119;103;150;147;145;166;110;210;249;208;226;235;26;196;247;12;94;171;206;132;133;147;149;141;156;247;243;60;145;189;174;163;158;242;245;206;87;132;153;151;154;149;154;151;247;218;197;229;235;243;247;247;252;246;227;220;224;248;241;192;128;187;2;168;251;221;252;244;131;70;211;227;108;186;248;253;224;253;227;154;194;227;244;176;105;137;176;201;222;195;252;235;228;225;249;175;164;222;181;252;217;221;243;242;235;222;250;201;195;193;92;132;236;224;238;228;235;232;239;210;184;184;195;230;121;132;129;152;193;202;158;150;182;192;192;203;220;220;241;233;233;225;206;183;174;168;175;175;169;166;160;157;156;158;166;172;149;155;158;110;92;247;123;104;185;173;172;147;103;161;200;137;123;214;251;102;190;251;79;192;249;21;1;246;227;0;6;2;125;253;246;220;208;227;219;223;218;213;217;210;212;218;228;232;197;229;236;235;210;211;216;220;217;221;230;224;226;220
97;143;107;147;96;163;234;43;224;232;72;150;161;155;167;170;159;154;151;165;162;161;158;167;164;167;161;102;111;205;233;239;242;236;245;159;149;115;72;87;140;178;179;181;184;195;247;246;193;164;187;208;162;72;46;96;126;124;169;85;179;240;137;116;172;169;143;145;147;144;164;160;174;142;160;177;148;186;183;168;169;181;154;145;243;213;155;236;207;75;142;142;243;220;213;147;158;210;160;49;25;248;126;64;156;24;149;193;60;251;124;122;197;54;178;215;170;52;215;5;168;70;171;77;124;155;145;122;45;107;44;145;67;203;160;65;122;4;143;12;130;218;191;202;55;139;26;4;109;159;40;40;137;12;66;116;37;99;59;5;112;84;9;136;124;3;27;31;14;82;22;2;164;210;23;16;100;211;183;180;181;169;178;191;183;121;156;164;161;172;196;186;162;176;180;166;201;182;165;155;164;202;192;137;164;212;157;134;183;210;163;163;161;164;197;174;154;178;148;156;203;179;160;170;158;141;174;154;183;191;156;179;178;148;158;158;153;151;154;157;159;156;157;160;159;165;156;118;251;238;233;212;127;112;161;161;173;187;125;221;249;200;216;230;19;189;251;88;39;180;216;126;134;161;157;151;154;249;240;63;138;183;182;164;156;226;238;201;92;90;119;130;134;118;132;131;247;219;209;244;139;189;185;190;164;195;245;250;241;237;232;248;253;203;29;141;253;253;235;223;248;229;101;146;234;246;198;200;249;249;227;153;182;242;248;115;83;135;189;190;234;209;247;223;231;230;252;191;164;226;173;250;214;230;242;225;242;225;246;208;217;186;109;163;232;222;252;224;234;232;242;212;190;224;204;124;156;197;212;192;170;164;153;165;154;154;97;84;101;76;82;63;30;48;56;47;73;71;69;78;60;72;74;68;78;91;97;102;104;126;151;175;163;227;153;101;184;165;181;154;165;246;150;156;155;127;182;250;131;142;248;145;155;253;60;7;250;253;34;18;3;19;244;249;251;213;218;222;252;251;251;253;247;248;252;198;214;235;213;250;253;251;248;249;236;202;227;225;215;227
114;111;59;142;114;161;245;189;238;208;78;134;137;138;136;133;140;151;156;154;148;150;149;148;154;147;119;163;160;80;76;128;199;230;143;137;176;189;180;145;72;57;99;160;206;157;127;168;243;235;234;177;192;194;184;178;124;92;101;163;205;133;124;151;154;156;147;162;162;148;158;158;156;139;166;188;160;186;161;164;169;166;147;156;245;227;219;245;213;17;176;225;140;202;184;157;187;191;75;103;70;251;147;97;153;5;111;192;30;245;96;111;185;62;161;224;169;41;208;10;166;68;130;85;122;139;167;111;5;212;76;100;71;97;49;165;186;101;168;10;45;26;140;190;132;124;48;72;44;62;34;133;129;21;41;98;20;51;30;87;137;45;149;139;57;6;46;26;29;41;1;29;109;85;76;88;201;195;183;174;181;177;187;187;179;116;153;154;160;170;179;181;157;174;180;169;200;193;183;176;167;202;184;133;161;223;164;123;182;211;165;168;176;178;198;174;168;178;162;156;202;186;155;157;169;158;193;163;190;191;149;167;190;154;162;161;160;162;159;160;155;152;152;155;153;159;150;110;245;231;226;208;130;122;177;183;196;214;143;220;245;206;227;236;26;191;242;149;95;162;221;131;69;110;119;122;130;244;232;63;148;183;192;170;171;239;246;217;103;115;137;139;149;142;135;126;246;225;228;222;67;153;117;172;140;135;201;196;244;246;232;237;244;253;91;137;214;159;253;253;227;247;239;185;87;121;221;249;249;246;251;173;189;248;225;66;142;142;193;185;235;228;241;230;231;230;248;198;188;239;163;252;241;240;244;224;232;225;247;204;210;172;101;174;228;209;246;233;235;229;245;214;179;153;122;142;201;172;151;187;175;155;157;157;174;168;142;139;140;143;166;169;159;177;179;178;196;198;173;184;179;192;189;164;150;145;152;179;162;158;152;136;108;148;200;127;174;201;176;169;164;248;243;174;152;153;121;151;251;161;110;249;195;108;250;117;3;202;253;71;31;51;2;131;246;247;237;233;188;205;186;195;196;184;184;118;126;99;98;143;164;154;145;193;253;254;227;222;228;239
94;82;52;124;101;173;213;182;227;205;52;104;116;128;122;115;128;113;121;129;126;126;136;132;126;93;115;236;241;227;193;135;89;120;129;161;140;162;141;182;195;184;121;79;66;95;180;184;123;200;242;223;215;240;232;210;204;202;198;136;72;100;122;126;143;147;152;148;145;145;135;129;150;118;137;176;164;184;157;150;163;179;157;129;238;236;180;216;206;13;130;232;63;86;187;179;178;95;48;145;81;164;38;135;250;69;249;195;4;245;68;70;207;58;172;220;144;57;211;4;169;52;139;79;134;155;139;150;8;197;62;131;78;174;63;54;95;97;177;130;150;3;73;6;57;120;91;174;59;57;113;45;16;13;42;142;88;1;47;45;3;112;177;107;51;19;24;21;32;22;23;11;5;25;140;171;176;166;168;158;176;174;162;188;177;119;166;164;170;167;146;152;162;163;165;155;166;166;170;162;164;194;188;145;162;211;168;138;178;200;173;165;161;170;189;179;152;158;157;161;199;175;161;172;159;155;189;155;190;194;153;169;189;146;152;151;155;160;153;151;159;155;154;156;155;163;155;117;247;236;230;210;129;117;170;177;173;203;140;216;246;214;230;227;30;182;251;51;69;188;194;143;127;160;165;152;139;251;231;55;134;157;168;145;154;238;231;206;117;122;144;154;141;152;155;121;246;229;246;141;98;204;175;211;201;249;164;112;208;190;233;250;246;228;63;129;253;221;143;174;248;239;221;252;242;160;80;133;230;252;239;116;135;242;250;89;121;172;148;179;230;201;246;235;231;235;252;190;171;218;158;253;240;227;237;238;226;227;240;186;194;183;93;164;239;234;241;222;227;244;252;197;134;145;159;120;145;175;194;168;131;158;178;166;184;155;157;182;159;168;178;175;183;184;176;164;162;196;189;195;176;187;191;180;168;141;121;141;140;146;151;129;169;135;162;147;131;200;181;153;173;242;247;244;213;150;134;122;155;245;221;98;234;249;114;247;220;2;116;251;80;33;119;1;1;229;248;254;51;5;11;10;29;18;40;19;12;5;24;13;11;2;1;9;154;242;241;217;223;207
105;135;149;139;79;167;242;231;209;208;58;101;159;160;143;144;160;151;159;160;159;154;166;169;119;103;121;240;188;230;246;128;139;153;149;146;153;142;142;139;147;148;182;177;179;131;100;89;125;62;64;205;240;244;246;242;239;243;222;121;101;149;131;123;144;121;140;152;157;148;121;136;123;89;127;176;147;152;151;137;143;165;145;134;250;166;201;135;82;5;155;161;230;178;154;164;217;75;105;105;133;152;141;82;118;13;224;71;199;251;8;70;202;51;172;226;143;69;201;5;190;28;160;137;105;178;125;131;30;173;45;136;92;156;67;149;105;101;82;49;135;151;199;11;35;4;3;36;38;4;67;17;4;5;21;35;15;8;16;10;200;210;9;2;8;9;40;42;36;28;1;147;133;68;120;121;176;174;173;178;171;181;171;196;176;115;160;150;161;161;137;157;173;163;174;174;168;170;178;164;175;182;180;152;176;207;170;149;189;185;169;165;168;186;176;148;171;173;162;176;194;139;159;182;170;164;188;145;185;198;162;182;189;151;161;157;155;159;156;160;157;152;150;152;153;163;158;122;245;237;233;212;129;112;160;166;181;210;142;215;246;213;227;221;20;199;245;57;89;196;196;147;142;164;170;149;128;248;231;51;139;162;174;146;149;242;229;215;112;111;101;128;125;122;127;132;248;228;231;102;77;180;153;180;188;237;233;157;117;167;177;201;235;228;69;136;248;252;253;189;151;195;245;249;232;250;233;170;55;90;229;149;133;248;246;117;123;177;113;193;240;206;249;213;228;226;249;189;174;215;159;247;237;230;220;230;227;237;241;210;205;183;83;161;223;218;233;234;254;254;124;134;171;155;208;175;162;150;137;130;157;178;174;170;176;118;90;146;142;136;124;130;136;132;140;115;100;156;173;161;172;176;175;179;205;199;156;141;149;153;136;141;138;140;147;172;129;193;199;141;185;252;205;244;248;227;162;162;121;140;242;243;91;170;248;127;234;250;20;35;255;109;6;142;39;1;148;254;246;83;162;153;157;135;161;143;157;185;189;177;170;139;197;163;28;121;249;229;232;216
124;164;170;167;113;155;245;229;240;218;35;92;110;104;110;150;113;113;120;113;124;107;129;121;107;126;115;234;205;222;237;71;35;76;73;98;61;104;113;116;101;104;110;106;110;125;139;129;90;60;9;13;25;145;236;219;197;221;245;62;18;49;30;30;31;21;11;27;40;45;34;59;42;28;91;147;116;124;127;123;109;139;94;140;250;193;161;189;240;5;179;160;107;164;124;132;150;26;163;10;159;181;225;126;149;51;140;70;137;214;147;229;185;59;178;218;140;83;185;6;192;9;168;192;64;173;123;132;9;213;60;139;81;151;71;130;107;132;137;26;108;132;90;130;206;32;2;33;37;6;9;24;26;31;27;18;33;2;1;156;231;185;250;180;61;6;1;2;25;52;13;47;126;82;31;79;209;172;165;173;168;169;175;180;175;132;153;154;166;170;184;181;153;167;162;170;194;189;169;173;183;186;179;147;178;212;168;144;189;190;171;169;167;184;179;135;167;172;160;160;176;121;152;163;156;150;193;144;190;187;135;143;159;150;167;155;142;150;147;157;147;150;151;153;151;157;151;119;246;224;223;208;127;116;162;152;182;217;146;212;244;207;230;217;14;194;246;61;82;195;197;147;143;165;168;151;128;251;239;56;142;178;180;165;156;241;237;217;107;101;70;79;79;81;97;103;241;224;245;185;35;128;174;121;121;127;161;208;147;176;194;168;183;243;102;172;248;212;242;250;242;187;153;206;251;240;223;249;252;139;76;167;226;206;200;116;118;158;170;199;223;200;248;229;226;227;252;191;177;225;157;248;220;252;250;229;245;221;237;251;248;169;97;197;227;200;250;252;193;83;110;217;191;164;228;248;168;106;158;193;182;173;166;170;189;143;90;150;142;137;134;128;121;113;124;119;98;114;146;148;151;149;124;99;101;123;136;120;133;126;137;142;131;121;154;172;88;134;234;124;151;252;247;227;227;252;242;189;153;136;130;195;246;125;130;249;173;157;253;71;1;254;210;0;102;86;0;188;251;97;114;114;135;143;98;73;124;129;121;111;157;90;122;255;183;186;253;220;214;226
160;149;138;178;186;165;156;208;240;207;24;121;85;46;76;125;120;129;135;114;123;136;135;120;126;131;128;235;216;232;246;82;73;84;99;94;112;93;110;101;112;94;116;109;114;118;110;107;115;240;234;133;23;15;15;156;174;236;213;132;131;126;130;140;151;154;157;153;163;158;170;147;163;111;57;39;44;35;29;34;27;25;16;49;129;106;123;170;86;28;202;217;194;177;153;90;88;113;129;8;207;226;251;138;155;188;107;179;5;248;84;167;182;69;174;204;133;90;171;7;189;4;214;185;63;172;139;125;30;177;45;155;68;143;62;118;78;132;106;70;136;87;70;78;94;49;11;29;27;29;15;21;22;25;25;23;67;93;2;87;87;103;147;165;251;250;153;40;6;3;5;9;5;5;34;194;204;176;171;175;173;173;178;187;175;132;158;160;168;173;188;182;171;181;173;178;200;191;168;169;173;192;193;151;171;204;162;139;187;198;178;173;160;173;194;172;160;163;160;165;197;161;169;177;175;155;187;145;195;204;156;164;183;160;174;175;172;180;170;169;163;164;165;165;162;166;159;128;248;228;229;213;131;122;166;157;178;205;141;218;246;209;234;214;16;197;248;64;86;196;199;148;141;161;168;150;130;247;236;53;137;174;175;164;152;241;233;212;101;158;180;194;199;199;177;121;248;236;204;240;123;54;64;151;143;130;138;141;137;229;246;214;143;206;231;213;252;213;241;227;251;239;235;158;140;222;253;248;247;253;248;133;88;202;251;196;75;67;191;203;237;193;248;237;243;225;248;197;154;232;152;253;243;209;243;246;229;225;232;195;234;189;104;144;250;248;243;103;92;140;187;167;159;183;162;138;177;206;162;147;165;178;169;149;177;187;115;148;137;149;173;179;143;139;113;119;117;101;139;169;171;164;138;136;127;112;114;118;116;115;122;118;130;121;138;195;107;78;210;146;83;100;243;251;241;210;249;250;205;151;151;129;158;247;176;106;241;215;162;253;94;7;249;255;1;76;16;27;131;38;126;191;57;105;136;103;118;126;123;106;136;58;112;227;160;250;235;232;229;216
177;181;155;128;92;88;47;32;31;40;90;125;103;64;64;135;125;120;133;134;134;132;97;102;138;144;106;244;78;202;242;109;127;157;151;161;164;163;157;159;168;164;176;165;168;177;173;135;120;246;237;244;239;228;202;123;97;118;184;185;228;225;229;224;222;208;180;206;222;217;224;144;237;240;206;216;230;213;226;226;226;224;230;230;202;212;224;234;195;225;249;199;221;204;202;189;109;132;33;104;217;176;188;190;216;198;120;235;151;176;135;112;169;64;178;208;139;105;171;10;182;11;246;152;83;213;123;121;5;189;99;144;79;133;56;125;104;123;92;48;123;142;105;86;37;64;35;3;1;51;67;8;12;54;25;5;67;156;140;154;98;51;61;111;95;140;214;248;207;121;30;2;2;49;124;197;176;165;165;169;172;174;177;192;166;124;158;162;165;171;188;174;155;166;163;171;197;186;161;160;156;184;189;147;173;212;166;136;181;197;170;172;162;171;199;179;158;162;161;166;204;180;164;174;175;154;190;155;191;202;167;185;180;157;176;182;173;178;172;171;175;174;174;173;169;172;166;136;252;234;233;212;125;120;165;158;186;215;143;214;245;208;232;210;16;198;248;65;88;196;201;148;141;160;170;152;136;247;237;58;139;178;180;170;155;244;235;212;96;150;161;154;158;173;175;120;244;242;190;246;250;228;196;108;74;115;116;128;147;125;167;169;244;211;8;174;246;223;235;226;220;228;253;247;217;134;139;238;247;244;251;246;202;123;114;224;246;194;79;137;251;250;232;238;236;227;246;193;176;231;158;246;234;223;229;234;227;224;247;210;209;181;119;95;248;132;84;45;160;159;185;184;171;146;144;196;223;241;217;178;171;169;184;174;173;154;126;147;148;154;74;67;128;146;126;167;170;128;156;191;190;180;132;122;124;122;121;124;117;122;122;110;139;126;116;198;198;69;198;153;159;202;105;213;250;238;212;236;249;225;159;149;135;136;241;228;85;203;252;146;253;127;1;232;246;43;6;89;158;75;202;191;186;44;75;131;125;122;137;127;125;66;107;249;148;233;254;198;234;235
71;67;35;39;57;82;95;100;90;109;122;130;129;109;110;140;120;122;132;130;128;127;102;117;134;155;117;242;187;162;242;89;115;140;131;149;145;146;146;160;145;157;164;154;156;154;130;136;74;24;57;138;237;236;102;55;30;38;74;100;102;96;102;90;92;98;80;71;59;72;65;90;191;60;12;71;102;130;145;167;141;149;135;148;139;142;125;135;99;151;240;241;244;233;225;243;121;53;5;158;131;108;135;156;187;178;156;250;235;239;151;113;212;67;153;229;133;107;150;14;129;38;251;150;68;151;123;155;14;195;79;105;76;129;69;122;63;131;97;28;91;126;88;99;74;51;31;51;36;26;175;24;71;54;53;63;0;4;74;178;227;169;136;99;84;47;95;124;150;241;245;176;108;191;185;182;171;172;172;171;176;174;170;188;178;129;158;156;154;171;200;186;162;172;171;177;204;193;172;174;185;205;193;140;166;208;165;136;180;200;164;170;167;174;200;167;162;172;161;168;200;173;153;171;157;142;186;160;180;185;155;177;172;156;177;178;158;162;167;167;173;171;170;172;168;171;165;137;253;238;237;211;120;124;173;172;164;210;138;211;250;216;232;205;14;196;246;63;88;194;203;148;136;158;164;151;132;245;233;59;132;173;178;169;148;240;230;205;102;151;162;154;156;159;168;118;244;247;186;233;238;192;251;243;222;141;77;89;116;112;52;92;127;204;32;143;244;246;246;248;248;252;229;220;252;252;207;142;164;247;252;231;234;249;212;142;113;220;246;189;200;241;235;225;225;233;252;125;190;238;145;250;227;233;227;236;236;223;241;193;190;192;153;144;50;107;176;57;208;166;199;121;123;216;237;229;215;195;200;209;189;176;190;148;169;132;116;142;134;173;121;15;16;191;189;164;194;182;131;137;179;190;154;114;113;124;122;123;118;126;123;111;137;122;95;153;220;107;205;172;139;246;242;91;166;248;249;229;230;249;242;175;150;136;132;220;245;87;162;252;149;252;184;1;143;252;95;0;87;79;254;253;200;206;29;20;113;100;126;145;152;39;105;248;222;134;251;254;215;221
216;68;79;108;85;97;99;55;80;90;83;96;89;99;91;111;108;130;139;126;122;114;113;121;154;128;113;233;141;238;229;96;95;118;115;109;110;121;134;125;133;129;128;115;139;134;77;234;242;221;151;192;82;19;32;72;117;109;104;134;132;143;179;169;159;165;183;157;131;150;158;59;15;22;70;135;86;71;102;94;132;134;121;127;147;138;148;134;100;81;138;168;209;238;241;240;38;131;43;200;216;199;183;137;137;137;163;178;224;244;170;219;175;63;170;216;128;105;138;4;98;52;245;153;81;121;85;119;7;222;95;165;42;113;79;96;100;103;83;35;69;100;86;98;61;58;17;93;180;13;83;52;66;56;103;82;6;154;72;39;80;161;225;163;176;111;81;63;98;79;101;192;248;235;176;173;173;180;176;170;179;176;171;192;166;124;165;167;163;177;198;172;166;173;168;166;190;176;163;170;159;189;190;148;178;215;167;141;182;211;171;169;164;174;205;170;161;179;155;173;204;169;159;180;170;148;188;170;194;196;162;174;175;159;172;169;153;164;172;165;170;167;166;169;166;168;163;137;251;239;240;213;122;134;183;184;205;228;148;218;243;204;233;201;13;196;246;62;91;194;207;150;137;165;167;153;130;247;231;61;132;174;182;171;151;242;235;207;96;157;166;154;157;165;177;124;244;229;209;243;248;214;213;233;248;247;233;193;95;62;152;249;247;252;69;133;251;161;168;185;186;184;251;246;246;231;242;248;194;149;184;252;247;241;247;243;233;124;108;205;232;245;251;224;225;247;241;139;205;228;143;252;229;222;241;232;221;213;230;226;240;213;87;78;141;239;173;21;153;110;157;153;174;180;172;156;157;146;153;175;173;173;121;154;171;146;144;173;146;145;190;177;153;180;165;170;161;167;131;142;166;176;163;116;113;120;115;121;118;122;118;116;126;121;102;110;183;150;158;162;139;251;244;249;124;124;247;249;221;231;250;247;178;159;123;130;190;249;122;130;248;150;215;233;17;44;248;170;1;28;83;180;248;236;247;98;49;129;137;115;144;83;85;239;235;80;62;253;250;215
234;58;91;88;96;106;65;116;150;146;165;168;154;139;165;187;170;143;125;125;111;60;88;133;116;100;137;233;179;195;224;76;121;153;148;149;140;161;168;159;173;157;168;164;160;155;84;235;214;239;245;234;226;138;76;42;112;107;120;120;120;116;124;138;141;147;134;136;165;200;113;30;56;55;118;150;144;145;142;149;154;166;156;160;155;166;164;137;216;211;172;133;117;129;229;153;57;168;116;236;218;210;193;182;186;170;138;68;94;173;162;205;180;63;161;200;122;91;88;9;97;89;244;139;94;194;108;170;10;160;39;167;62;147;37;106;92;60;89;24;81;101;65;81;47;30;9;104;177;8;1;4;7;6;95;54;16;36;2;127;15;117;20;174;127;245;239;161;101;50;69;49;122;161;211;159;170;177;171;164;175;175;175;201;168;124;157;151;149;170;196;173;164;174;176;177;204;187;175;182;177;197;184;135;167;206;159;138;177;210;170;163;161;175;203;168;159;177;145;172;207;164;162;175;170;145;181;161;191;191;161;171;174;162;169;166;155;168;177;169;171;167;166;171;168;169;164;139;251;240;241;212;117;131;171;169;177;185;133;237;249;209;244;193;17;201;249;65;96;196;213;154;136;173;177;155;134;250;234;59;127;165;178;164;148;239;237;202;87;156;161;154;159;167;179;131;237;237;182;230;251;199;248;223;219;213;241;241;243;193;246;242;243;243;81;139;252;36;123;174;129;82;141;201;247;238;245;224;249;253;177;115;171;249;252;243;234;249;210;104;97;180;241;252;244;235;250;188;147;228;142;231;246;223;234;224;229;230;251;236;132;25;94;212;221;173;72;25;193;191;209;244;244;203;229;183;186;218;228;188;106;127;168;161;164;130;155;146;155;169;165;184;190;159;163;181;147;145;117;123;164;173;167;127;113;123;122;124;126;123;119;126;120;127;127;106;145;183;144;137;144;228;218;252;249;188;111;222;252;239;226;252;248;223;164;150;116;176;248;150;117;252;169;193;244;27;2;250;233;26;10;1;0;75;239;252;139;50;111;133;139;77;105;244;255;148;3;96;249;253
214;44;94;78;78;114;60;69;96;111;115;104;113;134;114;73;58;94;120;129;141;137;150;134;144;107;62;236;245;221;232;81;89;103;105;114;126;107;111;117;87;127;118;106;147;163;89;234;169;186;235;110;48;79;75;93;85;139;77;125;188;192;168;188;214;72;161;203;128;129;183;85;29;25;103;103;103;146;132;138;139;151;144;173;150;197;159;185;238;206;218;202;208;165;140;62;123;147;101;246;249;241;243;203;201;202;192;225;192;132;142;169;169;61;138;204;121;177;87;13;133;74;243;162;58;185;151;123;6;216;29;153;47;98;49;114;85;60;82;12;96;66;79;42;52;114;1;84;162;26;46;28;50;39;82;56;1;135;117;142;143;146;12;97;6;156;51;251;210;207;146;107;50;56;189;202;176;182;177;169;176;173;173;201;164;127;163;159;159;177;195;167;146;158;166;171;202;183;169;173;178;203;193;146;179;214;159;132;177;204;165;159;162;177;198;166;159;176;145;168;204;161;161;165;165;146;186;161;193;187;165;180;170;164;173;172;163;169;176;174;173;167;167;173;170;170;165;140;253;240;239;209;117;136;168;160;163;172;113;216;241;204;241;186;22;206;251;67;98;195;215;155;117;160;176;142;133;246;234;49;135;167;182;163;156;243;244;202;88;160;157;156;161;164;171;133;242;243;158;203;252;165;238;246;231;220;225;239;241;230;224;242;245;249;55;155;252;14;165;241;162;176;219;60;138;235;252;248;242;229;244;251;179;123;182;235;246;251;246;246;212;93;58;134;248;249;250;205;156;237;148;170;251;232;233;218;250;243;178;21;43;163;236;169;138;172;154;72;194;208;188;176;168;123;143;232;241;196;115;67;150;179;153;166;160;129;155;150;150;179;186;154;166;176;171;150;142;152;139;112;149;184;188;169;117;116;124;123;126;123;119;130;117;123;131;118;106;158;153;134;185;224;189;225;239;248;233;121;171;243;251;217;239;249;239;194;147;123;140;250;213;81;249;158;167;249;42;9;253;249;125;85;185;64;5;140;254;183;71;86;147;75;97;239;245;134;59;14;111;241
113;59;127;121;91;86;69;107;110;99;91;126;142;93;87;127;172;157;149;156;158;145;162;171;188;207;190;206;225;239;239;67;106;139;123;108;130;129;108;82;102;102;132;118;126;156;101;235;237;247;233;104;149;114;46;46;83;158;86;115;156;129;142;142;153;58;129;179;165;212;122;29;24;31;172;99;54;202;176;174;201;173;206;182;48;125;121;137;223;243;251;223;201;222;223;34;186;182;10;140;180;244;239;252;250;208;203;206;221;229;159;193;179;58;167;200;131;214;119;32;149;92;250;110;73;124;75;114;33;238;71;192;46;104;51;59;80;81;77;4;125;20;65;48;41;146;6;91;163;22;89;37;63;26;99;57;1;208;112;80;162;116;158;184;107;38;23;51;71;173;190;242;201;137;134;188;164;173;174;171;176;172;174;203;162;129;166;163;165;182;194;163;169;175;177;175;204;182;168;171;154;195;197;150;179;214;164;142;187;210;171;163;163;177;201;179;160;178;154;170;205;167;169;171;159;145;187;161;198;188;166;179;165;159;166;171;166;165;166;163;170;165;165;172;169;169;163;139;253;238;238;212;127;156;188;179;204;231;143;218;250;218;239;187;24;208;251;66;97;193;214;153;100;148;176;133;138;245;238;47;137;163;178;156;155;241;243;195;91;175;168;163;167;174;173;131;245;250;159;208;250;175;204;191;222;224;244;244;207;232;195;217;245;241;74;157;249;36;150;166;169;211;242;220;115;137;153;216;250;245;242;239;251;253;218;131;156;249;238;233;253;248;224;92;19;127;251;249;251;208;110;246;247;215;250;251;226;75;70;212;247;233;217;176;139;151;162;142;188;204;212;220;218;244;229;219;142;88;156;208;188;167;165;163;150;160;147;134;137;148;181;193;173;178;190;195;178;134;148;130;131;166;161;177;115;109;124;122;122;122;122;134;121;120;125;131;115;117;172;156;205;248;208;180;213;234;248;244;143;151;246;253;224;236;245;248;194;169;111;120;227;216;108;234;217;149;242;69;2;203;251;151;254;228;206;26;47;255;227;107;97;49;131;249;247;147;30;119;6;121
11;51;69;74;115;91;86;132;117;117;130;132;71;108;162;162;135;142;149;170;187;204;210;209;171;150;121;79;74;78;109;68;116;98;88;110;135;112;97;113;127;126;100;113;156;157;100;246;144;194;237;51;40;97;67;101;130;97;151;134;134;155;140;131;132;158;120;142;146;159;125;53;47;148;152;128;131;135;138;145;125;132;161;141;167;193;149;135;190;167;201;245;247;247;196;16;238;117;171;115;86;97;105;174;227;248;245;249;243;199;209;236;123;32;163;213;129;82;50;40;72;50;245;68;122;127;57;122;16;117;45;198;44;129;55;82;105;21;68;1;161;70;59;22;40;139;10;105;161;17;81;26;66;37;118;94;1;195;107;123;112;62;62;108;202;109;176;31;46;10;68;77;199;230;206;167;154;150;154;163;162;162;160;177;170;128;159;158;157;169;198;177;171;172;168;171;200;194;178;181;179;190;186;138;171;209;166;135;181;209;162;166;165;180;201;171;154;175;143;169;208;162;168;168;166;150;182;158;195;181;167;170;172;166;163;170;171;168;168;163;164;164;163;169;163;172;163;135;251;238;237;209;119;152;181;173;176;213;137;217;245;212;241;179;24;212;246;73;99;190;217;153;138;178;197;149;149;247;229;46;123;159;177;138;149;238;241;179;90;168;164;157;158;167;170;128;239;251;158;223;252;179;251;226;191;194;207;246;230;242;239;239;248;236;77;141;248;44;70;138;105;100;153;192;244;235;149;125;161;171;243;237;234;226;248;251;201;128;179;250;242;241;253;251;235;92;74;142;246;249;227;232;233;243;253;120;47;107;156;153;96;55;92;136;128;125;136;146;140;165;187;201;194;190;163;86;172;197;175;160;152;154;174;153;137;168;179;135;128;120;134;152;166;174;170;175;195;189;158;140;140;155;148;149;123;123;120;125;124;121;124;126;121;120;125;127;124;124;117;121;194;230;241;218;201;208;229;250;247;174;125;216;251;230;242;240;249;188;187;137;107;218;243;118;214;252;150;252;122;4;159;251;220;251;208;248;76;39;216;242;149;7;101;254;254;125;29;142;69;17
42;68;29;19;85;103;103;101;109;140;118;96;139;156;150;136;152;159;173;146;111;97;65;26;29;27;59;50;101;98;81;126;129;135;145;139;151;142;162;154;149;169;146;127;143;175;116;229;121;206;244;75;75;42;65;107;91;79;100;91;92;108;100;105;134;104;136;132;13;16;25;109;124;145;125;122;122;111;105;115;107;108;100;133;102;71;94;94;172;213;219;193;215;243;150;92;176;195;243;241;211;185;162;79;88;146;204;218;245;243;250;241;159;48;75;174;118;58;82;79;47;77;247;50;96;215;81;196;50;74;15;126;19;91;48;98;91;32;76;11;113;27;71;16;37;138;17;121;161;17;90;10;83;28;115;122;4;201;99;124;122;123;79;79;81;73;149;117;224;79;78;9;143;4;183;244;212;207;208;204;211;205;204;213;159;123;162;166;149;172;196;168;166;164;164;177;203;183;160;164;158;200;197;144;174;205;169;140;183;204;172;165;163;177;200;174;171;187;169;177;200;170;159;175;161;158;190;161;189;183;175;186;180;177;176;180;179;179;180;175;165;165;167;175;170;176;162;136;249;241;242;209;119;159;185;171;182;210;138;222;244;209;243;183;31;212;248;73;98;194;217;155;137;175;189;145;143;247;236;63;136;177;190;162;159;245;243;187;98;165;159;160;162;169;172;132;244;239;178;232;251;165;216;249;250;242;187;199;187;243;224;239;248;231;80;160;247;167;76;84;107;112;106;126;134;217;247;242;62;43;246;252;218;232;227;224;249;250;165;109;184;247;250;249;251;247;210;91;65;223;249;247;251;190;35;105;251;244;158;80;73;147;157;133;138;159;183;191;154;143;150;184;191;188;197;180;186;191;177;166;165;162;164;170;140;139;156;141;147;132;132;127;148;175;174;147;159;197;204;156;148;154;173;179;157;150;117;122;123;119;120;123;123;125;128;129;128;146;128;56;212;246;209;223;217;206;197;226;244;253;213;121;188;249;233;228;235;250;175;187;153;108;201;243;117;174;252;155;248;145;3;142;253;183;253;196;238;167;47;176;253;111;103;251;254;137;33;114;114;71
44;152;115;85;97;101;100;123;134;123;82;128;178;150;120;135;119;116;126;127;205;234;68;82;81;92;130;109;102;121;117;105;125;106;126;121;129;134;158;151;141;126;124;112;129;142;117;239;149;183;242;69;91;74;108;108;117;133;129;139;144;154;151;167;153;136;220;119;59;77;67;121;125;123;126;143;141;139;140;151;146;139;159;159;50;31;55;65;68;62;73;106;144;232;120;74;167;250;247;247;250;227;228;222;185;119;94;110;143;186;227;246;247;247;236;191;125;116;70;42;151;162;205;60;142;98;42;198;72;247;51;166;36;40;48;37;87;25;64;23;109;30;81;15;41;142;25;133;150;10;103;1;96;13;125;135;5;197;104;140;138;97;132;120;141;59;102;51;115;84;200;165;139;6;109;209;151;179;172;187;178;193;179;213;171;122;186;158;168;190;189;181;175;172;191;179;201;201;165;177;168;198;184;144;181;204;166;134;192;197;173;163;169;185;201;168;156;167;153;167;199;183;159;166;169;164;185;161;193;194;167;161;147;148;155;160;160;161;160;156;177;174;174;181;176;179;162;141;251;241;242;209;120;161;187;175;192;213;147;233;245;208;243;184;33;205;249;72;97;196;212;150;154;183;186;147;143;248;231;61;140;179;182;163;150;243;238;183;123;173;162;166;167;171;174;134;241;252;167;225;247;175;246;202;199;229;252;253;222;162;222;244;249;239;91;130;247;250;243;243;132;96;108;139;135;98;86;177;159;233;250;215;224;238;248;231;225;240;243;240;149;110;186;253;249;247;242;253;176;58;166;245;119;83;207;251;185;179;197;174;165;168;144;150;171;159;150;154;157;161;154;147;139;151;176;173;162;184;194;159;153;171;165;178;149;135;160;158;151;130;140;142;138;128;156;168;137;136;192;209;166;143;160;164;159;160;116;126;127;122;119;121;125;127;127;125;130;135;151;64;187;248;209;217;230;234;207;205;216;241;252;246;134;160;250;248;217;245;250;195;177;172;103;196;248;128;154;247;170;245;160;2;139;251;153;252;222;218;182;12;150;230;173;242;250;142;30;91;93;125
86;132;100;103;104;101;94;114;103;90;169;173;114;77;114;151;172;137;232;171;241;240;87;67;84;111;104;117;127;143;152;167;162;153;175;172;183;146;147;114;119;136;135;158;152;155;99;235;229;196;225;69;72;112;105;108;107;129;116;130;132;131;129;143;137;153;153;71;93;79;121;144;148;145;157;166;160;164;153;151;165;155;172;149;89;111;94;77;55;32;123;125;71;71;86;43;241;247;215;186;185;208;232;245;236;240;208;162;95;86;93;135;181;214;242;246;239;246;134;18;28;243;69;45;205;115;133;126;6;123;8;236;74;104;73;12;76;14;49;18;99;5;64;14;43;150;31;138;141;3;107;0;97;12;123;152;1;212;100;153;153;95;125;89;131;72;144;65;125;8;106;86;118;191;202;204;198;181;183;188;175;186;197;202;175;124;151;166;149;173;194;158;169;169;166;183;201;171;163;180;182;205;176;123;173;204;162;146;180;194;176;171;164;176;203;176;156;176;160;178;205;173;166;169;165;160;175;157;190;192;151;141;156;149;153;156;152;148;144;144;143;138;139;146;147;156;142;129;253;234;236;208;119;155;182;181;179;204;144;230;245;210;243;186;30;197;249;73;99;200;206;145;151;179;182;150;143;247;226;59;134;174;176;159;147;244;237;171;133;175;159;163;161;166;170;128;244;238;185;240;246;143;193;241;249;219;197;222;245;182;238;234;241;225;56;140;253;205;203;247;247;243;148;69;90;85;195;204;212;247;225;250;245;239;242;243;246;241;238;249;237;253;197;142;178;253;252;236;245;243;93;81;80;235;231;164;165;180;122;106;151;132;140;147;155;167;161;157;170;181;180;173;161;160;175;179;149;165;180;147;147;184;186;193;131;127;155;170;164;148;135;120;109;140;145;140;147;140;135;164;191;164;156;146;153;164;128;114;135;131;126;124;128;128;125;124;130;129;147;79;178;250;208;214;222;220;237;220;183;211;242;250;251;165;117;250;248;231;230;248;210;177;166;113;148;243;170;117;251;185;218;219;2;82;229;218;249;237;212;195;21;97;218;176;252;144;11;119;57;32
92;130;103;89;120;145;91;94;101;164;117;68;128;190;199;211;182;112;216;124;241;230;37;91;89;95;106;87;78;112;110;103;104;137;109;124;74;99;147;161;158;159;153;151;153;130;105;240;238;244;241;44;78;91;103;112;103;113;114;129;137;141;153;159;152;170;57;45;50;98;121;117;145;134;130;128;125;135;133;152;139;176;133;105;168;219;198;144;66;122;172;150;174;124;125;122;61;80;159;235;243;214;180;149;205;238;247;219;215;194;163;108;74;91;140;180;215;245;230;243;156;209;106;61;223;172;180;91;139;111;61;136;4;146;36;110;91;8;74;10;87;30;62;22;42;153;30;135;142;9;105;0;99;3;138;151;9;205;96;151;143;103;97;108;129;52;131;93;124;63;160;54;131;39;150;246;181;195;201;197;203;184;180;214;166;127;151;142;165;173;202;171;165;174;180;178;200;191;169;170;160;184;208;150;160;211;175;129;190;207;169;174;159;169;196;166;166;173;159;167;199;158;162;166;155;160;181;167;193;197;174;190;189;171;170;170;167;165;163;171;170;162;158;158;156;162;143;133;251;228;233;205;117;154;179;182;178;209;148;227;245;212;240;184;29;196;250;75;103;203;205;148;154;182;186;154;144;246;228;66;124;173;186;164;156;245;239;156;126;172;159;162;161;169;174;130;236;249;175;238;252;179;237;176;152;219;242;224;215;195;216;241;253;178;35;157;251;226;208;244;217;249;245;246;152;217;252;245;249;247;246;156;122;162;133;135;201;237;247;245;215;233;243;251;196;118;222;248;200;83;129;182;173;163;121;137;101;101;136;147;130;133;151;152;151;156;159;178;167;157;154;171;182;175;167;162;174;154;155;170;193;204;168;122;117;118;117;119;122;139;130;125;134;141;122;108;127;154;127;141;186;202;191;162;140;131;138;126;132;134;129;126;129;129;127;129;132;127;148;80;159;246;207;219;225;233;220;243;229;193;199;219;247;249;214;101;190;252;233;228;252;224;178;170;116;144;243;191;97;245;208;197;236;7;122;213;204;251;248;217;196;53;55;190;210;159;68;90;193;89
137;100;109;77;124;125;84;97;126;128;149;178;232;189;195;199;108;218;120;172;239;136;55;136;104;105;119;99;124;125;123;146;147;115;108;121;167;173;159;156;163;151;144;164;164;203;159;166;212;242;239;40;110;103;122;111;113;113;121;128;130;128;139;129;145;200;60;66;42;83;108;137;147;158;164;167;172;176;162;175;157;129;151;99;65;58;110;172;171;210;204;172;143;132;140;166;146;114;58;27;106;202;240;247;219;156;160;247;250;223;208;219;211;179;122;104;103;117;181;236;246;244;8;52;217;182;177;191;179;77;184;111;59;56;34;56;34;73;78;22;96;7;60;2;49;156;29;120;135;21;105;1;97;4;143;171;1;190;77;164;126;123;119;108;136;51;150;72;116;46;189;113;221;27;124;238;185;183;167;175;185;188;182;218;183;129;174;159;140;188;190;162;169;177;156;185;213;179;176;168;165;204;196;121;170;214;153;149;190;201;150;166;166;185;210;176;168;159;158;163;207;172;166;170;170;167;179;161;186;181;153;171;168;152;157;161;161;163;159;168;162;158;158;157;160;170;149;140;248;230;239;206;119;163;186;184;189;213;152;227;243;213;240;182;27;199;249;74;106;203;206;156;168;185;182;147;146;249;232;65;124;177;194;163;154;241;241;151;120;173;163;166;168;175;178;134;244;249;166;239;252;154;239;252;229;127;141;207;212;191;244;232;247;233;103;147;249;225;198;252;238;247;224;241;251;247;192;226;220;249;247;77;107;188;145;68;43;138;204;225;249;247;240;227;252;250;188;54;62;188;241;194;163;152;127;134;147;129;116;122;137;155;154;159;164;162;166;157;163;174;181;176;162;155;161;169;168;167;180;201;162;104;107;121;114;133;134;129;128;148;146;155;131;121;141;135;104;144;152;135;121;161;192;209;188;132;129;117;119;128;126;123;127;127;127;134;136;124;156;107;113;249;213;216;219;212;222;227;231;243;213;191;214;231;245;246;139;132;252;251;220;250;251;190;173;122;149;243;220;101;241;230;189;53;79;232;179;197;244;247;234;184;75;37;205;208;208;0;4;254
124;122;105;98;115;156;67;136;113;151;232;212;166;192;163;133;192;192;28;240;243;20;29;49;85;114;108;103;138;129;139;155;129;89;162;178;163;170;167;166;133;143;179;174;176;163;141;111;41;50;76;56;111;122;90;90;99;103;105;114;112;105;119;99;99;206;40;56;102;102;118;104;121;134;127;124;136;153;143;143;142;112;234;238;239;192;105;78;137;116;123;132;146;153;139;110;129;138;171;156;98;42;43;87;196;244;227;162;229;249;238;231;219;224;223;211;191;134;74;82;121;184;9;62;127;170;158;173;172;174;215;112;188;71;30;37;43;42;41;13;36;19;101;24;52;160;41;111;120;27;104;3;104;0;159;170;4;159;71;158;91;103;101;100;139;67;150;64;116;70;98;87;191;31;157;247;197;201;198;186;201;182;179;209;151;120;144;142;154;164;196;160;161;169;162;161;187;181;165;161;174;199;184;128;185;214;147;142;194;209;169;169;163;170;193;172;150;159;162;171;201;161;161;163;162;155;169;155;195;191;157;168;168;159;169;168;167;171;163;167;168;165;165;159;160;171;146;136;251;231;240;208;122;168;193;194;192;199;147;231;241;213;246;181;22;202;248;74;109;200;205;160;165;179;178;141;148;248;232;60;136;181;190;160;152;241;244;154;121;175;160;162;167;171;171;132;248;235;173;243;248;163;243;251;245;241;243;228;182;146;237;243;250;234;83;137;252;226;164;208;221;245;243;225;236;223;213;244;236;241;245;108;128;187;185;235;236;67;91;163;180;216;248;253;249;145;34;126;243;189;151;118;127;123;125;122;105;126;106;152;155;157;160;175;167;157;167;162;171;161;160;161;160;161;163;165;174;182;136;106;103;117;139;121;127;130;138;139;145;145;138;143;135;128;129;128;119;116;131;140;120;116;141;181;213;183;154;122;120;131;130;125;128;126;125;133;137;136;141;125;92;251;218;210;216;231;215;228;216;223;248;222;184;209;232;251;250;163;126;228;253;208;245;248;201;183;117;100;222;237;114;180;120;119;120;86;194;183;198;246;239;230;177;107;32;194;242;217;74;0
103;99;116;83;128;136;69;146;130;227;195;181;193;166;111;166;178;104;201;239;58;26;110;41;64;110;111;111;113;139;140;108;120;184;180;152;154;153;125;119;178;242;230;147;169;143;125;138;124;86;72;97;119;110;105;124;133;146;136;152;155;157;182;165;92;206;79;73;99;114;85;121;131;154;157;152;142;143;144;153;125;85;213;249;239;243;236;93;98;106;112;118;121;135;138;137;113;113;102;115;122;138;132;63;20;19;106;171;116;194;246;245;237;242;233;229;215;237;191;53;102;15;9;119;241;105;124;150;166;145;186;190;160;107;125;60;33;20;53;33;28;29;40;10;47;161;59;116;111;27;100;1;113;0;158;176;4;159;61;128;171;148;91;108;170;79;116;80;126;77;75;106;149;52;135;235;217;207;218;247;228;249;251;252;234;186;201;222;222;225;252;219;196;205;202;201;217;201;189;194;160;191;199;153;180;207;163;137;180;193;168;162;167;172;189;172;148;167;144;168;198;158;168;151;151;156;179;158;192;185;162;181;163;158;168;159;157;171;168;173;171;170;169;160;163;177;152;143;253;226;234;206;121;164;192;204;214;205;159;246;243;213;247;172;18;205;249;77;114;200;204;160;170;196;208;162;154;243;227;59;137;174;177;157;153;244;242;149;129;180;160;161;169;171;172;138;242;245;183;243;251;166;219;204;243;213;250;252;248;158;214;232;246;223;98;135;252;232;177;244;180;205;226;231;247;242;248;238;223;229;245;129;83;169;128;157;236;245;233;221;154;160;207;191;45;115;218;243;206;104;144;125;122;106;105;109;111;153;185;158;169;146;140;144;163;178;169;169;163;165;169;161;157;168;170;161;142;150;113;117;136;129;141;146;141;124;138;142;146;122;118;123;112;119;109;114;136;110;123;125;136;119;132;134;187;210;179;136;133;144;141;132;133;128;123;131;131;134;142;139;75;221;240;216;222;204;220;225;224;224;206;250;246;198;196;223;245;251;199;119;227;253;231;247;246;214;196;138;58;227;139;60;248;253;241;114;44;158;214;166;239;248;249;200;125;23;135;248;227;123
147;100;94;95;127;80;117;110;204;203;199;182;229;175;211;202;179;170;213;78;34;99;150;129;84;114;112;119;147;130;84;136;206;158;112;122;125;102;175;244;245;245;129;174;157;165;159;128;142;122;108;99;117;122;108;159;131;141;137;150;158;160;191;159;104;188;100;81;90;112;114;155;168;183;175;157;152;161;156;211;132;93;220;249;236;234;216;68;107;121;93;95;68;48;56;116;110;107;106;106;101;110;133;136;155;125;91;53;51;43;72;203;247;245;247;241;246;245;117;24;140;68;18;40;231;216;216;95;45;110;120;148;169;127;140;150;136;64;48;23;5;9;41;12;42;146;69;122;104;24;83;1;95;2;159;180;2;126;62;103;98;136;133;123;176;135;154;104;94;101;79;130;144;73;129;28;4;14;1;1;15;1;25;21;51;69;45;99;82;87;129;107;138;147;144;189;204;165;193;194;207;235;224;186;227;252;218;208;246;247;241;218;237;234;237;233;216;224;198;210;229;202;194;189;189;170;183;167;191;190;164;169;164;155;165;162;161;160;161;164;163;157;160;158;150;174;154;130;252;228;238;214;108;130;131;124;144;156;124;220;248;217;244;184;23;217;247;80;119;197;211;151;113;140;159;114;143;247;234;59;125;172;165;161;156;247;240;161;111;176;174;164;173;172;174;142;246;247;174;247;246;183;215;169;186;242;208;201;251;152;230;247;232;240;113;111;251;237;161;251;252;223;178;175;208;244;244;222;239;218;250;196;29;75;132;104;73;123;194;229;244;221;90;33;234;244;78;202;138;112;110;80;66;95;141;169;196;173;167;162;130;152;168;179;169;158;171;176;183;173;155;164;182;177;168;149;137;140;129;119;116;120;135;148;130;120;122;127;121;114;104;106;125;138;137;117;112;114;133;129;137;139;123;105;107;159;191;181;137;144;149;135;139;128;132;131;132;130;131;149;76;181;253;198;233;217;213;234;216;226;235;213;233;243;210;182;209;246;249;232;134;177;252;231;246;247;230;185;77;245;110;151;251;207;249;249;172;44;113;215;184;209;238;251;221;170;31;100;218;234
212;240;82;96;128;138;108;143;235;187;192;226;147;114;152;143;182;127;33;180;69;92;104;107;109;126;117;130;138;111;151;201;131;100;137;161;154;243;239;251;249;132;136;169;175;174;137;159;132;121;132;93;114;143;97;138;140;161;161;160;160;160;179;147;107;208;52;104;116;105;131;189;190;187;176;181;197;186;189;218;145;86;222;250;245;238;198;85;106;114;113;72;38;47;109;118;97;112;112;118;126;113;107;115;130;121;153;113;59;106;118;92;96;94;157;244;234;239;190;130;194;238;191;143;114;148;230;248;188;132;126;106;80;88;71;63;107;83;104;91;108;89;27;12;34;149;64;117;106;25;73;3;75;1;220;131;2;38;80;109;100;119;73;148;116;242;244;96;96;53;116;77;156;61;183;246;55;254;186;63;252;94;83;224;6;47;139;2;79;93;6;91;28;12;66;2;3;49;2;8;10;11;9;12;16;3;20;26;14;45;55;34;68;77;101;112;100;108;133;130;155;180;149;175;180;183;217;203;228;236;220;219;224;222;216;220;213;213;202;206;191;206;192;207;190;197;167;154;250;238;244;200;119;175;197;187;203;203;152;221;244;207;229;194;27;227;251;79;118;204;220;154;161;181;195;148;153;248;229;55;131;168;163;161;156;239;241;182;109;188;163;165;170;167;167;136;248;246;178;225;250;166;101;177;190;253;185;181;229;170;223;235;252;215;107;121;251;234;188;215;204;245;250;235;191;203;246;235;237;234;231;249;229;174;67;82;118;83;45;140;174;21;56;245;243;51;103;116;44;87;103;132;200;211;187;172;168;181;151;145;168;167;175;174;176;183;172;158;126;129;139;147;147;153;145;162;162;152;131;118;119;125;122;108;120;127;133;118;113;159;177;177;185;182;181;166;148;149;131;134;131;122;144;175;139;135;147;137;140;136;135;143;123;140;132;128;129;139;132;149;78;152;251;193;249;225;208;226;227;220;225;230;239;217;236;236;187;193;243;247;249;146;150;253;249;240;245;245;84;249;90;176;245;224;219;246;246;220;69;71;204;193;200;245;249;238;175;76;67;208
117;241;114;81;127;150;96;197;224;202;211;230;98;132;158;147;164;203;65;164;39;123;123;104;93;136;116;120;93;153;170;104;114;210;208;181;197;182;155;228;200;197;235;182;169;157;152;143;127;141;116;105;130;108;61;63;67;70;63;60;59;51;59;47;98;229;36;72;110;119;110;149;124;134;127;144;122;105;100;122;91;98;218;226;234;243;222;81;112;147;147;91;82;96;143;117;112;127;120;121;133;126;122;131;127;118;121;77;84;63;48;58;88;142;80;119;204;242;209;220;226;196;226;222;203;211;116;180;247;237;224;201;137;79;51;32;33;43;51;43;107;167;80;16;74;162;88;92;105;37;89;1;104;5;231;62;7;35;53;43;171;113;134;151;32;98;152;206;94;61;220;88;159;43;127;247;43;247;190;76;254;129;154;254;96;125;254;22;229;251;37;252;229;57;253;160;83;253;109;125;251;17;171;209;11;218;155;3;190;94;2;158;40;23;120;5;43;69;8;20;14;3;18;4;5;10;12;4;10;23;19;22;27;36;40;76;51;87;99;80;132;121;119;156;147;165;178;139;250;248;247;238;183;196;238;243;246;251;217;247;249;245;247;195;10;202;244;78;118;205;198;149;168;170;199;166;145;247;241;58;134;171;175;168;161;232;236;179;111;202;157;172;175;174;173;142;247;240;187;225;252;183;155;175;193;253;182;178;242;160;216;240;240;232;115;119;244;201;158;246;222;213;186;245;219;202;251;223;225;232;233;230;215;247;250;194;87;129;225;128;72;151;248;193;9;151;241;86;206;193;57;217;220;181;177;194;184;176;142;173;188;179;178;165;141;108;81;89;99;124;142;147;108;152;169;173;163;138;130;127;120;131;142;131;103;117;122;130;102;168;207;196;207;195;194;211;179;167;142;126;139;125;109;192;208;197;226;222;201;172;153;138;127;97;126;145;140;130;132;145;114;104;254;204;213;247;238;226;228;225;228;230;228;239;226;233;251;215;188;227;249;252;169;133;235;252;236;252;90;251;12;146;252;232;228;228;227;247;249;102;37;163;202;177;228;244;234;217;84;34
55;241;161;57;148;150;115;235;199;217;230;167;83;146;149;142;145;196;171;28;84;114;96;111;99;123;127;117;137;142;160;186;220;191;155;241;242;239;168;84;25;41;116;173;209;207;189;160;138;116;121;110;116;144;139;147;154;156;153;156;167;169;174;177;187;186;85;104;105;144;116;109;108;102;116;117;97;117;88;102;102;104;238;244;212;187;210;72;128;134;86;87;104;109;123;132;118;126;127;127;129;133;137;127;130;129;142;184;213;209;136;58;99;221;229;204;134;117;113;118;107;100;82;87;120;62;45;157;204;222;236;227;241;188;86;67;19;5;21;15;26;106;88;55;93;170;63;120;96;26;84;1;96;1;228;64;2;45;21;73;162;60;150;124;110;175;83;73;78;40;232;154;130;73;150;212;17;246;163;13;252;99;91;243;68;83;245;27;175;207;30;223;190;27;249;145;77;246;103;100;251;71;190;251;34;251;224;14;248;195;83;250;137;119;250;30;219;250;38;254;216;42;253;140;98;241;82;121;247;8;155;172;6;153;86;2;159;27;30;98;2;31;58;2;31;4;3;26;80;64;105;38;12;22;25;26;45;47;39;118;148;155;200;174;51;159;248;62;112;184;223;155;171;190;188;138;159;249;226;63;136;180;187;168;164;234;234;161;108;192;151;167;167;169;169;134;245;239;179;233;242;186;243;150;185;250;201;179;218;130;233;232;247;232;127;116;218;107;201;253;240;238;253;224;194;197;253;226;230;221;240;230;205;233;238;245;247;121;67;120;248;251;251;131;60;168;137;132;242;139;48;133;177;176;219;166;116;117;134;136;108;74;53;80;70;60;100;98;129;151;128;138;184;188;182;153;161;147;135;127;119;118;146;193;136;113;128;122;116;103;161;121;71;124;135;136;115;45;95;70;87;87;103;94;89;91;72;99;172;225;208;205;202;213;119;116;147;128;137;144;145;79;254;216;174;234;216;213;216;218;226;230;234;221;229;223;215;239;234;185;223;242;248;200;129;207;253;250;60;242;65;170;236;203;239;230;230;221;250;248;160;31;134;213;179;216;250;251;208;120
69;237;205;56;144;169;123;236;197;206;234;121;105;152;153;161;159;170;204;89;181;114;106;101;96;161;110;130;165;131;218;202;207;157;244;239;231;244;241;182;185;137;57;15;21;86;138;186;190;160;150;105;82;116;114;141;136;147;156;170;178;172;162;168;185;93;79;100;103;167;164;169;178;183;167;164;164;154;180;158;187;81;119;248;245;243;237;67;136;113;41;75;76;102;117;121;132;134;136;140;138;137;139;129;114;126;113;118;128;155;194;199;186;158;109;134;163;169;162;168;177;176;170;182;182;163;172;144;104;143;192;155;190;245;168;141;144;40;30;24;21;2;26;46;49;11;59;115;87;0;26;8;6;3;236;20;28;38;31;95;102;65;121;31;108;248;150;52;122;56;105;60;127;56;154;238;4;201;210;8;254;127;3;252;98;52;254;16;148;250;1;209;226;2;253;138;55;251;114;59;253;29;156;247;16;211;218;6;251;174;27;253;90;89;254;21;156;242;29;201;194;39;249;120;69;253;82;121;251;51;193;253;22;253;203;53;254;117;81;254;80;175;245;36;249;236;38;231;247;197;247;75;92;246;17;174;175;32;198;64;174;108;88;95;144;213;235;157;149;208;194;164;152;189;202;142;172;247;222;64;139;180;183;159;163;239;241;161;129;192;171;177;172;178;176;134;248;251;178;244;249;189;227;170;197;247;197;198;183;115;243;232;246;229;117;129;117;99;196;250;176;66;195;249;186;239;245;228;229;233;237;238;198;249;251;142;20;104;222;251;245;198;250;179;77;143;161;166;166;77;67;184;182;132;90;84;120;143;182;172;82;66;101;100;100;108;94;130;152;153;117;164;200;171;152;149;145;154;134;119;130;108;108;176;168;127;120;117;135;103;140;165;132;162;191;172;188;198;198;217;198;173;170;140;166;204;183;172;119;110;111;117;131;179;236;110;126;138;146;144;144;85;248;217;201;239;197;225;231;236;228;218;240;224;229;225;219;235;244;238;190;221;220;249;250;128;199;251;35;225;88;168;248;161;201;245;224;222;200;247;252;211;36;87;202;190;195;243;241;242
77;240;209;45;149;125;162;235;197;221;235;88;117;144;140;150;169;151;222;103;149;122;89;119;115;134;121;128;111;203;216;203;147;230;245;238;235;221;245;204;145;220;220;181;121;54;16;7;51;122;141;153;116;116;127;117;83;106;99;88;107;149;161;154;135;98;112;62;146;129;139;134;142;148;176;170;161;179;190;223;161;199;182;107;120;230;235;35;110;110;55;93;89;111;125;112;125;123;115;123;131;123;124;135;71;193;244;201;164;97;114;152;143;142;122;117;150;159;148;157;149;176;178;155;127;174;230;190;179;141;101;104;120;140;108;139;245;250;140;87;48;41;54;4;73;173;55;125;67;29;81;23;84;25;244;27;39;32;58;121;170;106;91;82;67;135;75;77;148;105;111;112;150;40;153;239;5;138;210;5;189;164;1;254;95;9;253;10;23;246;5;94;251;2;183;176;12;248;125;8;252;45;96;252;2;166;248;2;214;206;14;254;111;30;254;47;106;254;11;186;224;2;241;149;31;254;71;70;254;33;138;227;2;198;148;9;255;87;59;241;36;132;225;4;195;196;8;184;225;172;252;115;107;248;59;217;233;84;252;179;252;234;250;170;50;52;129;187;178;204;243;166;156;166;200;148;164;247;240;55;141;174;175;160;168;241;242;168;128;180;175;172;168;176;171;129;244;243;178;234;251;187;209;172;192;250;186;201;216;140;225;237;250;226;131;89;251;167;137;253;206;40;37;139;233;208;239;229;232;235;215;248;216;202;36;7;213;252;246;201;213;222;252;166;77;131;172;148;134;89;165;219;110;125;106;177;204;201;191;133;85;105;106;97;95;94;125;179;138;132;131;176;175;179;187;185;159;151;136;121;127;120;103;121;176;151;109;120;115;107;93;224;208;160;133;135;130;146;123;115;141;159;186;185;181;159;148;165;213;202;158;177;138;153;211;172;109;130;145;140;153;79;237;233;208;226;186;229;222;222;205;209;207;232;232;213;229;237;223;239;236;201;200;226;250;250;155;214;186;252;85;156;252;247;167;174;247;239;231;222;229;247;246;87;35;185;209;177;245;247
70;236;240;43;154;124;194;219;178;230;219;69;128;144;142;143;159;140;184;166;86;173;143;105;109;158;99;119;166;208;204;174;209;251;228;225;219;233;235;248;205;148;178;187;203;212;176;127;56;7;8;55;10;10;10;16;99;154;152;94;26;11;13;10;24;15;31;102;141;160;157;168;187;155;139;165;165;169;61;28;28;116;244;237;242;58;52;103;125;127;62;97;100;82;91;105;103;102;100;110;115;112;118;121;57;199;242;250;243;217;156;219;224;216;232;233;229;224;219;220;233;152;175;230;204;193;233;238;214;160;179;168;90;76;93;116;103;205;197;184;180;94;108;22;54;253;42;39;22;95;59;1;53;105;107;7;41;20;32;34;155;110;166;135;128;101;123;29;111;75;80;137;134;79;168;249;2;241;217;2;254;163;6;252;99;21;249;44;56;254;1;114;234;7;174;212;1;247;146;1;248;49;5;254;6;56;254;1;153;234;1;201;135;4;235;52;9;247;6;109;244;13;197;183;6;251;112;5;252;36;79;249;4;202;234;0;245;147;51;252;71;135;251;2;191;233;4;209;244;190;239;99;86;246;35;192;237;44;239;140;246;214;221;187;98;73;29;37;125;81;142;210;199;192;192;136;167;250;232;49;140;174;177;167;169;240;241;170;118;175;171;169;169;177;169;131;246;242;180;235;249;185;231;154;168;252;192;169;245;180;208;225;242;241;130;93;244;165;191;248;195;118;198;177;99;175;252;225;226;236;253;253;105;9;126;248;236;237;225;227;248;229;240;188;60;90;145;153;143;100;188;211;161;183;157;169;182;164;98;63;78;105;115;84;94;164;171;110;119;153;160;152;172;146;167;168;192;171;159;129;112;124;120;111;119;152;159;170;176;142;77;156;186;139;167;143;131;103;119;116;96;95;56;85;118;129;136;120;104;164;171;177;210;116;149;169;141;133;136;143;175;57;215;248;223;220;201;240;228;227;208;252;231;217;233;234;223;227;229;235;241;250;212;183;227;253;239;223;87;248;106;145;241;212;250;228;170;220;241;230;220;225;247;249;160;29;164;209;184;232
199;94;66;68;170;126;202;192;180;213;191;82;144;134;149;146;155;174;160;196;60;230;240;76;103;157;133;115;212;225;198;193;243;225;229;231;234;219;219;248;235;146;186;169;159;169;177;188;198;157;106;61;35;94;73;130;177;138;135;197;178;103;89;132;182;79;72;168;132;156;161;178;168;147;125;146;166;198;144;143;101;203;71;58;142;95;149;104;121;136;62;81;94;102;125;136;146;137;140;139;126;142;163;145;59;189;249;249;195;184;110;167;154;154;147;120;131;159;161;153;184;112;131;205;171;157;187;178;245;246;231;136;121;136;146;131;120;85;55;111;155;171;193;174;118;119;4;3;9;55;40;29;5;160;79;1;114;64;46;64;137;91;105;42;164;98;198;49;108;40;54;65;154;66;136;249;24;232;199;4;252;147;50;253;115;52;252;70;120;244;29;186;254;1;238;198;38;251;147;15;252;82;94;247;18;144;250;7;183;254;5;225;163;2;254;68;27;254;1;81;254;1;157;202;2;202;114;2;253;43;22;255;0;108;231;5;203;180;2;255;93;1;250;1;109;254;5;162;254;84;253;115;9;247;8;149;249;8;227;175;174;211;179;214;75;154;91;40;98;101;75;114;170;185;220;178;169;242;230;59;139;180;182;166;161;239;242;175;116;184;171;172;176;182;170;137;242;247;164;243;250;185;223;167;187;250;191;165;243;191;202;233;237;223;120;98;235;104;202;252;189;110;184;149;18;179;248;236;246;251;179;20;24;253;243;252;194;179;191;243;249;218;252;199;74;126;69;79;148;132;162;209;219;102;185;192;108;81;89;96;115;93;91;113;157;148;102;122;163;167;105;159;173;158;153;151;157;177;175;137;122;119;103;117;111;178;178;173;184;186;116;84;110;154;186;177;187;186;187;191;195;186;204;136;92;183;166;150;146;116;146;151;168;127;145;182;193;163;129;156;178;46;187;245;208;220;217;219;219;244;197;219;252;210;226;233;217;235;242;225;218;227;244;244;189;213;253;247;35;252;93;200;135;59;201;207;250;183;185;242;243;218;221;239;246;193;27;113;213;174
242;163;36;39;122;71;212;242;214;241;166;59;149;135;139;153;146;159;159;179;157;145;235;118;91;156;146;131;228;206;204;203;244;232;237;232;218;234;221;247;212;138;189;165;175;172;153;156;156;175;144;150;50;99;134;76;14;99;82;76;57;59;150;130;107;136;23;146;160;162;178;176;136;152;140;114;146;195;162;215;241;241;215;44;112;155;172;121;116;135;68;97;98;97;135;133;138;137;140;145;140;150;176;149;66;201;249;252;240;199;93;123;112;113;110;109;131;119;108;112;119;137;115;99;78;58;121;165;111;151;239;251;248;230;178;181;166;56;97;79;42;34;89;169;123;72;125;119;15;4;1;7;1;99;113;2;92;123;150;188;150;169;139;105;124;35;130;41;197;77;138;88;147;9;128;251;25;193;202;12;235;146;53;251;119;50;251;60;92;253;30;159;238;11;204;194;38;247;176;21;249;95;110;249;33;173;241;7;214;220;9;244;177;24;241;78;82;254;19;148;252;2;223;199;7;254;126;6;250;61;92;247;3;168;255;0;238;158;1;255;101;16;254;1;81;242;0;164;249;38;248;131;6;247;12;57;248;8;139;227;73;245;81;167;79;118;156;92;119;102;85;65;91;104;146;179;189;247;239;46;135;181;178;164;163;242;244;175;110;195;165;175;166;177;170;137;244;247;172;236;246;182;222;168;196;250;186;159;247;171;218;243;251;231;113;87;242;141;201;248;202;106;165;185;148;213;235;250;251;56;19;194;244;229;186;216;249;250;187;177;253;224;250;200;63;122;126;42;90;146;93;202;223;215;202;114;71;87;88;105;97;85;126;157;138;120;152;162;175;110;109;181;140;145;152;152;160;175;189;183;179;161;130;128;123;155;174;159;157;174;142;73;168;221;168;158;146;141;136;133;128;132;137;220;206;133;180;175;193;220;197;185;167;114;148;184;177;188;136;147;175;62;189;252;215;212;226;222;217;247;180;196;224;227;233;226;219;239;239;219;236;229;223;244;242;205;212;252;43;252;84;224;119;67;249;229;181;252;190;178;228;247;233;217;234;246;232;70;88;194
89;230;236;63;168;139;139;247;236;244;144;22;137;144;152;145;156;151;167;154;169;95;245;131;107;170;130;164;235;198;188;231;243;239;233;232;219;237;231;246;227;132;139;153;176;163;153;162;151;146;149;122;43;154;124;126;64;145;136;144;116;100;186;126;143;130;65;65;163;175;162;183;152;104;103;157;84;180;171;109;219;170;239;95;75;89;67;59;124;139;41;84;116;100;128;145;146;147;132;135;139;143;139;122;53;198;229;238;248;185;90;120;116;114;109;117;113;116;113;118;101;108;109;104;105;73;47;26;23;11;12;50;153;240;247;250;202;81;77;72;111;113;80;63;4;44;100;142;221;186;92;3;5;2;2;10;26;62;115;202;196;196;158;197;102;161;124;67;160;87;109;167;169;73;161;235;24;181;222;26;224;190;27;250;140;31;254;85;80;254;50;136;240;25;196;208;54;241;171;40;254;100;91;253;61;134;254;5;180;246;16;231;185;32;250;75;72;249;44;159;247;29;201;186;13;241;140;39;253;91;87;254;17;191;233;23;228;173;52;252;105;80;254;45;124;254;8;181;252;177;252;176;22;248;54;118;252;2;209;229;147;252;144;180;74;101;185;165;174;148;137;90;74;108;74;116;141;194;230;115;141;174;176;163;162;236;240;176;109;194;169;176;172;180;176;142;246;245;163;223;242;194;225;152;172;251;191;165;245;175;221;234;239;225;114;110;232;106;212;247;200;132;175;166;90;198;251;116;7;131;252;249;174;224;241;220;193;221;233;183;252;215;251;212;79;124;96;62;150;146;69;100;201;183;88;72;99;107;103;101;95;135;153;137;159;171;162;155;156;62;171;203;173;174;162;156;155;157;163;179;194;187;154;116;100;121;193;161;163;166;174;137;104;121;107;135;153;155;161;168;170;176;156;148;167;70;115;164;150;130;105;84;167;199;126;192;171;182;167;148;178;53;194;244;212;223;223;223;226;249;182;212;209;223;238;221;217;231;223;234;226;227;224;235;246;230;239;253;42;244;85;208;152;145;98;193;246;215;252;229;164;201;244;233;207;227;250;245;97;74
84;239;188;36;192;166;85;188;244;235;244;179;65;160;137;165;153;161;177;156;187;76;246;144;69;166;141;193;230;207;186;248;232;237;220;224;210;230;226;230;247;249;229;178;155;160;180;167;148;163;139;112;56;156;134;129;93;158;131;157;121;152;214;111;148;109;119;81;87;198;204;199;189;161;190;209;137;137;204;121;240;176;232;139;61;124;126;105;138;151;70;74;118;106;65;66;67;75;70;78;82;71;85;101;59;223;251;206;194;182;94;146;140;130;131;140;128;137;143;141;162;154;144;143;93;223;244;206;172;131;79;35;15;52;111;128;190;252;235;184;107;93;88;100;103;103;84;32;36;114;245;195;2;109;79;7;51;19;38;128;152;171;181;166;162;190;139;146;131;108;59;80;32;131;200;241;58;121;252;15;197;241;1;241;176;1;245;115;66;250;74;123;254;31;165;231;27;244;191;28;251;139;75;247;73;110;251;25;163;253;26;214;197;5;253;96;46;253;41;141;251;19;196;194;18;225;167;13;252;108;85;248;20;185;227;13;210;176;38;248;112;58;253;70;122;254;4;166;252;166;246;185;33;252;66;118;252;21;186;225;201;239;185;163;122;144;135;80;153;195;174;154;98;93;75;94;98;115;107;157;147;170;180;165;168;241;246;187;104;189;169;173;173;176;176;139;246;247;177;242;246;188;226;169;185;251;174;151;238;184;225;228;247;237;101;104;239;122;204;247;197;123;177;129;162;206;41;54;247;251;204;127;82;219;252;213;252;245;181;187;251;215;253;219;89;133;83;134;163;90;80;14;150;85;40;82;105;102;78;74;131;159;156;147;162;135;32;151;139;121;228;197;193;200;203;188;168;171;155;151;151;147;149;136;114;105;180;165;165;166;175;160;132;179;186;172;184;170;170;170;174;162;162;155;123;138;173;149;136;189;205;192;165;127;79;146;176;165;137;152;194;49;192;252;204;210;224;223;225;239;207;227;205;205;237;228;222;233;229;220;233;235;230;227;235;233;244;250;76;250;88;225;149;216;241;9;170;217;219;252;247;200;184;235;239;217;206;252;245;110
101;229;52;32;171;153;172;107;75;113;237;182;52;167;149;128;166;159;154;160;212;95;233;184;90;173;134;218;232;200;200;246;217;226;217;230;218;237;226;227;230;240;235;251;252;179;154;157;177;130;144;123;63;152;163;157;128;165;150;192;139;147;196;122;107;39;107;158;60;56;99;150;124;70;126;127;110;150;183;114;228;185;204;198;77;146;134;162;132;113;82;92;141;153;136;161;143;146;169;144;162;158;144;170;57;130;246;244;240;218;89;142;141;129;137;139;142;141;148;135;136;147;127;104;42;52;129;174;188;96;97;144;90;40;52;39;6;61;130;234;254;239;194;120;102;88;65;105;84;19;4;16;3;60;96;15;128;110;162;110;84;103;116;146;184;202;183;183;160;138;119;174;128;101;79;222;96;10;244;40;44;250;8;135;252;4;212;167;1;253;140;32;249;68;92;254;20;164;250;15;239;203;6;248;139;49;242;45;121;251;30;158;245;2;250;161;32;250;78;81;248;14;185;227;3;225;168;15;251;139;58;253;48;142;254;2;183;190;2;254;125;58;254;82;114;243;37;142;253;164;249;203;56;234;108;107;246;53;163;241;155;252;99;47;106;106;90;5;9;56;169;213;182;137;99;125;88;83;85;44;149;165;179;156;162;238;241;178;110;194;179;177;181;177;180;142;247;242;172;245;250;194;223;167;177;250;195;184;249;186;216;236;246;230;135;86;245;150;205;247;197;117;175;218;202;62;139;246;248;243;194;49;90;228;246;38;81;226;229;197;250;233;245;238;74;119;97;135;142;120;140;79;171;207;155;142;148;111;39;113;155;162;167;185;201;193;61;157;110;140;199;134;125;136;106;177;190;184;161;162;173;155;131;119;122;109;142;181;164;172;166;178;118;162;176;124;117;104;117;113;115;122;147;121;173;206;234;184;174;157;126;138;143;207;211;136;138;160;154;139;174;55;193;247;211;206;219;228;211;233;217;212;233;223;235;227;228;223;249;223;228;231;230;231;225;227;239;253;123;236;92;205;156;168;248;142;196;252;47;94;203;249;207;185;238;247;224;206;251;249
87;237;203;36;88;180;219;229;232;180;41;54;103;156;127;148;143;158;181;142;207;126;181;143;96;187;131;227;196;165;218;245;208;224;238;245;221;231;225;246;222;233;218;221;248;167;148;176;164;146;186;117;70;168;138;134;123;144;134;168;161;135;203;123;99;45;53;155;151;143;144;105;96;118;159;120;113;182;176;137;240;180;206;171;61;153;158;130;128;92;92;129;143;128;135;122;144;131;142;136;138;169;191;130;173;201;116;136;239;204;94;146;147;146;152;152;161;156;154;146;168;146;101;150;216;72;56;47;41;71;75;73;99;107;88;79;89;57;18;3;53;152;192;214;251;222;141;86;112;174;105;61;56;134;158;30;87;22;89;223;252;231;164;122;87;115;139;138;190;162;171;196;165;91;121;212;121;3;252;119;2;253;38;16;254;1;59;246;1;164;192;3;212;129;3;251;54;7;254;4;63;254;1;170;194;1;247;130;2;251;60;54;254;10;166;223;2;252;148;4;253;48;118;249;33;138;248;10;247;184;15;251;91;102;254;31;170;254;6;239;176;47;255;102;80;245;35;130;253;163;251;210;58;252;115;84;253;72;150;250;134;247;181;142;139;148;207;98;112;57;59;79;149;212;190;160;153;125;75;39;177;186;194;172;178;243;242;182;104;189;177;172;176;170;174;137;245;243;169;236;249;206;225;158;189;245;190;179;245;189;212;239;241;233;126;97;249;128;190;250;198;162;231;115;4;182;247;210;236;251;224;183;137;231;240;85;84;90;195;186;234;219;244;252;90;118;100;76;149;142;130;119;130;120;218;142;37;29;123;192;191;176;185;182;133;98;67;91;172;168;175;168;178;165;84;209;195;179;177;178;170;151;134;139;117;111;102;175;179;181;175;199;163;131;190;187;179;174;181;176;179;163;155;157;128;116;121;96;109;179;198;220;162;96;131;178;161;138;162;138;181;82;212;239;252;230;204;228;212;245;214;204;212;239;234;230;234;180;247;247;223;228;230;239;224;228;233;253;109;250;81;228;223;119;251;209;240;250;60;131;246;206;225;225;169;202;248;229;218;229
99;214;238;109;36;233;177;138;236;188;85;108;117;160;174;166;174;161;192;134;172;241;97;20;115;154;118;246;232;196;211;249;229;219;218;223;219;230;221;236;213;232;228;216;253;178;151;166;164;156;153;116;72;149;122;165;122;171;151;159;156;125;213;121;105;124;36;105;173;196;163;168;207;209;164;129;166;205;114;198;233;134;235;149;13;38;13;11;66;44;92;145;134;129;147;134;132;135;116;155;141;55;38;35;144;247;240;231;56;80;137;155;138;152;151;155;155;160;153;159;157;158;116;190;228;244;72;44;78;72;86;86;76;76;80;89;79;76;82;68;18;20;8;11;104;149;203;247;208;117;96;100;99;79;6;15;55;86;4;99;133;134;202;242;222;190;115;80;110;139;175;198;198;191;207;186;140;12;245;103;40;247;74;55;247;50;107;254;2;183;234;11;227;175;1;254;118;3;248;46;31;249;9;84;246;7;146;188;2;228;131;5;249;31;6;254;6;119;205;1;237;97;3;252;44;7;253;2;117;242;2;193;153;2;246;90;16;249;18;128;237;6;227;157;1;254;81;70;252;193;242;246;15;223;188;22;251;126;62;246;152;230;247;118;95;220;127;79;117;175;142;78;39;51;136;203;212;180;89;62;174;186;187;177;184;241;238;188;106;192;180;177;179;174;180;144;244;245;173;241;248;200;220;171;187;246;188;162;222;173;208;238;246;231;125;98;233;127;222;250;229;124;29;94;177;211;237;201;251;249;198;172;127;238;251;100;155;190;31;169;249;220;225;250;107;145;163;37;83;131;155;100;113;134;111;113;113;186;228;169;158;152;159;106;74;145;142;26;112;191;158;176;188;141;127;195;210;172;175;180;169;165;148;132;136;126;106;153;184;164;158;175;180;123;177;180;160;161;149;159;219;224;171;145;158;183;180;118;146;103;84;92;149;216;189;114;113;118;157;178;152;51;224;233;178;253;251;212;223;243;208;204;232;242;215;234;243;168;224;205;233;234;227;230;222;230;229;250;132;245;72;204;247;110;100;196;241;248;71;150;111;244;214;249;240;185;180;240;235;210
86;222;240;107;59;225;219;162;241;155;86;122;108;151;135;148;155;161;181;138;173;181;238;170;100;168;142;225;242;235;214;212;243;244;244;243;227;217;220;232;233;230;229;223;249;161;143;157;173;148;158;148;55;144;126;138;120;157;148;153;147;124;204;130;121;123;85;127;117;87;94;139;133;107;103;162;201;142;160;226;150;171;236;78;149;80;31;134;148;89;81;122;121;141;137;142;112;128;152;158;155;92;105;155;212;64;101;123;105;119;150;138;135;146;143;145;142;151;149;155;134;140;154;181;155;194;83;4;41;28;38;41;33;44;46;30;38;42;49;53;46;33;65;33;33;17;19;56;182;142;5;55;81;69;86;110;128;79;44;54;43;49;63;42;163;244;221;207;156;96;88;118;136;184;198;171;199;41;243;157;53;253;111;86;254;38;118;249;17;167;247;8;219;187;11;250;158;66;254;103;105;253;28;139;254;13;200;196;1;253;153;3;254;98;56;254;6;116;252;6;229;175;7;248;95;12;241;31;64;248;12;133;213;9;220;191;7;253;78;3;253;5;76;255;0;157;178;1;254;107;75;249;5;115;244;6;193;221;12;250;198;61;226;168;47;251;190;109;89;109;151;146;158;130;19;59;132;195;165;93;152;185;181;172;179;242;240;190;101;188;175;174;174;172;178;145;246;241;163;239;252;201;209;167;179;246;186;176;246;187;216;214;229;239;135;93;230;145;247;162;21;36;180;212;173;174;250;198;234;250;219;158;124;236;244;84;159;200;45;171;249;212;249;249;183;143;206;111;27;87;147;155;148;91;55;144;187;134;82;116;111;112;120;93;97;108;81;102;33;96;195;154;165;178;114;98;204;194;188;180;176;174;158;135;125;119;118;124;146;131;107;124;132;129;154;179;158;154;150;157;130;105;134;177;169;192;237;159;151;208;235;219;132;92;145;165;178;161;122;164;126;66;247;236;206;192;223;218;205;218;228;202;222;235;218;237;231;187;235;221;238;229;222;219;231;233;234;253;116;242;85;232;225;154;12;134;250;252;84;250;140;35;238;203;242;248;207;182;241;225
78;226;238;81;100;244;211;199;231;169;81;122;122;165;167;141;169;164;178;159;184;92;243;130;118;219;132;171;247;250;251;184;154;166;181;218;246;245;247;232;230;212;208;217;249;176;160;148;170;171;151;150;60;119;100;101;76;117;155;100;82;81;188;150;75;73;108;201;181;152;134;125;129;133;142;205;130;154;229;130;112;231;93;33;81;44;98;115;73;105;83;126;123;148;143;135;121;119;106;130;167;103;221;246;246;146;76;130;126;156;142;149;149;146;147;138;142;143;149;143;162;155;173;200;182;240;61;52;99;88;71;76;83;71;68;79;89;87;94;90;56;131;213;160;118;57;20;7;39;84;49;101;65;89;90;84;93;41;141;144;127;102;55;35;79;198;234;234;243;216;193;141;134;106;141;176;196;28;207;193;17;245;144;56;251;56;97;248;28;145;252;24;175;210;3;236;172;33;251;111;57;251;81;91;250;44;158;233;4;253;173;19;254;118;82;247;13;144;250;1;226;203;27;248;122;29;250;67;134;251;2;168;211;2;218;201;2;250;107;22;255;2;108;255;0;199;181;9;250;100;3;250;26;65;251;5;151;252;5;231;249;9;91;145;25;100;96;180;204;125;97;105;148;150;109;130;96;128;67;50;141;197;187;168;172;243;242;182;103;191;176;177;174;175;181;150;240;248;172;239;253;209;210;162;177;251;186;175;236;167;233;249;246;217;123;77;245;221;51;48;168;207;185;160;150;197;243;194;250;250;215;168;134;244;242;123;163;164;115;202;238;162;242;252;193;119;145;204;55;47;106;202;114;39;106;140;53;34;97;157;159;60;87;98;71;67;169;250;64;56;162;158;150;168;195;95;144;195;190;175;183;168;142;127;129;117;124;129;151;179;118;126;143;142;117;191;162;136;171;158;154;134;111;117;110;81;93;63;102;101;104;178;221;206;189;172;189;242;226;150;91;92;251;221;206;214;227;238;210;236;210;195;222;246;218;223;239;226;219;197;242;226;229;226;249;231;228;250;117;249;74;228;194;155;76;159;252;237;107;193;250;114;252;147;73;188;241;227;154;218
78;237;243;43;64;178;199;186;236;168;65;122;121;155;156;150;156;169;171;152;194;133;244;50;87;164;151;118;137;143;212;251;247;228;192;160;153;172;209;242;247;248;241;234;249;178;153;153;151;174;153;164;58;47;80;131;125;91;96;112;180;125;172;201;143;117;144;195;195;197;205;223;216;187;183;203;155;175;148;145;229;101;28;104;73;62;134;131;136;113;45;124;185;153;146;122;117;99;147;109;144;123;100;229;208;231;118;155;127;147;171;148;144;152;160;147;165;171;160;165;174;161;162;204;85;188;98;41;86;81;86;80;77;89;91;85;84;77;86;46;40;93;113;164;192;140;109;111;120;104;80;86;99;110;86;107;86;121;138;76;115;123;148;176;134;174;170;183;199;251;242;238;221;178;139;144;212;30;201;176;37;226;159;39;253;87;64;254;62;99;252;33;157;249;25;207;218;21;250;143;33;254;100;56;254;57;122;235;6;212;208;13;239;160;36;251;87;75;252;32;170;228;10;239;158;29;251;83;80;245;24;126;216;7;171;211;3;213;155;7;243;43;94;225;10;169;155;35;253;248;127;251;30;116;248;26;179;247;64;245;249;44;218;57;83;87;58;31;162;227;194;148;116;123;91;151;156;176;62;7;100;198;176;159;166;242;243;183;109;195;176;181;176;175;183;151;238;239;164;239;252;204;211;163;175;243;180;185;243;191;229;235;243;230;169;181;182;10;129;247;247;117;159;179;155;175;242;199;251;249;213;154;128;239;243;109;167;172;63;170;251;180;231;249;213;167;98;205;110;22;55;86;74;73;57;126;74;84;104;53;180;120;23;49;117;216;245;197;98;65;114;148;169;152;175;149;108;165;172;203;214;179;156;131;144;127;113;120;141;188;140;118;129;148;111;181;227;163;147;143;171;230;242;220;200;210;185;136;198;208;193;136;114;177;175;162;114;104;210;179;77;119;252;217;216;214;220;223;216;222;222;227;200;240;223;219;233;223;206;233;237;230;245;207;253;236;217;253;121;236;71;240;210;138;98;152;252;247;136;183;247;192;249;136;94;246;201;218;245;159
91;231;238;180;129;51;53;195;241;168;79;129;135;160;153;145;170;173;170;156;200;131;241;117;59;134;232;242;201;159;201;232;224;237;246;248;240;213;183;165;167;185;221;240;244;180;165;182;171;153;154;155;77;39;83;100;76;88;72;97;111;64;19;31;84;93;132;134;123;134;142;141;138;136;108;119;125;129;159;133;62;56;142;135;84;113;158;129;128;85;93;42;125;168;174;153;144;132;154;128;157;145;93;248;177;238;143;114;149;157;142;155;148;171;171;174;183;176;159;166;132;131;183;210;110;184;78;34;83;65;74;83;78;75;74;74;80;83;66;44;187;168;90;103;95;124;140;78;96;158;141;155;130;161;190;183;191;228;219;206;170;132;166;179;223;217;203;152;88;109;196;224;237;242;235;137;183;4;145;208;31;230;160;66;252;91;63;250;96;95;251;39;140;251;12;200;226;20;229;169;48;248;131;54;239;121;106;242;24;197;222;34;201;196;30;247;95;55;252;65;142;244;1;212;178;7;236;133;64;252;46;95;241;46;158;239;26;176;178;23;253;102;79;254;50;157;199;47;246;253;109;246;63;90;247;84;143;251;78;239;212;93;186;105;143;242;184;169;13;7;110;207;240;195;110;76;122;186;145;40;89;214;190;174;173;240;234;183;98;185;169;167;169;174;174;142;232;243;156;241;240;194;211;174;193;238;184;169;248;185;212;234;250;245;209;101;68;167;246;251;206;121;179;182;157;186;251;209;253;249;209;161;132;234;242;113;184;171;45;169;244;176;247;248;210;148;85;154;182;73;28;58;123;86;48;49;70;75;76;70;39;77;151;190;233;222;171;53;178;190;174;180;157;151;154;164;133;136;152;198;164;121;163;158;146;171;151;115;128;177;145;126;137;131;133;91;187;187;168;141;96;111;129;110;107;120;155;191;170;163;113;177;143;102;169;194;133;123;144;95;79;129;254;198;175;236;206;230;226;225;207;251;251;223;222;230;234;220;200;233;226;235;238;181;228;220;229;249;123;241;74;245;200;147;99;151;247;251;188;80;138;208;246;152;133;115;217;202;248;252
80;235;224;246;241;245;244;244;244;160;85;124;141;163;152;153;175;165;167;165;199;109;248;249;49;159;234;169;189;246;249;228;219;224;224;226;236;244;247;249;230;202;160;157;188;167;151;185;219;205;171;141;57;103;149;112;114;116;129;114;85;132;90;14;74;113;95;75;91;81;80;104;69;147;246;175;184;141;75;89;100;143;136;124;137;126;161;124;62;51;144;103;39;78;87;102;74;85;104;139;162;113;99;244;173;225;154;123;163;153;153;166;180;171;161;128;118;125;116;132;145;173;180;210;81;184;87;44;85;67;73;79;75;83;90;88;92;86;57;46;237;217;167;74;98;92;104;72;56;71;73;106;102;108;99;102;82;101;120;190;242;238;253;244;217;203;198;187;172;168;137;157;169;147;197;250;248;182;156;191;3;168;208;2;234;140;2;245;99;25;252;46;83;251;5;170;250;2;216;214;4;249;147;16;253;106;79;253;34;179;248;2;218;209;35;252;120;42;254;64;122;252;7;195;194;34;220;143;40;249;54;90;240;40;130;237;44;156;209;22;239;123;55;252;53;123;242;41;249;246;105;227;90;61;245;110;107;250;96;62;250;181;54;120;101;245;128;246;166;76;31;2;95;185;247;208;145;151;143;50;83;222;177;159;166;242;244;189;118;209;199;204;194;194;210;167;249;240;207;244;252;212;197;175;150;248;192;176;241;183;224;251;234;98;11;44;248;183;187;246;215;128;172;173;160;185;244;208;244;253;208;152;120;231;245;108;172;158;73;196;245;177;246;244;227;119;120;122;143;102;49;72;127;46;21;25;39;45;75;90;51;52;170;204;186;158;26;124;201;147;68;62;133;140;120;142;158;163;162;145;66;63;193;194;165;174;145;128;143;156;132;141;138;132;143;124;100;109;117;127;145;120;118;111;138;158;172;202;147;152;210;189;201;121;106;193;144;142;94;89;99;150;253;186;187;228;211;230;219;221;206;187;244;228;216;227;230;210;215;240;230;237;240;189;233;212;240;253;126;232;74;248;201;153;100;145;250;250;171;126;19;200;251;125;198;193;23;244;141;177
92;232;231;212;236;232;229;212;244;150;87;122;138;165;151;163;172;172;173;161;210;118;243;238;57;126;247;216;214;247;224;228;232;232;225;221;228;231;226;221;230;252;248;250;229;156;72;56;76;125;184;200;98;98;169;171;173;201;186;190;212;202;159;143;183;182;183;211;204;199;216;207;180;117;238;248;244;226;93;132;120;119;123;133;135;110;178;125;86;60;56;117;125;93;91;91;94;134;123;124;163;109;137;247;166;234;134;108;140;130;147;146;115;90;99;151;200;213;233;221;231;204;182;188;247;241;71;25;78;67;77;77;66;71;72;61;77;90;56;49;217;197;173;3;50;34;41;49;55;68;64;51;41;32;36;31;21;13;12;8;6;108;235;250;241;247;228;197;202;207;240;201;179;172;129;129;165;247;239;252;139;120;158;4;200;84;1;241;64;9;254;17;12;253;2;77;253;2;134;215;2;202;152;6;242;126;2;241;9;89;249;7;160;246;4;235;148;2;249;45;99;248;7;146;249;4;233;188;7;254;89;66;245;59;120;253;31;155;220;3;249;131;41;253;62;120;234;70;241;247;78;217;120;32;250;140;85;250;125;147;252;122;165;253;4;252;199;115;85;115;150;123;17;14;63;112;208;222;186;101;40;201;199;171;157;244;250;226;147;222;208;201;206;202;200;187;206;220;170;205;226;216;248;249;217;205;176;148;221;239;244;146;22;138;159;103;248;162;165;252;207;131;169;150;137;181;247;202;252;252;206;173;138;229;244;122;168;148;117;195;236;182;237;250;231;143;130;121;153;98;188;215;113;102;115;153;194;82;22;112;108;5;96;107;50;99;150;230;169;180;165;72;63;152;181;146;139;139;117;148;148;87;161;197;178;177;146;138;136;146;131;124;130;155;126;132;140;137;129;136;147;136;132;132;119;117;128;180;209;158;71;131;193;221;196;151;86;111;76;163;101;153;253;221;187;239;180;235;218;213;222;209;209;229;219;229;225;210;219;229;224;221;236;196;237;205;233;251;126;214;73;247;210;153;102;140;252;248;172;159;81;209;249;172;191;241;156;249;27;153
95;239;228;219;216;206;219;209;244;146;95;130;137;168;148;165;168;182;187;159;200;108;250;249;87;133;240;218;197;239;241;231;217;218;218;224;238;240;229;218;237;220;199;227;234;250;219;166;114;59;35;58;48;53;119;98;120;131;132;147;155;129;50;98;159;155;135;102;128;157;143;131;88;134;204;175;214;246;131;95;121;125;126;146;105;98;142;168;150;46;62;111;132;140;162;162;129;129;126;147;154;43;227;189;149;237;78;135;128;154;165;114;94;172;231;223;202;153;96;93;80;68;74;77;95;222;60;33;84;66;69;69;61;69;81;86;88;76;68;84;218;191;183;11;90;91;106;102;98;92;79;93;99;100;101;118;47;99;229;160;161;50;53;109;209;245;243;250;248;230;201;196;196;211;234;201;166;122;113;228;246;231;96;36;254;16;65;254;1;113;251;2;134;244;9;180;190;1;219;174;1;254;102;2;250;29;1;252;5;69;253;2;108;191;4;178;132;9;246;12;6;253;2;82;229;4;162;174;6;214;93;1;248;59;19;250;34;84;252;7;205;160;7;251;93;49;249;26;215;253;77;230;119;19;248;131;46;252;100;151;254;122;188;253;2;251;253;196;190;107;127;161;147;115;104;33;4;49;157;247;142;164;213;141;207;203;23;28;13;9;12;13;9;14;6;7;33;87;58;103;120;10;153;231;247;249;246;248;251;196;42;80;249;246;206;62;230;134;195;245;212;129;172;160;146;187;249;196;248;253;212;181;143;236;247;123;180;155;141;177;243;201;243;249;207;164;206;146;219;86;129;207;156;210;195;171;166;159;62;32;123;106;89;118;69;44;66;165;198;165;199;214;68;114;155;141;112;125;155;144;73;75;208;187;161;172;166;157;124;152;165;143;147;125;146;152;130;127;141;127;133;151;146;138;129;131;115;101;119;212;224;163;118;167;192;103;104;115;92;198;102;163;246;218;213;219;194;224;226;237;200;218;215;241;224;223;235;211;185;247;229;229;251;198;235;228;242;252;124;212;76;249;205;150;106;142;250;239;155;154;99;218;243;212;130;242;229;250;92;141
34;234;246;246;245;223;193;208;246;141;98;131;132;167;155;171;178;169;172;164;211;103;244;213;27;119;224;209;202;237;225;233;219;227;233;235;236;232;227;228;231;234;228;238;217;239;203;149;191;219;149;112;12;53;140;141;119;123;135;121;112;102;60;142;175;146;143;162;157;138;185;146;107;233;232;211;235;133;49;93;79;95;133;98;114;89;156;126;95;86;120;135;102;82;79;83;126;142;153;157;61;155;241;88;229;190;78;142;161;159;107;110;224;219;138;81;39;18;31;65;63;66;48;37;11;14;44;77;74;70;77;75;70;74;74;73;80;73;60;116;182;105;194;28;117;116;115;121;120;124;130;114;113;112;117;96;70;113;115;230;243;168;148;114;75;80;130;220;241;249;242;245;237;214;200;208;228;225;237;125;135;205;25;218;224;4;248;206;30;254;145;40;254;175;58;254;89;83;252;88;103;250;12;121;254;2;205;233;5;229;197;5;250;139;3;253;30;46;246;2;110;248;2;168;198;2;212;127;4;253;68;5;236;19;20;254;4;64;239;1;179;146;5;239;66;2;243;7;140;253;2;168;149;10;217;163;5;252;114;12;248;114;71;243;7;108;220;203;250;106;61;154;150;137;168;171;91;49;13;62;116;74;183;177;223;4;15;35;46;76;73;58;53;75;82;43;94;236;228;218;251;14;120;67;116;171;229;246;173;13;141;246;246;232;162;92;239;161;177;250;229;132;173;178;165;189;240;194;237;253;212;160;119;238;248;114;166;154;132;161;247;193;239;229;209;154;215;153;180;114;102;150;154;164;179;188;117;185;203;7;9;149;182;160;100;68;77;61;145;152;149;172;100;42;46;98;174;156;159;183;157;75;132;192;156;162;176;167;117;127;147;130;140;136;149;146;123;134;137;125;143;134;131;135;144;134;137;130;118;83;118;200;224;134;68;107;128;122;107;163;111;194;253;215;200;208;241;225;214;247;223;197;225;229;232;233;220;247;247;199;224;228;250;196;226;239;234;247;123;223;77;253;193;149;109;151;250;252;153;142;100;211;250;219;95;53;234;242;127;236
196;93;129;170;214;241;249;248;246;133;99;127;131;166;166;174;175;176;180;167;207;115;249;211;151;99;49;183;250;220;234;228;208;222;234;238;232;223;223;233;227;231;232;230;224;249;184;145;186;154;165;170;164;50;147;132;139;150;164;194;173;60;55;142;147;127;164;181;166;84;14;38;100;106;175;225;133;41;70;88;119;78;92;74;112;83;132;156;92;116;163;159;168;168;160;182;157;145;147;100;150;235;110;194;226;47;132;171;161;117;135;239;161;47;59;65;36;141;214;94;64;74;78;62;69;71;75;81;77;79;81;74;78;86;83;80;87;53;50;108;201;149;168;16;86;82;88;114;97;94;122;97;103;116;77;60;139;161;165;81;103;101;152;158;161;145;108;54;72;106;204;244;252;253;251;232;212;202;217;28;6;33;2;51;1;15;47;6;28;83;1;64;127;5;70;127;1;149;140;3;180;131;3;238;105;32;250;65;72;254;37;107;253;22;195;237;2;253;238;15;252;98;32;254;92;73;246;43;106;253;2;126;251;2;189;246;2;225;190;2;253;49;34;252;5;104;236;2;246;252;7;226;93;5;246;93;3;252;83;2;253;101;70;253;2;216;87;11;48;49;112;115;97;126;151;143;162;140;79;95;100;11;141;231;213;19;246;58;39;106;81;81;114;84;71;92;49;251;186;195;247;18;165;90;11;77;240;110;23;248;248;249;234;230;149;74;246;140;181;248;208;138;180;166;153;185;243;205;252;250;207;169;128;234;242;127;169;164;136;169;247;182;248;244;243;152;116;203;216;75;130;75;161;134;168;176;157;121;224;116;34;11;134;219;118;75;111;102;45;104;142;112;142;120;149;187;161;145;145;133;139;156;192;167;156;164;178;153;134;140;156;142;152;148;144;153;170;143;142;145;138;128;137;131;129;129;139;138;136;131;111;98;116;102;93;101;110;117;121;128;94;187;249;214;243;195;201;222;215;238;169;204;227;224;226;237;211;197;251;245;225;229;243;202;223;241;226;249;128;220;66;253;198;144;110;159;249;248;160;149;89;223;249;214;122;54;244;253;194;250
244;243;203;162;141;137;145;163;245;128;105;131;141;168;172;166;174;177;187;174;191;98;248;249;246;240;240;252;240;230;200;222;220;221;224;231;235;231;231;239;230;216;236;233;217;249;182;150;174;167;163;159;144;65;164;125;158;152;156;148;172;116;75;176;183;215;181;169;190;225;157;94;233;164;229;34;66;92;81;144;166;116;72;121;179;121;89;122;143;129;150;163;154;176;169;155;128;110;132;165;195;106;157;190;100;126;142;137;79;174;230;138;43;67;100;73;124;173;186;64;94;77;80;83;72;83;96;93;96;90;90;94;96;81;62;65;68;70;45;125;190;130;172;29;114;107;116;99;83;99;109;116;110;107;63;63;228;239;191;32;78;67;81;83;83;102;133;119;105;112;40;58;88;155;213;253;249;250;192;149;206;213;227;174;171;144;111;124;131;111;157;9;17;145;87;46;117;74;38;79;67;41;57;49;31;58;31;1;52;35;2;54;28;1;109;1;3;101;2;16;107;1;80;131;5;131;152;4;189;125;5;225;78;43;245;56;84;252;50;168;249;15;237;245;24;247;162;57;250;222;82;250;15;119;249;25;179;247;4;204;252;3;248;248;5;248;146;80;95;54;129;85;76;125;164;140;106;133;130;131;198;31;65;252;182;12;252;53;4;44;63;32;52;60;25;44;27;245;213;207;250;12;120;71;224;251;60;58;155;133;165;247;251;229;162;73;239;213;129;249;224;143;170;162;167;190;240;215;250;251;219;186;144;243;241;124;161;154;135;176;244;173;239;247;238;183;117;88;212;75;184;97;140;68;122;174;172;105;155;185;180;208;136;193;136;45;55;62;150;152;158;145;189;131;78;166;155;141;154;89;54;140;215;158;168;161;163;128;142;133;150;164;157;165;179;171;162;179;178;148;124;97;112;136;136;146;134;138;134;146;145;96;96;107;109;117;114;119;124;131;88;193;242;214;238;249;231;217;221;249;214;200;207;221;233;224;241;202;206;224;229;238;238;198;213;242;228;253;133;204;50;251;215;138;111;162;252;245;162;154;89;220;250;201;144;79;244;252;111;1
68;240;247;249;245;247;230;183;245;107;120;125;142;169;159;166;176;180;178;177;199;102;247;217;203;235;242;229;230;229;221;224;223;223;228;234;239;231;221;230;232;235;231;217;231;249;173;155;176;155;157;168;161;42;138;139;130;129;124;141;162;160;34;159;198;144;139;149;131;178;181;181;231;182;209;69;139;59;60;53;46;41;57;54;44;32;18;16;74;108;86;100;81;64;98;69;98;215;141;133;130;147;154;82;173;162;144;58;168;230;113;32;107;181;47;24;113;184;181;105;71;76;79;79;80;83;80;78;82;68;61;54;76;88;99;109;100;122;61;98;250;245;134;19;107;80;86;83;55;76;104;96;86;68;59;91;200;238;153;33;106;109;102;91;81;84;105;120;116;143;118;71;228;137;88;104;186;248;209;154;140;188;167;160;216;193;206;246;197;212;251;154;226;253;192;237;249;201;247;231;207;239;209;182;230;220;176;217;188;198;216;169;182;186;139;9;160;143;133;135;92;126;107;74;110;67;33;70;45;30;12;38;7;37;58;1;73;40;5;70;36;3;87;2;1;121;1;65;251;28;189;166;6;193;113;5;235;94;20;252;69;67;249;91;3;172;245;180;99;45;129;120;79;101;145;141;138;138;113;93;162;115;43;245;199;8;240;134;5;202;6;88;192;11;134;129;5;251;42;16;217;7;184;248;145;4;58;156;124;92;62;122;149;239;191;94;195;84;180;245;232;142;167;169;184;192;238;198;253;251;221;159;124;241;240;135;176;166;137;174;252;182;241;246;233;163;204;61;145;78;162;170;138;133;95;150;174;181;134;156;143;174;168;161;170;116;81;130;152;169;164;141;151;168;66;84;113;117;175;184;119;86;157;192;164;150;155;144;163;155;163;181;157;147;123;121;148;126;112;175;229;233;182;111;97;96;119;124;150;148;156;111;50;119;117;111;118;123;116;123;95;231;238;219;186;228;244;220;212;233;213;224;203;210;237;224;228;219;190;240;230;233;233;206;205;246;229;246;125;210;61;248;221;136;121;158;251;253;161;148;98;222;250;202;136;126;243;118;3;13
96;245;224;216;220;221;233;250;243;102;116;121;140;165;158;168;174;189;167;182;200;101;248;237;228;220;205;221;244;230;217;230;218;215;223;229;232;227;222;229;227;229;225;226;234;246;194;142;180;171;163;154;149;45;151;155;159;139;168;177;168;146;62;200;145;122;176;179;171;142;153;129;237;237;231;69;126;130;134;140;138;151;146;138;150;179;133;108;115;114;118;116;120;131;114;112;99;245;246;244;202;159;138;115;197;143;85;137;215;100;73;101;178;67;10;85;128;207;71;107;99;76;85;84;66;90;84;74;45;69;78;83;92;118;106;87;80;88;83;56;128;237;158;14;97;67;105;105;106;118;103;109;85;105;75;135;192;228;157;74;149;139;138;149;159;158;148;142;146;120;47;158;242;245;238;149;60;119;141;132;108;122;118;116;97;114;142;102;141;155;135;146;169;121;124;162;125;108;145;119;138;161;126;152;158;146;189;164;168;163;154;163;177;202;227;115;161;207;229;209;190;201;183;205;186;182;225;212;203;239;167;137;141;175;165;153;114;172;114;27;156;139;105;138;113;94;107;82;232;210;206;78;52;96;65;89;77;34;57;114;8;44;61;72;8;66;45;6;4;60;66;105;138;133;83;21;140;131;90;84;103;120;34;209;177;14;251;144;37;248;58;163;244;45;250;210;147;241;48;104;149;209;242;47;85;171;174;142;115;111;97;70;138;244;187;89;185;44;169;251;217;138;176;163;164;196;226;191;248;251;223;176;133;224;249;121;166;164;136;174;244;187;237;253;227;150;234;105;127;115;86;124;122;145;163;164;181;143;118;159;163;167;164;165;148;191;184;166;126;95;136;139;114;177;163;74;96;110;138;165;150;113;159;201;200;166;138;166;167;149;122;132;147;197;237;247;254;252;191;140;193;255;254;201;251;141;122;81;92;116;147;190;144;82;88;96;109;121;123;106;114;239;224;224;212;196;211;230;217;233;226;198;214;251;221;218;246;208;218;229;239;212;244;247;221;227;237;251;125;232;81;235;210;134;120;166;248;237;163;152;94;224;248;196;149;190;53;2;118;143
99;247;216;207;223;224;220;220;247;107;121;122;144;167;162;174;165;178;187;190;187;77;242;246;242;244;228;227;230;214;213;223;217;213;227;237;233;227;219;217;227;227;221;231;229;239;227;151;171;168;158;161;168;62;145;140;131;155;143;151;198;66;83;198;135;155;165;159;183;160;182;121;177;192;241;154;40;123;112;121;120;121;121;129;131;112;108;125;158;152;143;142;150;145;156;145;49;209;242;249;244;189;126;131;190;113;63;222;145;87;118;157;65;15;73;85;191;149;38;13;40;81;80;66;89;69;70;61;66;122;88;114;91;45;61;90;106;87;111;69;14;13;51;95;97;86;80;71;92;102;85;97;68;98;98;147;135;187;158;54;128;117;122;125;132;137;131;136;124;89;160;215;179;186;187;169;219;218;227;236;239;240;229;207;215;215;222;188;191;209;204;183;167;154;160;163;175;172;155;175;150;156;170;151;124;152;163;112;124;127;142;157;118;149;215;159;95;122;4;186;191;155;145;150;157;136;160;142;137;172;172;174;199;178;185;186;183;211;195;182;209;162;203;238;172;178;226;157;202;243;241;253;131;230;252;223;217;250;202;253;250;217;228;247;1;137;118;2;8;18;46;35;46;90;188;146;56;38;79;52;65;93;11;165;171;135;252;156;62;251;85;174;244;86;218;214;83;247;235;251;237;109;14;16;131;106;179;216;168;128;110;76;137;242;179;77;249;211;187;246;224;127;178;184;159;195;253;205;246;249;217;162;146;234;238;132;164;162;129;165;245;193;236;251;245;115;243;135;82;119;56;75;162;75;108;167;150;164;140;120;184;144;156;144;163;136;165;128;33;42;103;75;40;135;163;140;120;116;128;168;189;141;94;89;148;143;167;177;142;153;145;165;193;230;244;254;248;242;254;247;133;87;190;214;254;227;164;199;145;107;74;93;151;150;138;102;96;108;132;94;160;252;214;221;207;218;228;237;220;226;226;200;191;237;225;218;234;183;213;231;238;238;225;205;253;242;216;252;116;239;95;224;212;138;118;172;253;253;157;137;100;232;247;222;173;43;4;239;249;144
86;245;226;211;209;209;227;225;246;109;123;114;141;163;161;170;172;169;182;145;207;215;181;158;177;215;239;252;251;247;240;212;217;201;211;223;227;236;237;231;228;219;224;247;230;217;253;229;153;166;152;158;162;69;136;122;135;149;78;208;139;37;152;181;148;172;182;147;173;170;165;153;161;210;181;241;139;73;104;117;133;101;106;119;105;78;83;112;102;113;99;103;126;138;165;59;168;246;169;193;234;135;157;129;184;67;115;190;133;118;177;104;9;70;69;111;217;83;166;124;36;89;91;74;84;79;62;98;108;81;119;39;45;141;172;175;127;78;118;68;68;108;93;113;95;91;113;121;100;107;98;88;77;46;97;145;164;176;125;70;130;128;139;128;122;127;123;135;112;123;240;237;227;73;50;71;74;69;66;63;75;81;85;83;93;100;129;108;126;168;145;175;201;191;189;192;197;202;206;208;195;194;201;194;199;211;205;207;209;189;202;227;194;208;250;232;109;149;82;247;209;177;162;169;180;157;144;151;140;131;156;144;138;140;138;134;125;99;131;136;126;132;103;121;120;108;155;137;30;46;64;92;100;102;91;99;101;125;131;133;128;137;142;178;118;249;249;252;152;4;19;8;47;36;32;99;155;171;105;51;41;83;3;119;221;244;247;160;63;246;91;168;239;55;227;197;84;251;230;63;102;67;150;133;80;57;28;97;189;229;167;136;136;249;221;43;239;123;172;249;217;133;185;162;57;190;252;253;240;253;196;182;137;238;238;137;164;171;127;162;252;183;243;239;243;110;250;197;124;124;106;159;178;126;129;113;128;170;165;94;148;172;149;160;163;106;126;164;42;38;92;65;93;123;157;162;138;109;118;134;120;154;145;205;234;254;250;249;98;158;225;247;235;127;146;207;249;233;222;247;247;217;91;14;75;199;164;184;206;219;211;120;88;103;115;134;131;117;120;65;180;252;203;220;206;218;214;226;226;228;231;246;223;228;233;228;235;208;214;216;232;230;243;200;216;225;230;253;118;232;93;216;221;141;111;166;248;244;158;150;106;218;254;228;59;8;231;248;178;104
92;244;233;210;222;231;245;220;245;111;126;109;143;166;166;171;172;177;192;146;206;244;240;245;207;179;152;146;150;188;238;243;242;233;242;237;215;213;220;220;223;228;228;220;211;219;252;225;142;184;175;164;144;66;133;111;145;64;160;139;11;100;160;173;166;142;133;144;207;156;166;141;164;221;141;220;240;115;94;146;133;141;141;146;142;50;112;131;111;116;152;142;108;97;64;27;196;213;229;241;131;147;164;142;153;73;160;170;131;147;158;17;57;87;88;58;160;121;167;167;90;78;102;75;68;54;99;108;117;116;44;147;238;232;170;129;145;77;102;120;104;116;105;114;129;154;139;108;94;79;77;63;53;48;68;132;181;153;115;72;123;110;117;116;121;127;117;125;104;82;246;241;212;54;93;135;118;121;114;98;77;66;56;48;42;42;40;39;34;27;35;19;23;25;17;36;44;31;39;39;66;71;54;73;95;79;81;97;110;124;118;130;141;151;150;86;68;199;122;139;163;191;187;202;207;199;204;217;210;211;218;210;213;211;198;217;228;210;220;209;215;205;215;211;198;196;191;202;174;212;178;110;160;171;128;148;149;140;135;112;107;129;109;115;127;106;92;147;207;249;45;57;23;23;30;28;32;52;99;91;75;90;4;105;188;95;248;146;102;243;96;201;229;77;236;166;205;184;12;63;246;219;114;142;107;160;133;62;52;99;148;168;128;192;231;63;246;152;166;249;220;143;180;174;113;214;223;191;231;253;233;165;151;232;235;134;171;154;162;160;245;203;218;252;228;101;238;233;140;140;97;110;124;250;249;116;104;154;193;123;120;179;161;130;158;150;154;152;133;48;57;119;179;173;128;137;144;138;36;184;182;245;254;252;249;247;239;251;141;133;88;88;212;251;204;104;202;252;240;250;248;253;247;205;137;173;178;169;169;159;170;203;214;201;159;150;133;105;85;55;178;254;209;230;222;216;222;234;213;224;216;210;251;238;213;232;236;208;202;194;244;224;237;196;221;239;231;247;124;228;93;205;222;137;110;159;253;253;158;145;124;248;245;30;2;140;253;250;155;122
166;247;238;213;232;226;227;219;245;113;132;112;155;176;177;181;181;184;184;183;187;118;249;237;249;245;252;234;169;119;106;103;142;161;212;245;245;244;238;225;230;215;215;226;234;219;222;215;126;154;158;164;147;63;140;121;104;132;180;35;108;177;157;139;159;189;172;191;183;101;192;162;166;202;142;201;244;153;102;133;138;154;128;144;179;71;112;152;146;148;144;147;170;147;42;203;149;234;167;144;168;183;173;131;141;133;183;163;124;193;96;8;78;61;27;154;44;116;188;140;110;84;119;64;54;103;106;128;122;65;101;114;93;120;160;204;156;119;80;67;99;102;99;93;98;56;51;37;87;107;129;137;111;117;80;120;243;246;82;62;111;94;99;109;118;120;120;136;105;100;248;238;211;107;192;205;216;210;218;231;224;234;233;220;226;225;209;212;182;224;199;10;49;52;56;69;64;57;59;44;41;45;49;38;30;39;35;15;12;8;9;7;13;7;6;10;17;28;19;7;46;10;32;29;29;40;51;59;58;72;76;86;86;103;111;90;110;114;112;122;112;144;132;155;133;128;172;151;144;179;207;207;202;215;219;208;215;210;197;218;212;205;210;216;189;185;184;90;135;242;146;254;119;33;78;4;2;28;28;52;48;12;15;153;222;139;147;71;148;248;41;230;221;49;251;239;81;88;185;199;164;227;56;171;127;95;125;150;160;120;67;97;77;176;231;56;241;153;167;246;219;132;177;188;176;191;253;199;253;246;198;194;139;211;248;134;169;169;149;175;246;198;231;252;210;109;237;247;84;112;82;122;223;195;211;162;94;132;139;169;108;108;117;144;128;141;131;165;188;130;93;100;116;121;156;193;246;247;69;246;188;251;233;227;240;229;229;247;212;217;244;161;65;68;212;252;240;224;220;226;253;248;250;249;140;162;184;163;160;176;168;168;156;186;186;191;187;162;198;184;160;235;226;224;202;214;229;241;209;237;219;193;199;240;224;224;223;223;213;222;241;230;244;199;226;237;233;253;102;224;99;198;226;139;119;163;250;251;156;158;167;201;65;1;167;183;217;246;179;141
249;208;229;233;238;212;209;234;245;108;128;111;160;173;174;180;173;186;167;183;196;141;252;240;225;221;235;244;251;247;221;210;199;159;130;118;133;180;222;240;245;244;237;223;216;212;228;243;207;170;158;168;164;52;138;120;100;179;94;83;143;153;172;145;157;165;145;114;100;128;182;179;188;172;124;214;250;183;106;133;129;131;127;121;146;126;74;167;148;142;123;129;143;159;87;242;160;194;172;184;186;194;172;137;166;177;161;153;152;214;16;49;72;79;6;108;129;83;211;141;101;105;98;35;82;114;133;110;38;211;178;150;114;68;57;44;60;130;101;73;126;84;113;102;51;46;121;128;146;119;99;147;158;186;150;118;142;170;86;92;105;104;111;119;120;116;117;125;114;104;244;212;215;130;199;151;121;128;137;140;126;133;148;157;156;133;160;167;181;211;85;23;78;88;88;81;83;95;102;94;106;102;105;105;88;93;113;100;71;63;84;67;69;83;80;100;73;83;86;86;78;84;95;80;71;84;61;38;42;55;47;42;41;26;29;45;37;32;40;18;12;13;5;12;9;5;7;4;10;4;6;13;7;11;36;46;52;62;74;94;86;92;113;121;151;164;206;200;221;159;108;254;235;249;248;148;75;33;9;33;12;18;136;147;180;245;245;8;150;232;9;238;150;102;196;12;42;252;96;162;241;244;24;64;236;154;67;116;122;169;134;111;83;221;228;53;240;134;153;250;233;129;184;168;122;186;247;203;252;253;217;118;112;239;251;126;172;171;142;176;245;192;236;250;240;142;222;245;120;81;82;159;250;144;111;141;128;100;160;173;119;129;110;118;124;149;125;154;149;124;110;201;132;141;146;159;251;251;47;224;165;237;228;209;240;233;235;253;199;198;253;249;244;195;218;246;145;119;147;107;144;216;250;251;147;176;167;174;174;172;167;165;159;166;143;154;161;173;199;166;169;250;219;225;210;222;207;238;220;239;216;213;220;227;226;236;229;214;179;228;233;239;238;185;232;223;234;253;84;228;102;191;232;137;122;174;253;241;176;151;155;105;6;139;238;101;244;252;177;105
37;27;200;249;228;220;225;233;247;106;126;112;163;168;167;177;175;176;182;185;191;138;250;239;234;234;232;214;226;229;198;204;215;226;246;236;198;168;145;133;150;184;216;239;248;246;239;228;246;174;156;161;168;42;133;105;124;160;80;112;186;186;154;153;146;151;171;140;156;202;171;184;155;155;89;250;244;242;115;137;135;126;145;121;168;116;96;174;115;146;138;131;148;151;74;193;247;224;172;200;168;168;178;136;156;146;163;155;174;164;8;65;74;64;84;24;128;80;196;151;120;97;71;65;103;123;147;57;200;248;112;186;216;200;178;108;16;73;120;78;103;130;108;55;100;153;116;110;89;111;188;125;91;45;37;56;52;58;80;113;116;119;114;116;128;139;138;123;107;113;246;206;230;94;119;79;71;84;73;61;74;70;58;62;79;97;104;119;99;36;65;128;130;144;135;133;135;128;128;127;132;126;132;123;106;90;82;103;115;107;102;98;96;116;122;97;93;88;71;72;66;88;81;108;117;119;116;98;113;116;100;130;103;58;109;111;122;132;169;176;189;195;197;186;198;195;174;186;159;145;143;149;131;138;55;15;24;14;6;7;11;12;12;7;5;7;4;44;98;117;204;250;200;213;152;120;193;165;7;7;40;189;195;142;171;218;229;28;167;211;7;245;203;36;33;86;229;248;144;209;238;252;102;23;101;241;214;156;134;130;120;109;94;242;227;60;245;156;166;248;228;128;181;178;146;210;242;202;252;247;226;74;103;235;240;130;172;168;150;172;241;174;236;251;218;120;198;247;207;92;102;50;185;144;179;175;166;83;142;164;88;171;126;94;169;150;121;154;194;178;247;248;131;195;71;97;249;251;85;233;175;244;250;209;204;237;237;249;209;189;245;218;252;245;228;251;101;87;189;249;224;126;154;219;166;155;180;172;165;173;164;164;170;152;140;150;145;152;197;142;165;251;229;209;189;230;213;245;216;233;215;203;218;234;230;220;220;247;224;226;230;234;224;180;240;206;231;249;93;241;102;182;232;125;113;179;249;252;174;147;118;37;237;254;132;121;240;253;161;135
182;129;252;233;213;221;235;226;244;103;132;106;172;171;170;182;182;172;184;186;198;136;247;231;237;224;243;239;236;217;187;185;190;197;203;208;234;238;234;227;211;174;146;144;159;175;199;236;249;186;181;167;166;44;146;90;119;167;70;135;165;155;152;166;119;141;149;166;188;169;189;183;119;88;178;251;212;246;116;115;148;130;121;128;177;72;152;131;130;150;141;135;137;154;101;99;233;222;210;166;248;239;236;151;146;127;189;159;202;109;9;79;57;69;90;23;107;74;171;164;109;83;78;98;111;162;104;143;240;198;114;165;198;170;196;193;150;91;113;90;120;123;36;121;161;89;109;98;131;245;246;42;89;94;117;117;136;144;131;142;139;143;133;124;114;120;135;135;105;127;243;220;203;76;134;170;183;202;196;183;186;182;178;191;184;182;194;51;46;93;90;108;92;90;103;113;122;127;114;116;131;126;129;132;134;102;94;123;132;139;135;133;138;124;121;129;129;122;116;126;127;138;138;138;143;143;157;147;147;152;134;166;137;113;167;149;172;188;171;170;156;167;174;176;174;175;189;194;199;210;196;191;196;181;28;38;61;61;68;78;86;102;113;117;90;44;10;36;22;8;41;203;251;249;228;207;145;92;116;158;201;176;167;148;160;204;246;150;184;235;219;132;9;38;243;175;159;243;140;180;144;245;101;187;27;62;70;104;210;211;190;107;96;158;248;51;241;165;151;250;221;134;172;176;164;197;241;198;250;241;231;232;172;239;248;119;160;166;141;152;252;227;209;250;236;135;216;245;215;102;177;87;54;182;166;157;194;107;132;166;124;148;169;95;114;137;218;251;247;146;225;237;142;169;142;158;243;252;69;149;225;252;204;253;247;215;232;250;202;184;253;228;223;247;221;252;166;130;86;73;222;249;182;185;172;150;172;165;162;162;168;174;171;164;167;176;173;179;213;154;173;242;233;206;174;245;196;240;228;244;222;199;216;238;225;224;229;214;236;244;224;221;239;205;227;202;222;253;111;243;110;169;235;148;102;179;252;254;154;129;61;252;254;202;132;134;244;250;169;130
142;137;245;225;229;208;208;223;247;107;131;110;175;171;169;179;179;185;178;179;180;148;249;235;248;226;232;224;228;219;191;184;183;201;207;201;206;201;199;206;212;237;243;219;206;198;170;150;99;84;135;198;208;86;146;74;168;122;102;181;159;146;158;157;152;172;172;169;166;200;186;103;70;73;247;240;235;242;102;115;131;132;125;164;134;45;152;122;138;154;137;141;116;151;150;80;232;205;217;25;24;88;162;165;144;131;195;148;203;97;13;81;73;68;83;60;63;92;125;222;119;89;102;69;178;169;85;231;199;192;122;169;194;174;166;157;145;104;119;98;97;53;104;91;99;133;157;222;198;241;187;72;116;107;83;113;117;100;135;124;100;97;98;132;167;161;167;176;104;78;246;247;194;104;212;184;180;195;196;195;200;195;187;193;190;191;222;55;37;59;74;73;79;67;61;68;84;90;79;75;67;87;82;64;79;78;74;78;70;81;84;86;96;103;94;97;84;75;73;88;102;118;124;125;131;126;132;147;142;125;154;142;129;140;158;136;105;69;44;20;50;62;66;68;69;68;69;62;73;76;99;133;108;90;105;148;162;162;167;166;182;183;175;182;172;128;127;96;129;90;33;6;13;113;196;248;253;185;106;135;75;118;169;163;140;175;202;102;241;231;26;21;149;217;250;83;193;238;146;213;146;250;55;223;149;107;94;22;29;91;196;207;130;136;243;83;233;180;158;248;219;140;178;178;140;193;244;196;250;253;212;150;122;235;226;144;174;212;53;126;252;244;240;253;220;143;233;239;243;94;142;173;43;163;162;192;157;155;89;146;160;100;139;121;153;252;223;249;220;134;211;246;131;165;86;113;252;250;79;115;223;244;251;206;251;225;245;250;208;186;248;229;249;230;239;248;208;226;249;165;30;109;246;247;151;187;183;202;202;203;195;183;182;189;183;169;158;155;196;167;166;245;231;219;208;235;165;220;220;234;223;206;225;230;228;230;226;208;193;229;226;233;234;196;221;234;236;242;103;230;120;178;244;189;102;173;253;145;43;73;79;237;254;196;130;126;244;249;173;123
11;167;252;213;227;221;219;230;245;104;124;109;177;172;171;179;170;187;180;182;184;158;247;232;240;226;234;223;223;210;181;169;180;199;199;197;201;200;197;209;205;205;204;206;221;230;232;247;141;72;42;28;42;39;160;68;165;107;112;167;156;155;156;135;175;177;177;203;229;192;78;35;67;244;250;189;211;245;79;106;119;90;159;107;22;94;172;123;114;127;128;155;142;143;144;77;223;199;229;216;158;139;3;40;138;105;189;162;206;67;28;84;76;72;68;73;42;113;108;220;141;103;89;83;212;119;143;236;187;208;120;173;190;175;169;163;142;116;116;104;47;96;96;141;188;224;187;210;142;246;76;101;105;123;95;129;118;114;110;81;109;156;176;137;120;94;79;102;106;53;156;244;140;145;204;177;170;174;175;179;185;182;177;179;172;173;224;81;68;41;63;60;76;66;58;50;38;44;72;85;41;82;83;52;74;93;89;84;65;71;61;76;72;76;75;72;69;65;70;77;84;82;80;73;94;69;74;92;63;81;78;29;32;52;50;68;72;92;130;146;152;163;160;157;156;155;150;141;139;135;63;43;63;68;102;92;72;80;85;77;82;72;73;79;139;229;238;42;44;69;98;97;56;10;8;12;122;177;174;130;100;117;163;147;160;240;214;168;124;6;30;248;187;102;248;92;207;247;159;251;136;248;98;124;152;124;166;160;109;41;57;103;111;178;135;83;230;168;166;246;227;129;172;169;158;191;243;198;247;253;215;191;162;246;230;146;177;182;151;175;239;189;219;248;226;121;203;216;215;160;70;191;85;127;107;125;131;158;115;111;114;184;125;150;186;236;172;249;228;150;219;252;139;188;87;118;247;244;84;139;228;212;223;77;117;251;221;247;193;172;254;203;235;242;236;249;201;176;252;251;252;233;207;252;134;132;128;123;115;105;98;99;99;87;68;55;44;32;54;40;28;166;244;249;243;237;183;245;233;241;213;198;222;232;230;231;233;225;190;235;229;239;225;199;215;228;219;253;133;87;53;117;122;205;173;248;178;0;49;192;81;248;253;209;130;121;245;250;179;121
232;249;217;222;223;228;239;212;243;101;119;107;176;170;172;180;183;184;179;174;189;151;248;244;242;231;236;220;215;203;181;172;180;193;185;188;196;200;193;205;202;206;205;199;200;197;200;225;223;185;204;134;79;7;137;120;177;125;98;141;153;150;158;131;161;183;183;113;72;16;20;133;242;246;213;240;203;243;89;116;103;136;151;23;136;133;95;161;151;147;170;176;108;149;139;88;236;183;212;197;211;242;223;123;135;108;174;218;220;13;5;100;66;80;102;78;31;103;81;215;126;96;95;150;203;97;206;196;184;209;97;185;204;172;175;154;135;124;130;60;77;106;181;199;242;173;189;98;240;180;29;64;101;130;114;103;125;119;107;149;193;133;76;36;82;118;109;167;202;175;126;109;149;172;181;196;184;179;179;182;184;183;184;185;183;183;212;91;108;43;57;74;85;67;61;68;69;73;95;85;68;94;95;58;89;111;81;74;102;87;64;100;73;62;78;73;82;82;87;75;70;67;74;69;75;73;79;73;36;159;169;182;180;174;165;176;176;183;176;184;177;191;188;189;189;192;192;193;178;218;92;17;55;41;36;51;56;64;72;83;82;63;49;34;144;37;18;11;64;68;63;81;102;122;80;20;5;4;26;90;107;137;163;146;144;246;220;50;34;188;182;246;117;170;223;67;238;247;191;252;46;252;125;7;182;87;145;129;161;161;112;144;60;79;115;119;243;153;150;248;215;129;189;176;158;192;250;203;253;251;209;169;126;237;248;141;175;183;143;171;249;173;242;253;225;60;248;250;231;188;77;107;138;102;125;102;112;131;101;167;213;246;137;140;166;246;188;253;231;140;216;242;134;167;105;146;253;249;67;148;226;222;252;108;84;120;206;253;200;174;245;250;219;235;240;246;187;193;253;216;246;252;205;252;110;55;62;63;98;89;76;72;83;102;117;123;122;140;166;133;106;110;86;176;249;245;250;217;213;240;185;206;218;237;228;225;235;220;190;230;241;206;232;249;220;224;229;248;143;75;230;246;149;109;210;93;3;20;192;193;63;235;254;199;132;121;247;251;177;125
139;242;245;243;249;231;213;232;245;102;126;105;176;166;169;177;178;176;183;185;195;153;245;235;225;220;231;224;221;201;172;155;169;183;178;180;181;183;181;198;187;198;203;196;198;201;202;218;197;147;180;159;190;61;105;130;112;110;129;175;148;138;163;135;159;166;179;76;20;85;239;242;239;199;226;216;243;240;89;100;76;162;78;125;146;157;109;99;127;142;130;83;115;149;102;129;209;141;180;190;180;195;223;130;151;117;100;217;248;252;18;11;24;20;14;49;38;78;87;224;135;101;54;197;184;118;223;188;195;206;95;191;199;164;176;166;160;135;109;65;102;136;194;249;180;130;145;185;220;42;188;108;85;113;110;131;110;121;162;154;71;45;80;170;241;228;162;195;215;204;196;176;187;193;197;176;182;183;189;193;190;189;189;186;189;204;210;84;149;64;53;83;69;81;80;77;81;67;83;95;57;96;126;71;83;107;69;78;115;73;68;112;80;80;84;83;76;85;92;75;71;77;92;87;74;84;76;54;72;191;151;152;161;144;140;145;157;167;147;145;157;173;169;176;176;177;173;178;163;216;110;52;116;109;114;127;139;135;139;149;159;169;188;246;95;47;99;112;97;105;96;70;81;76;90;106;98;37;38;44;30;71;178;196;227;152;13;14;239;208;5;248;104;125;106;7;245;224;30;243;175;245;72;165;229;11;114;97;121;132;90;191;156;125;129;93;238;157;154;252;232;141;182;181;150;210;252;205;252;251;227;146;116;243;243;136;166;183;150;160;249;196;234;249;209;70;224;236;215;159;148;119;156;139;108;98;96;157;244;234;183;240;114;135;184;252;200;247;234;134;223;252;142;141;128;170;242;252;75;143;238;230;252;113;128;127;196;190;233;247;250;233;251;215;236;246;209;181;246;236;231;238;232;251;154;169;211;193;216;212;213;220;222;215;211;211;216;203;226;194;149;246;209;58;67;233;246;235;224;253;193;191;223;230;233;221;237;209;193;249;225;231;223;209;247;245;214;253;122;183;103;123;247;252;100;29;75;129;251;94;95;253;245;208;136;125;246;249;166;127
168;145;147;153;180;222;242;246;239;95;135;103;177;163;167;176;185;181;176;182;166;155;248;238;229;220;223;212;201;179;165;164;168;175;175;176;175;175;178;191;182;176;183;192;198;197;196;208;184;154;176;132;156;37;60;103;85;90;106;157;175;177;160;141;173;166;143;233;151;177;244;210;193;222;219;147;203;217;63;107;126;133;95;134;137;134;156;132;114;114;102;91;152;149;115;171;193;92;183;217;181;186;217;51;58;107;76;29;45;191;51;40;81;62;71;71;68;62;86;231;199;90;64;197;182;141;220;191;203;194;99;192;195;173;151;151;141;144;79;62;109;212;232;228;67;132;132;145;89;130;198;130;117;125;119;118;123;152;130;81;115;178;209;197;185;197;226;244;227;215;246;233;201;166;192;185;176;186;197;196;191;194;196;192;181;196;209;76;175;94;42;90;78;94;76;57;83;73;85;120;55;90;126;77;105;144;87;68;116;64;83;110;89;110;78;78;73;86;93;79;75;83;89;79;89;87;100;47;139;188;136;148;153;155;154;158;169;176;173;158;170;185;172;176;175;176;165;168;164;214;104;46;111;102;134;111;124;136;161;161;159;132;140;248;81;96;148;133;149;143;125;101;97;99;112;129;58;116;251;106;148;186;224;176;42;23;26;30;114;66;43;247;31;35;72;9;67;216;35;246;193;252;6;146;100;65;108;85;62;86;74;126;165;129;145;91;225;188;168;217;201;151;183;135;127;184;232;209;248;248;224;164;140;236;243;141;179;165;158;164;245;198;250;252;234;145;222;243;219;160;188;121;164;143;89;90;176;252;233;196;194;244;105;119;163;242;183;253;232;136;218;252;142;144;148;159;237;253;75;139;243;235;242;118;154;149;208;154;194;234;252;195;204;240;246;247;204;168;252;229;251;228;250;251;143;197;197;201;195;178;173;186;189;176;171;179;166;146;161;117;87;244;251;247;193;52;139;249;240;218;209;215;183;193;245;227;245;215;186;240;233;216;232;196;202;227;238;246;116;248;79;101;252;68;7;147;143;177;192;105;87;246;253;196;142;127;247;250;159;125
216;246;232;209;177;132;120;175;224;83;144;102;181;166;168;178;177;177;176;196;156;162;247;227;230;223;228;220;202;170;163;172;179;173;174;173;172;167;170;171;177;182;194;188;178;184;192;198;186;147;168;146;170;58;75;91;99;80;95;158;177;141;121;146;177;152;156;245;183;158;234;193;214;233;166;182;189;197;83;85;136;120;136;144;130;149;130;143;145;152;142;163;137;151;138;159;122;75;244;196;175;188;217;116;80;168;135;208;74;5;74;90;80;79;108;80;51;85;169;42;88;122;63;205;132;176;234;166;188;198;114;201;179;172;174;243;175;113;96;81;145;232;242;115;72;116;79;158;78;166;178;114;121;129;119;108;115;126;164;164;215;171;168;168;165;159;205;235;200;206;228;222;196;182;186;174;169;189;198;188;182;188;192;186;195;191;210;71;158;133;30;88;81;83;86;73;88;85;102;124;64;95;127;90;108;129;86;73;114;79;94;109;108;128;83;90;83;93;95;86;75;84;88;85;99;84;84;40;178;170;152;174;154;159;164;175;172;170;170;157;163;190;178;179;178;187;178;179;177;223;102;64;133;111;138;135;138;144;142;149;158;120;170;249;85;61;70;44;49;37;60;77;53;51;58;50;116;158;109;109;164;207;83;7;112;32;78;104;50;59;54;243;75;68;71;127;52;177;242;232;243;252;230;93;51;162;121;141;88;68;47;76;118;101;148;100;225;155;168;247;204;160;192;107;147;204;248;197;243;252;221;183;146;231;251;139;176;177;145;179;249;195;231;252;225;104;241;236;217;128;207;99;132;136;88;220;252;250;208;198;178;246;114;136;185;252;180;253;239;139;207;248;142;153;155;152;246;252;70;139;237;236;241;134;133;110;204;168;234;203;248;153;66;204;216;245;202;181;245;211;238;249;229;252;138;167;173;148;151;163;166;158;154;149;122;89;114;163;186;154;136;213;187;232;247;236;106;123;223;247;253;249;218;209;246;217;232;211;200;248;225;229;245;197;213;221;224;251;108;223;166;138;127;5;161;195;128;130;134;121;97;246;242;186;142;121;247;249;163;123
102;250;236;246;251;251;231;239;217;78;153;105;187;169;170;179;181;172;176;201;152;160;248;228;233;215;212;208;196;167;165;177;177;169;176;175;172;165;173;172;172;165;176;178;172;178;187;190;174;155;176;145;161;42;111;174;157;109;144;190;133;103;165;181;182;197;145;167;172;189;210;207;239;157;162;177;182;182;92;98;140;141;120;143;131;120;145;137;138;128;131;138;155;160;159;128;9;191;220;173;200;184;227;140;23;210;56;192;152;29;91;74;77;69;74;93;53;45;217;155;13;77;25;217;206;182;212;254;237;234;111;209;186;169;156;231;171;96;115;88;198;238;238;52;119;135;109;180;105;173;175;128;132;119;129;122;114;236;145;201;244;134;152;168;186;174;204;240;211;195;227;237;184;175;198;187;172;199;208;193;186;191;190;180;191;192;223;82;142;185;31;71;92;67;97;87;62;59;83;75;46;58;74;55;63;62;47;62;54;46;42;66;83;88;63;81;84;100;111;112;92;90;87;87;101;105;53;66;208;150;163;147;164;151;162;184;177;176;166;169;151;195;194;193;188;198;186;183;168;230;117;90;146;133;129;138;145;159;138;163;169;122;233;248;75;92;114;108;95;93;89;74;99;83;111;239;246;249;70;212;142;7;9;168;239;9;42;57;51;67;7;8;39;54;58;36;15;14;76;159;198;24;77;35;44;67;69;146;149;142;66;76;91;94;101;85;239;186;144;249;237;127;181;155;168;197;248;198;250;249;221;182;141;229;238;146;158;182;121;168;245;182;245;250;240;113;217;247;214;138;205;156;38;114;161;252;219;253;222;197;188;248;118;122;174;249;179;250;250;136;205;252;150;140;144;166;244;250;81;137;238;234;249;136;140;145;227;176;241;194;235;202;114;86;141;249;187;188;253;231;236;230;252;243;140;162;180;164;161;171;170;159;160;165;151;126;149;182;196;137;165;249;188;206;209;246;253;228;102;137;200;253;248;220;231;228;241;200;199;235;237;230;237;193;224;234;226;249;120;235;232;42;3;80;248;147;133;150;140;112;100;247;255;185;137;111;246;248;169;120
133;247;210;218;210;227;234;246;236;73;160;98;183;169;170;178;186;182;171;190;160;153;244;245;240;219;207;188;182;156;166;180;169;168;177;169;174;174;175;173;176;164;168;171;165;169;168;160;169;176;165;138;176;62;14;27;9;66;170;122;109;163;150;192;154;66;43;5;22;169;233;232;200;155;200;160;184;178;54;87;140;132;126;130;137;148;135;144;137;141;170;175;161;92;50;2;174;242;179;199;178;186;229;152;15;232;168;202;94;22;113;62;74;85;78;101;25;113;98;249;146;132;66;100;248;191;50;63;149;180;139;245;229;213;173;200;175;109;113;112;230;245;196;43;141;124;120;127;102;156;156;130;131;117;108;100;222;195;139;248;245;131;169;165;166;171;179;235;214;211;221;229;198;172;181;179;171;197;195;199;202;194;183;180;179;210;216;85;138;198;69;48;106;71;72;66;69;78;84;76;100;96;87;94;118;115;119;131;125;103;96;95;93;71;61;59;43;67;83;102;89;98;92;95;109;132;43;122;214;158;167;169;177;164;169;195;185;175;173;171;157;197;193;195;186;191;179;183;180;219;120;104;133;129;129;147;151;152;143;152;155;113;252;245;89;121;120;119;114;123;122;108;90;145;246;222;195;249;182;124;69;53;179;174;152;20;15;7;7;15;36;8;12;6;6;29;195;229;164;234;138;36;71;14;11;6;33;20;76;125;105;154;121;104;101;57;202;193;133;211;239;125;187;192;159;178;231;217;248;252;220;173;139;238;240;143;167;179;150;175;247;198;237;246;242;123;214;245;224;143;195;203;12;171;247;222;222;242;214;201;189;239;120;124;177;252;182;251;243;152;213;249;150;140;149;172;234;253;84;135;237;233;244;137;136;149;215;177;243;239;246;183;117;160;181;204;147;249;236;246;249;230;243;249;149;154;179;175;166;165;166;169;170;174;178;177;168;186;181;128;166;249;228;243;202;186;233;249;251;187;102;132;252;243;240;245;228;187;204;217;233;227;248;198;204;222;233;246;161;143;46;12;95;179;172;147;141;153;150;136;83;143;239;238;165;118;245;249;162;124
139;252;219;234;224;224;222;236;233;100;155;90;167;174;167;179;186;183;177;197;171;107;205;187;234;242;253;221;194;169;166;170;176;168;178;173;175;181;181;167;175;173;180;176;165;171;178;174;169;178;156;145;158;88;57;129;87;161;139;107;143;161;185;116;34;67;70;177;179;113;231;184;136;145;198;126;185;146;70;76;149;142;130;141;138;136;128;113;142;144;110;56;23;3;59;211;245;183;194;191;185;181;245;125;4;156;155;188;104;25;122;79;76;87;78;104;42;164;103;213;86;72;106;82;72;161;220;164;75;69;54;83;129;170;192;252;227;91;124;153;232;247;139;57;120;121;124;128;104;103;182;133;130;107;100;175;224;129;246;229;234;144;147;180;179;168;177;204;204;187;216;222;190;187;193;189;171;187;184;184;181;179;190;183;171;212;213;92;121;204;82;34;89;82;89;94;127;134;123;135;125;154;150;136;155;149;151;150;177;125;133;150;150;137;130;145;123;93;66;60;40;53;70;82;155;110;33;176;198;148;164;161;175;169;176;190;170;182;172;161;179;190;188;190;181;179;191;186;177;229;125;99;153;151;151;163;165;162;166;161;178;125;248;247;89;111;112;119;118;114;111;100;109;154;210;247;244;138;126;12;70;215;188;171;206;220;162;119;118;107;141;138;100;135;188;170;215;189;196;238;189;250;248;132;165;50;7;7;9;19;41;98;118;138;150;56;189;199;106;240;241;134;176;160;143;199;250;201;253;245;224;184;146;244;238;149;174;169;169;176;251;216;218;245;233;143;211;213;213;140;177;181;156;237;200;243;249;246;209;195;194;227;119;133;174;251;172;253;252;140;223;246;150;153;145;174;238;249;79;146;241;230;247;138;135;154;228;172;235;216;241;192;109;130;199;185;185;231;253;165;205;249;253;252;136;163;184;169;167;169;168;167;168;170;168;166;158;189;175;132;183;243;211;239;245;208;193;218;247;253;237;177;71;167;245;245;221;206;204;174;242;221;229;192;219;232;214;253;167;15;58;93;101;203;144;155;129;176;167;108;107;222;121;80;213;150;245;252;148;116
139;252;217;234;224;216;222;245;242;73;149;103;153;171;155;168;175;169;165;142;243;247;190;154;90;71;99;124;175;208;220;229;195;183;177;167;169;165;166;176;187;177;175;177;177;181;178;164;171;171;160;161;154;126;5;34;127;142;123;164;143;206;88;48;129;97;77;208;125;62;184;132;142;147;150;108;182;135;69;121;133;116;148;141;122;152;137;109;158;128;131;87;83;229;253;210;185;177;203;192;177;196;214;146;72;3;66;246;94;37;100;73;78;84;84;101;19;167;114;224;111;7;148;178;89;169;224;235;238;239;137;167;95;30;90;116;103;121;91;177;233;244;123;100;141;122;119;113;102;114;242;133;129;137;98;225;169;165;236;200;241;142;146;169;177;180;137;202;195;185;211;210;194;190;179;185;212;219;228;207;217;250;221;196;199;230;235;99;130;188;104;51;112;113;130;121;137;154;146;153;149;169;172;165;180;169;178;161;183;129;164;157;141;148;144;155;154;142;145;144;116;96;70;34;69;35;39;209;179;154;172;169;173;171;169;191;189;175;172;166;190;201;188;196;192;193;182;190;185;211;142;114;145;132;161;180;167;168;169;164;173;131;252;249;85;113;120;117;119;116;119;103;87;164;247;252;46;4;47;126;198;164;150;170;183;173;195;94;134;197;187;191;213;213;176;149;142;120;107;103;104;88;120;247;248;217;233;241;41;2;20;29;66;11;42;100;247;188;162;247;225;151;171;190;161;192;236;193;238;253;213;167;139;248;247;147;174;164;149;158;250;214;221;249;249;121;221;246;216;142;194;151;172;249;191;243;233;244;214;222;247;247;116;129;197;248;155;244;234;147;226;250;156;151;125;158;249;251;78;161;245;227;250;143;144;162;234;165;241;215;243;197;115;114;173;216;221;230;248;137;92;200;211;253;137;164;174;176;163;168;166;164;173;179;176;176;185;165;188;131;170;244;209;225;222;216;240;206;196;231;251;251;227;118;129;236;253;247;231;199;233;230;237;190;217;229;246;198;39;114;184;99;127;155;147;122;75;210;165;124;81;247;254;170;66;105;250;244;170;118
140;248;210;234;238;228;223;238;237;106;143;111;181;171;181;166;176;199;184;181;141;168;250;246;240;171;110;48;10;0;37;87;170;201;226;223;217;199;176;172;161;163;171;179;172;166;172;174;162;181;174;146;146;162;15;99;165;105;114;143;174;105;61;134;128;35;95;175;110;133;152;106;113;113;108;86;135;79;54;98;56;53;124;140;142;157;124;135;138;99;189;207;185;254;235;216;200;204;182;177;194;180;195;220;183;167;221;254;79;33;123;80;82;70;84;107;17;135;107;233;135;17;206;92;212;237;181;194;220;163;131;251;234;230;227;179;7;92;89;226;243;244;68;104;138;127;126;112;132;125;242;141;104;162;147;223;116;226;195;207;238;142;186;158;165;183;161;201;191;171;195;186;183;206;197;206;112;81;130;154;149;90;154;165;144;170;178;94;143;179;87;111;150;128;147;149;151;162;150;151;146;170;147;131;174;150;152;161;201;109;162;174;172;170;160;176;149;143;146;137;134;143;156;145;125;120;140;202;168;167;171;161;173;166;181;199;175;183;177;162;185;182;184;167;183;191;168;177;170;207;144;104;163;144;146;161;165;158;167;182;177;137;237;247;86;111;121;118;118;108;119;114;90;211;187;3;2;177;168;162;194;195;213;216;222;232;206;113;119;201;190;183;200;209;204;220;217;229;241;229;206;176;184;241;223;218;166;190;187;252;146;2;4;72;210;74;230;184;146;242;221;137;172;174;156;189;248;186;250;253;220;189;144;208;209;168;165;182;121;150;247;186;238;252;252;115;214;248;221;136;187;145;144;244;197;242;245;253;211;189;218;246;119;98;151;246;247;252;252;133;235;248;145;150;158;168;246;250;72;159;243;216;245;144;139;162;229;156;243;222;245;193;117;146;186;209;213;225;253;171;94;78;238;252;122;167;175;171;165;171;162;155;165;170;166;168;159;136;163;137;167;252;211;249;246;227;232;235;233;181;199;212;250;248;192;107;154;226;253;237;227;234;226;178;212;247;238;42;56;167;174;96;108;139;156;80;150;199;154;126;102;183;149;248;246;98;118;251;192;113
158;252;219;225;223;220;224;244;231;102;133;105;175;157;177;172;182;181;165;216;122;166;243;206;225;224;227;230;207;148;105;72;11;1;25;77;126;179;216;233;226;213;189;175;164;159;168;169;171;167;174;155;142;153;50;164;136;108;148;155;141;93;123;148;26;40;108;187;61;171;172;103;106;117;117;96;110;108;121;117;127;78;111;152;138;120;125;142;151;117;167;247;172;53;118;187;232;242;244;218;201;182;199;173;199;202;179;243;61;53;141;70;74;81;105;128;53;104;93;244;152;19;241;137;178;211;191;183;202;197;121;211;178;176;174;248;215;69;114;120;251;249;165;77;93;107;80;95;61;119;195;161;114;150;155;196;122;241;204;188;232;71;186;177;163;168;182;197;196;194;187;212;191;190;213;132;130;198;220;231;223;133;155;235;152;53;92;116;175;171;86;143;144;144;154;134;132;161;163;168;175;191;183;170;199;182;192;191;210;129;176;159;147;152;166;185;153;156;164;160;163;149;152;157;197;206;193;177;164;159;170;171;170;168;177;195;173;184;149;190;212;217;212;216;192;198;207;191;189;221;142;105;163;133;151;161;149;181;150;169;184;133;250;251;81;127;137;110;110;121;132;105;83;232;48;105;244;194;128;5;64;60;73;68;76;66;84;59;90;134;123;107;121;119;106;123;119;101;87;116;102;88;95;233;248;249;176;201;226;120;191;252;198;252;236;54;243;240;117;246;251;127;175;188;153;194;250;205;252;247;208;171;151;251;245;154;162;195;134;161;251;176;238;251;247;131;219;244;222;141;182;137;157;251;183;235;247;243;220;195;182;220;145;81;119;247;219;245;241;163;190;240;173;153;133;172;242;253;81;161;249;219;246;155;130;169;235;159;237;225;245;198;114;158;197;206;211;240;253;163;133;142;251;249;140;155;180;168;169;173;163;154;162;164;158;159;158;162;183;137;165;245;229;175;212;230;245;249;251;226;229;195;189;245;252;243;175;125;174;246;240;222;223;187;247;198;37;121;140;155;190;106;87;46;131;78;171;209;166;142;123;254;219;126;176;252;207;89;117;169
144;245;226;230;222;222;221;240;240;79;145;117;167;162;160;186;169;176;173;210;105;180;250;214;203;187;155;166;196;208;226;223;210;208;160;102;56;8;2;47;100;147;192;230;241;226;206;179;170;163;155;161;155;141;61;152;145;124;132;154;109;108;182;71;10;81;86;179;86;150;211;122;128;117;133;101;113;118;57;95;77;81;137;151;128;128;146;151;164;116;100;133;194;145;94;46;35;46;107;183;210;232;236;224;193;177;163;235;64;65;141;84;94;89;66;80;62;109;100;244;121;4;191;148;141;222;197;199;206;189;99;224;187;191;163;252;131;97;163;111;172;242;245;85;71;97;70;93;101;127;212;207;127;127;170;174;168;237;197;209;233;18;113;195;176;176;161;200;207;184;201;193;181;206;177;105;127;49;133;89;47;75;62;86;107;157;186;159;158;92;105;140;145;159;189;189;179;210;215;197;181;186;166;151;187;174;179;200;202;152;199;212;213;202;193;188;155;163;162;151;159;152;154;162;161;172;156;174;184;157;167;170;170;169;165;197;204;167;175;211;169;150;135;153;157;150;186;166;154;192;146;131;147;116;157;145;167;140;196;193;192;162;249;243;96;113;121;132;134;118;123;123;86;189;237;250;230;143;137;22;38;56;56;104;55;7;55;63;73;66;87;83;73;75;87;87;99;89;119;117;31;9;6;6;33;165;210;246;249;155;141;223;210;232;221;58;197;45;128;246;240;147;166;175;159;178;239;189;252;252;209;186;130;208;252;146;168;179;153;158;253;200;227;252;243;119;216;250;207;137;189;127;138;249;194;241;246;253;219;199;197;246;121;134;191;249;188;247;248;131;180;252;157;147;148;179;233;253;85;154;246;210;236;146;132;176;239;165;234;228;246;200;138;149;173;212;188;245;248;170;103;139;227;249;121;172;182;176;168;171;166;164;170;169;164;164;165;155;190;138;173;252;198;26;106;77;53;155;242;246;252;231;209;177;233;251;251;246;109;102;236;248;242;252;147;13;90;246;195;94;152;111;80;57;134;83;166;188;184;162;121;248;244;250;182;112;214;248;152;49
164;238;218;218;219;232;225;241;220;105;144;99;184;163;163;174;181;181;170;204;114;186;240;212;184;185;168;174;181;165;162;169;174;189;209;217;212;217;172;118;67;48;12;16;51;103;170;205;211;248;207;178;175;142;38;147;119;144;132;134;148;170;120;8;45;79;70;108;157;51;142;193;115;106;157;98;144;119;7;76;20;115;164;129;137;149;145;162;99;4;4;88;214;243;241;253;215;164;94;46;37;38;82;152;214;230;239;249;55;61;131;86;75;90;88;112;75;127;110;224;130;26;10;122;185;203;188;186;212;199;121;227;192;174;172;252;135;30;140;251;233;187;99;121;196;190;195;181;167;151;97;113;143;115;202;147;195;223;175;193;206;43;60;165;165;171;157;179;198;182;199;198;200;199;150;117;117;119;86;112;121;174;204;142;129;118;131;100;97;119;133;163;195;141;115;111;70;49;32;7;28;6;10;8;8;10;20;18;26;30;49;71;85;131;174;192;195;201;193;171;167;164;158;149;177;168;150;169;189;181;172;162;171;163;173;190;178;160;205;123;92;135;169;186;159;28;158;178;153;156;124;108;133;144;157;156;160;206;215;176;168;107;239;246;79;112;123;130;127;125;128;122;85;168;242;207;217;128;155;72;146;193;190;204;160;124;175;186;184;179;210;223;218;212;208;196;187;222;210;194;219;120;83;115;78;11;7;57;162;174;204;247;230;226;204;70;214;168;136;158;228;148;178;198;209;191;253;203;240;253;217;187;120;179;250;148;169;167;158;152;251;213;226;253;253;133;210;248;212;140;191;156;161;252;193;225;243;253;215;186;209;244;118;145;178;245;192;250;241;69;224;251;154;145;156;169;244;253;95;157;248;213;242;150;133;169;233;164;234;225;243;193;122;143;195;221;185;234;250;173;124;136;246;252;132;166;178;167;170;168;167;167;167;163;159;158;151;158;183;153;164;249;167;78;205;215;162;51;59;175;249;229;233;240;186;181;238;241;252;190;128;204;248;130;10;106;236;172;150;120;130;88;52;70;175;70;178;167;153;146;131;250;239;222;250;237;171;150;245;209
178;251;248;238;217;220;216;244;234;88;141;93;192;158;169;166;164;187;168;218;115;175;244;198;158;176;177;174;174;164;163;190;166;183;173;166;177;198;200;224;233;227;200;176;116;37;7;1;18;67;123;180;204;209;70;125;118;146;112;140;140;207;29;52;50;74;49;143;184;86;38;163;154;170;153;81;115;166;84;98;138;163;141;128;141;136;135;89;4;65;226;254;205;193;189;195;200;238;236;249;236;178;108;67;29;67;83;201;93;71;124;79;90;90;99;121;34;113;115;210;208;178;162;236;213;199;194;193;226;162;76;234;190;185;166;250;251;15;189;239;252;188;75;134;139;137;131;163;127;177;190;67;102;115;230;197;187;233;251;239;225;72;116;157;175;177;172;198;209;181;187;213;204;178;169;166;142;231;175;167;224;217;187;109;147;21;8;61;116;108;131;122;39;34;14;27;49;85;114;129;114;87;89;58;41;87;135;140;128;116;82;100;56;26;20;36;71;94;136;172;185;182;170;155;143;146;149;120;148;201;208;217;215;211;210;202;186;203;162;67;142;53;116;144;115;86;115;181;245;123;128;151;154;164;149;185;237;168;63;166;181;45;228;214;66;128;142;126;114;135;141;120;104;167;216;249;205;122;133;82;39;13;26;59;90;100;114;117;127;126;112;105;114;111;106;115;125;100;74;97;238;242;157;48;110;103;92;36;7;13;58;157;198;252;221;20;245;248;158;162;236;148;168;161;71;183;251;246;236;251;230;160;141;244;250;145;165;181;167;163;249;198;230;253;246;132;206;249;214;140;182;148;149;250;180;236;248;216;215;210;195;240;121;123;166;248;190;246;250;155;215;244;165;142;149;172;250;246;97;157;248;216;252;160;131;165;237;172;240;222;243;196;129;146;191;222;195;238;248;176;126;158;223;241;138;150;181;176;169;163;164;167;165;161;161;162;173;157;179;139;184;241;169;25;164;179;242;222;102;22;175;248;245;240;249;219;195;228;198;250;250;216;76;10;99;197;182;161;112;124;171;91;34;85;168;65;168;138;171;141;141;253;215;227;229;246;248;202;124;221
167;192;200;231;238;246;247;243;227;64;134;109;188;165;173;171;185;181;157;218;99;184;251;200;123;174;185;172;175;179;154;170;176;177;178;178;176;174;171;169;171;179;182;190;217;239;220;182;130;76;18;3;9;43;38;135;147;123;124;163;188;165;5;73;60;67;74;138;140;138;134;185;136;111;87;46;39;151;46;26;134;153;122;142;140;123;115;28;78;250;232;170;187;202;185;198;194;187;176;183;193;222;237;243;232;183;166;142;59;78;148;88;93;79;89;116;51;139;109;196;211;195;230;181;178;208;202;173;238;136;60;247;168;183;182;234;248;40;175;244;247;177;104;164;151;149;149;132;154;120;197;192;154;97;124;253;195;90;107;217;173;42;107;163;175;158;165;196;215;174;194;202;192;188;177;206;210;211;139;143;230;193;183;187;197;13;41;134;178;161;193;191;51;112;74;79;74;54;41;24;72;119;157;120;142;106;61;49;87;111;118;141;129;187;154;130;73;15;52;41;56;157;142;144;132;141;166;115;60;74;91;106;121;110;107;149;197;199;122;114;39;54;142;183;180;73;173;220;42;128;147;142;161;136;198;200;36;7;10;131;100;6;136;81;94;126;131;131;123;126;126;133;107;186;217;202;238;156;115;92;81;123;98;40;59;81;87;93;84;91;119;111;120;129;131;147;151;120;161;158;10;18;9;38;32;52;65;95;79;47;13;10;107;147;217;54;217;186;126;246;224;143;185;163;50;187;230;201;235;249;223;182;147;246;243;150;173;180;153;147;252;194;225;247;247;129;215;247;216;148;179;138;129;248;196;240;240;253;224;186;197;241;131;115;173;250;179;249;249;133;227;246;153;175;100;131;252;253;97;151;240;214;248;145;126;163;242;165;246;221;246;198;140;158;186;203;199;236;248;184;136;158;230;250;125;157;177;167;169;153;157;172;173;172;172;166;155;159;184;132;184;248;226;121;97;82;126;162;197;130;157;186;182;240;249;237;221;239;190;227;254;92;3;119;157;152;172;140;111;124;167;85;25;139;134;93;188;91;184;133;131;255;214;234;219;220;219;252;244;154
167;170;159;184;173;182;187;242;216;123;102;74;141;136;152;173;177;186;172;213;108;176;239;180;149;177;182;178;179;178;160;177;175;174;174;174;174;175;175;175;175;170;171;176;176;175;183;196;203;221;228;187;132;2;12;147;132;123;151;154;187;89;9;83;38;101;46;163;135;135;149;147;113;127;133;67;45;156;93;133;151;130;138;146;116;109;72;63;250;208;173;204;195;192;202;197;193;195;195;197;183;183;181;183;197;205;217;237;72;79;126;91;76;105;98;117;56;125;103;226;246;196;191;187;195;197;191;197;212;163;115;239;192;159;186;253;239;37;207;249;245;164;141;153;151;163;160;163;168;151;187;161;82;131;92;103;198;218;130;145;81;58;47;193;177;159;156;198;197;176;184;218;190;181;189;158;90;15;15;35;33;46;21;50;69;68;68;115;155;143;173;165;49;140;86;88;105;55;6;35;102;108;167;170;172;79;32;41;7;6;19;35;27;50;72;107;132;126;176;111;100;222;207;185;193;166;179;188;102;99;89;102;83;120;75;109;219;174;139;130;145;181;139;124;172;199;230;245;157;93;159;141;145;184;173;6;29;154;91;63;140;146;164;165;102;131;124;123;123;134;141;103;96;188;244;171;109;146;146;112;131;177;139;82;144;168;162;173;174;175;190;187;201;206;198;199;188;158;245;225;44;110;127;142;138;146;133;136;107;180;79;168;247;241;220;45;222;206;150;246;237;134;184;192;204;193;250;186;225;249;227;203;141;224;251;150;157;180;171;156;247;201;232;252;249;123;204;244;207;139;191;143;150;244;215;238;248;250;228;204;210;239;127;133;167;246;206;245;251;141;217;249;156;171;132;157;245;244;104;146;248;224;246;166;138;164;238;166;236;221;246;198;139;140;198;203;201;248;251;170;126;143;226;251;130;157;173;164;171;155;155;159;151;144;137;126;129;146;178;141;177;241;247;239;246;177;79;176;245;139;128;136;94;44;120;249;251;248;244;252;22;2;172;163;115;90;113;157;120;124;158;76;40;128;92;139;185;85;198;160;124;248;248;219;232;229;226;220;236;248
86;75;153;152;120;195;153;149;200;214;240;223;199;181;164;153;153;168;168;206;86;193;213;163;166;175;178;176;177;176;168;178;176;176;174;174;173;174;175;176;181;173;171;176;179;175;172;173;178;167;176;184;215;188;36;120;139;106;153;160;198;15;8;94;22;109;24;188;136;130;127;96;73;107;117;177;161;167;106;141;129;113;157;121;121;127;60;228;209;198;177;196;198;190;185;201;195;192;192;197;192;193;190;188;189;187;178;236;47;81;122;92;93;82;105;115;55;133;108;69;178;213;245;253;225;196;182;190;201;195;193;251;245;244;247;254;254;85;80;244;247;194;159;201;182;187;187;175;199;168;230;159;56;205;206;185;234;252;255;251;62;62;140;77;166;162;168;196;206;192;196;203;187;182;178;121;34;70;113;160;104;23;55;104;50;86;48;120;161;147;176;171;135;119;65;118;107;69;34;16;132;126;168;166;197;112;62;90;75;52;93;72;52;43;6;51;169;141;128;79;104;226;163;172;174;169;176;201;80;121;125;120;113;143;98;134;222;147;170;149;153;210;238;154;129;201;127;175;218;104;152;152;160;211;17;43;216;212;205;242;245;247;244;122;92;141;122;120;130;123;133;114;54;93;253;239;112;164;141;94;84;128;139;96;121;144;161;146;152;154;155;151;163;169;173;173;178;127;246;228;26;112;122;125;127;112;139;99;80;214;225;242;239;242;198;45;220;196;144;232;237;129;170;172;158;160;248;213;250;236;251;82;82;224;250;149;168;178;165;154;251;202;231;248;235;104;219;252;207;138;185;169;158;247;197;234;245;252;235;195;203;245;115;122;154;242;216;243;247;140;208;250;157;167;148;173;248;253;102;141;252;251;252;147;125;143;241;179;239;230;239;204;139;140;216;203;209;239;241;186;136;140;224;249;131;155;171;169;173;165;167;172;169;169;165;155;167;173;178;144;190;250;215;210;248;246;251;243;245;103;129;161;243;229;46;19;141;243;249;92;26;154;214;202;155;141;117;96;104;128;134;57;47;120;104;176;150;106;199;169;139;216;223;247;230;210;226;228;221;236
215;79;121;23;143;54;7;58;156;117;208;142;224;214;223;230;223;191;207;215;83;194;215;166;176;170;174;181;185;172;164;168;176;176;176;175;175;175;174;174;176;180;179;174;175;181;178;171;167;171;167;170;182;180;18;130;149;90;150;181;194;2;11;100;28;95;32;181;150;156;138;118;84;98;111;148;131;122;119;125;109;155;117;110;173;78;163;244;184;185;194;198;186;204;202;185;202;192;185;186;189;196;193;184;192;183;180;248;60;92;129;80;88;99;108;124;63;117;239;150;62;27;19;87;187;253;254;232;252;234;2;2;14;33;1;1;55;78;4;54;123;23;7;5;4;7;4;6;10;22;35;32;4;2;1;9;10;0;5;0;6;11;224;73;137;185;177;192;206;167;192;200;208;176;165;107;154;159;92;195;201;81;179;197;44;74;47;129;151;154;178;159;141;129;50;111;112;71;37;22;140;132;164;151;187;117;35;57;63;56;93;63;52;73;8;90;183;131;155;146;91;223;173;179;176;176;177;205;69;112;138;147;145;127;94;142;210;166;181;134;11;24;12;12;23;19;15;78;143;122;150;135;191;123;35;128;138;197;103;65;104;85;154;119;120;143;146;84;81;106;84;139;94;110;252;232;108;160;132;117;98;146;142;103;135;153;156;156;157;171;171;172;174;171;175;171;192;129;244;219;12;76;53;56;67;72;35;101;150;144;219;237;223;229;190;50;229;194;143;231;243;194;108;179;167;178;249;206;244;253;232;87;140;195;229;176;145;183;184;170;252;187;213;249;244;161;134;245;214;131;163;144;134;252;177;238;249;233;239;146;206;245;122;137;167;246;204;246;252;144;214;249;160;162;133;166;250;243;99;165;247;158;226;162;146;171;237;157;232;224;243;207;119;162;242;192;191;247;248;181;148;144;223;248;133;156;170;172;164;163;166;168;170;175;174;165;163;180;190;145;185;251;211;216;250;223;238;218;250;132;63;140;153;224;220;90;116;250;82;219;245;249;130;146;179;166;155;121;97;103;131;48;60;159;135;132;93;132;181;148;114;253;182;172;236;252;225;199;230;221
137;84;217;52;196;192;106;166;51;91;59;89;123;98;133;168;135;203;164;200;214;164;174;184;220;201;181;170;179;163;167;178;174;174;174;175;175;176;177;177;174;174;175;175;174;174;177;181;177;183;172;177;180;168;33;154;134;93;172;191;156;4;25;100;32;83;29;140;148;145;164;142;114;63;135;171;152;173;131;104;147;142;99;171;146;87;240;200;188;194;196;192;190;194;191;203;192;194;197;192;189;189;187;176;193;185;190;241;53;86;130;79;109;100;91;126;53;138;109;218;254;214;181;93;14;1;60;123;214;124;2;249;223;131;84;119;209;245;245;249;244;46;140;223;156;189;183;209;107;102;230;128;5;82;122;73;119;237;220;223;3;28;235;101;96;187;146;195;218;177;201;207;194;171;175;73;187;90;111;197;84;107;218;107;25;73;57;125;147;157;186;168;92;137;69;119;116;80;53;15;171;128;166;169;179;131;65;110;80;93;91;82;83;81;4;90;181;125;182;172;82;216;181;178;181;166;164;198;94;98;97;92;117;122;90;133;214;166;116;94;31;105;146;110;53;6;63;200;140;148;149;153;207;48;27;90;14;11;29;10;70;66;76;130;132;162;44;8;26;9;18;69;39;248;249;155;129;156;136;118;115;140;120;110;148;158;144;157;154;172;170;175;176;173;176;169;172;129;250;228;37;120;112;119;112;112;78;235;242;231;187;236;248;235;198;43;220;184;134;234;251;101;62;197;151;182;246;184;247;251;234;191;167;230;220;155;172;193;133;120;247;251;245;250;250;143;177;249;219;131;182;170;147;244;224;230;249;252;239;183;204;238;130;121;133;245;192;230;249;150;210;249;172;164;138;173;252;252;105;151;252;129;219;177;138;68;211;181;230;206;227;213;139;138;221;221;201;235;246;182;139;144;221;249;140;161;168;166;167;170;170;166;167;173;173;165;172;163;176;138;184;249;213;218;250;229;233;227;237;247;194;136;73;56;176;231;234;83;78;139;196;247;246;175;145;187;185;160;122;141;106;21;102;158;170;216;79;88;157;159;116;238;253;240;151;188;245;242;220;217
172;20;108;83;103;132;76;243;134;194;95;186;88;61;168;25;155;84;114;163;106;155;86;42;15;121;192;182;182;159;167;181;178;177;174;173;173;175;177;179;178;173;172;178;184;184;179;175;173;171;179;176;171;192;21;146;118;99;185;187;125;4;32;90;45;93;24;158;172;108;180;137;109;67;133;134;89;135;163;118;140;118;123;201;65;153;225;182;197;195;192;195;203;202;188;189;189;192;198;192;191;192;198;194;188;181;185;236;59;107;137;80;93;99;107;121;56;133;123;188;211;185;240;247;246;204;135;62;14;1;17;152;49;188;255;245;245;208;218;248;244;73;123;85;109;113;235;120;113;133;2;10;28;239;227;247;224;161;247;247;4;106;241;145;139;173;179;195;209;180;201;199;177;193;172;81;195;117;144;189;95;161;213;28;74;94;57;139;162;142;183;169;84;147;72;116;135;96;55;11;159;134;166;173;178;139;67;100;123;118;100;69;78;80;2;99;194;126;131;81;103;224;161;176;166;174;183;188;100;95;110;124;121;152;108;153;226;137;82;137;140;79;169;180;146;153;131;145;141;156;137;180;177;12;85;60;107;50;49;147;199;151;149;130;175;64;12;70;87;83;109;136;50;130;250;162;130;168;145;122;115;101;115;145;142;147;147;138;154;174;173;175;171;174;181;182;173;122;248;219;28;111;112;109;120;146;51;242;246;181;197;234;247;231;214;51;217;187;135;243;247;60;114;193;172;172;244;203;250;251;225;131;125;251;220;144;164;189;64;131;244;191;227;250;241;85;210;249;198;142;171;170;154;247;210;226;238;240;238;206;205;247;136;116;133;252;191;243;247;156;198;246;173;156;150;176;248;247;95;164;251;120;156;184;152;129;245;152;233;253;249;198;138;154;224;216;191;244;251;173;133;156;221;250;139;162;166;162;157;163;164;162;166;175;178;174;184;167;184;145;187;246;213;207;252;228;226;236;232;222;250;248;202;199;248;246;73;105;198;190;31;83;230;247;181;146;155;175;159;143;102;11;124;174;160;192;75;113;136;158;136;239;182;207;249;201;155;223;245;228
189;72;170;96;93;139;15;164;34;109;88;133;150;150;231;74;238;110;85;108;14;117;12;147;1;144;208;163;177;170;172;170;180;178;176;173;173;174;176;177;176;179;177;173;173;178;180;177;188;175;174;171;184;172;29;158;115;112;178;187;126;2;32;81;46;85;10;195;177;80;175;124;128;64;156;171;73;2;66;115;151;102;154;161;119;253;247;196;187;185;183;191;198;190;192;204;201;192;192;186;185;181;188;189;192;188;191;229;52;108;132;88;96;92;119;120;77;144;111;209;217;166;196;193;203;211;240;253;250;116;106;39;51;112;114;126;224;252;160;206;247;135;45;111;105;114;24;4;100;58;95;183;119;0;27;130;228;130;180;253;2;126;241;151;142;167;160;189;213;169;194;212;189;185;135;88;234;174;173;143;166;221;191;41;56;81;59;145;161;144;192;171;97;135;75;116;127;81;46;21;155;157;167;167;183;144;72;70;54;65;109;87;87;100;2;115;191;137;156;72;115;234;181;185;183;175;177;182;108;87;78;88;76;93;61;155;218;121;64;131;162;53;183;112;42;118;167;174;128;150;128;197;107;19;105;78;73;24;55;107;137;135;111;151;116;27;120;195;171;135;137;187;84;120;243;140;131;180;133;131;124;122;119;131;147;154;148;145;161;181;183;183;173;173;169;169;177;113;246;221;47;126;119;120;123;124;95;226;246;178;195;240;246;228;213;50;210;200;141;240;248;133;92;191;150;170;252;197;227;249;226;163;169;234;251;153;148;197;184;185;249;205;201;246;253;117;197;247;237;118;175;171;158;247;198;239;246;247;220;192;198;238;120;146;169;248;180;249;253;157;203;247;162;145;145;159;252;251;94;177;249;165;142;156;143;162;234;178;235;194;243;211;130;157;230;208;184;244;251;176;133;177;227;249;133;161;167;165;157;164;164;161;165;171;172;171;152;144;156;122;176;253;228;213;242;236;230;235;228;211;207;250;252;247;241;40;40;167;160;241;240;93;64;247;247;240;182;160;114;180;107;30;160;158;153;143;80;81;74;86;116;253;249;206;178;243;249;177;157;234
214;64;140;165;100;211;58;177;86;133;105;51;137;52;130;72;169;104;149;182;88;136;3;98;12;157;203;149;172;161;163;172;175;175;175;175;176;177;177;178;178;176;175;178;181;181;177;173;171;180;181;176;184;166;31;165;112;133;176;194;135;3;37;79;56;82;7;201;144;70;163;116;143;69;150;147;62;150;83;115;144;83;176;168;112;122;197;236;253;252;232;209;192;179;181;180;195;188;198;202;202;187;192;195;189;187;197;225;54;104;124;87;91;98;104;124;59;141;124;203;205;171;202;199;197;182;190;193;222;33;196;241;254;252;94;207;159;147;218;7;233;184;198;65;7;206;9;4;59;189;105;4;240;34;253;64;143;190;152;255;5;168;221;55;186;186;167;201;216;180;193;215;184;180;172;97;206;202;168;172;181;88;116;90;58;94;75;140;158;152;182;170;97;122;89;126;121;80;49;27;165;148;158;182;188;131;89;71;92;86;108;101;82;92;5;117;179;126;177;99;112;214;169;174;174;177;177;169;92;99;112;138;120;113;68;165;207;154;100;155;147;84;211;118;114;123;158;147;132;143;148;198;60;65;92;50;51;68;64;105;153;138;127;162;74;46;56;73;73;44;76;58;134;204;242;169;104;162;139;131;114;150;135;110;144;154;146;155;174;178;169;167;166;177;168;164;171;116;250;212;55;134;117;129;122;147;62;241;245;173;201;237;242;235;221;57;201;202;145;242;244;82;133;159;137;168;247;205;239;253;245;153;128;239;226;166;155;172;181;151;240;197;214;250;238;39;159;249;219;155;150;174;145;236;184;224;252;245;237;202;196;239;114;147;150;243;201;233;253;139;212;250;159;156;147;162;237;246;103;158;253;234;218;151;134;154;235;167;236;228;241;202;139;113;210;232;197;228;245;186;126;188;231;252;132;161;169;167;162;169;167;160;160;161;158;157;160;166;180;148;186;248;215;205;240;219;231;236;231;235;216;240;243;198;104;220;161;113;98;60;143;215;132;165;160;192;237;214;119;177;86;88;208;102;102;126;62;66;231;103;71;254;226;245;241;185;181;251;233;160
200;56;151;166;40;236;40;208;120;118;82;181;133;94;190;61;118;144;36;160;37;73;23;93;1;176;249;231;213;201;189;167;170;172;175;174;171;175;179;175;178;174;172;174;178;180;178;177;167;172;178;182;181;161;26;156;102;154;176;184;121;4;42;78;57;94;5;203;118;78;168;124;136;94;141;141;64;226;100;120;122;87;181;161;154;76;13;1;22;77;157;223;252;250;238;230;199;182;176;183;187;189;190;188;187;197;193;229;50;104;123;95;96;96;112;127;70;143;128;209;206;184;199;195;194;195;182;216;164;4;224;158;108;39;199;121;252;202;248;72;86;138;156;180;189;96;4;138;216;159;180;225;252;169;169;112;212;98;217;255;2;197;246;166;175;164;168;182;213;185;177;209;181;173;221;116;196;205;169;166;220;189;217;79;41;90;86;140;162;171;194;184;123;128;96;120;120;92;65;6;156;155;157;170;191;130;94;44;78;91;103;88;91;102;3;108;197;152;148;79;111;228;161;188;174;176;169;174;122;130;133;128;129;120;45;177;222;153;103;210;199;138;185;160;190;145;166;149;139;153;155;190;56;122;89;74;77;77;72;102;147;121;155;131;16;42;59;85;90;114;110;27;216;226;217;250;205;135;131;145;115;167;137;103;142;143;150;164;172;170;170;159;166;178;177;205;190;120;245;210;47;127;109;122;118;139;66;234;249;172;202;238;236;226;229;78;208;221;138;223;249;135;119;173;188;170;252;200;233;243;244;149;147;244;247;229;101;164;171;163;248;201;214;253;252;170;143;229;222;125;172;186;174;247;251;221;253;242;213;201;204;244;122;135;135;250;203;240;247;146;199;249;158;157;150;146;250;248;112;150;249;207;247;160;128;164;241;152;228;237;230;220;139;113;221;211;179;239;251;172;118;187;223;252;137;164;176;166;162;162;162;162;162;163;163;163;152;157;187;146;176;251;219;206;247;227;177;229;245;210;223;250;187;85;248;248;251;247;194;136;232;248;116;133;166;98;51;146;192;157;123;61;79;135;156;94;32;161;240;145;81;245;241;215;232;247;230;184;214;247
220;74;154;163;55;236;48;195;115;121;92;164;109;113;183;76;148;134;84;175;4;117;52;26;5;47;22;52;116;148;189;235;243;226;208;191;174;167;168;169;169;168;171;179;181;177;178;183;171;178;170;186;189;172;42;155;90;155;147;170;114;2;45;91;36;100;4;180;125;62;178;110;154;112;141;117;68;220;99;129;98;91;202;130;181;244;255;199;144;95;43;23;35;74;137;192;247;252;252;234;206;196;193;183;182;196;197;225;52;97;121;108;83;94;111;114;64;141;133;210;202;184;196;195;197;200;192;220;178;2;153;251;2;5;255;99;182;194;243;201;150;136;61;117;69;4;151;215;169;94;157;253;231;254;114;150;86;153;103;211;28;166;152;105;211;174;173;205;219;186;209;204;208;152;97;53;179;213;165;164;152;73;188;103;58;109;101;134;134;131;148;134;124;128;88;123;119;93;72;30;166;148;169;183;192;125;103;99;95;106;119;86;100;107;5;114;201;129;158;108;103;230;193;190;191;199;193;182;105;112;132;141;131;130;64;162;211;173;95;133;197;171;169;150;60;97;189;164;158;153;171;171;80;144;69;60;75;53;75;113;142;136;167;75;28;81;50;69;101;96;115;70;56;236;193;234;252;183;122;145;121;155;158;105;137;155;147;178;186;154;167;178;201;218;153;111;178;114;247;229;67;140;102;132;126;126;74;239;245;177;168;243;248;223;211;65;202;221;146;238;251;120;135;145;160;164;245;186;252;244;252;168;129;234;243;142;13;159;195;164;242;208;219;247;243;156;164;196;226;134;197;87;56;244;253;249;225;249;226;193;194;237;110;146;147;242;195;242;253;168;216;250;174;169;121;140;247;249;105;154;253;212;245;146;129;145;242;151;218;220;239;209;127;158;243;170;187;250;238;187;128;183;230;249;137;162;171;170;165;170;176;178;175;170;166;164;159;163;187;146;182;249;216;195;253;242;214;240;222;231;251;189;96;250;249;220;185;252;252;252;249;244;104;129;208;249;192;90;146;157;61;59;56;57;127;133;131;197;221;111;95;254;220;228;226;213;242;243;203;189
205;56;163;161;47;242;61;206;119;113;73;177;85;139;172;77;193;95;85;160;6;167;48;44;1;173;182;106;46;16;6;2;44;88;144;187;219;239;230;205;189;182;167;157;165;179;180;170;177;179;176;191;180;159;28;144;95;152;144;162;119;4;46;83;51;84;5;173;133;70;165;109;159;94;158;132;59;208;84;156;81;114;196;90;200;206;190;226;247;254;253;226;189;142;76;20;6;33;99;167;202;222;239;244;223;208;192;226;43;97;121;108;113;93;100;125;89;145;120;215;203;191;196;195;194;192;186;200;200;5;3;214;246;143;179;253;211;253;148;249;188;102;247;148;18;174;188;137;145;178;84;96;138;194;255;248;251;255;38;0;2;19;8;102;141;185;168;189;210;178;191;208;205;158;150;69;95;209;186;156;105;92;228;103;74;122;111;139;152;167;188;164;114;129;88;127;120;91;69;28;182;147;175;181;188;124;90;92;90;105;124;75;106;111;6;120;207;139;166;106;91;204;165;163;166;165;163;164;97;109;123;114;122;124;70;159;201;167;121;157;198;167;166;169;186;179;166;142;162;148;177;189;97;113;44;73;74;58;75;108;151;147;146;35;60;77;96;84;85;98;93;111;30;181;228;219;248;181;115;151;116;164;156;106;149;156;142;186;180;158;182;204;162;67;40;79;76;92;125;79;97;132;130;125;112;148;72;228;245;178;178;235;226;224;223;69;209;228;137;237;245;121;124;147;169;169;249;193;241;236;242;176;140;233;252;161;73;189;181;153;247;208;213;253;241;130;154;249;217;123;181;162;144;233;180;217;241;252;231;204;195;246;115;136;149;252;193;237;248;157;196;240;179;178;123;140;250;253;109;144;244;220;244;146;130;147;243;161;230;218;236;207;131;139;234;224;206;230;244;191;125;173;237;247;142;165;170;177;174;172;170;167;165;164;163;163;163;157;183;150;186;251;235;192;218;252;202;231;226;253;137;106;253;242;237;236;194;251;234;234;205;246;155;101;100;103;201;234;170;135;30;54;71;46;66;105;102;170;187;81;121;251;224;219;234;217;216;230;238;243
224;58;176;162;58;247;63;198;120;127;71;199;79;100;191;56;137;107;96;153;4;134;29;36;7;189;213;216;233;229;198;163;126;62;11;3;8;31;88;145;189;222;245;235;212;196;183;171;170;167;177;166;187;185;16;179;77;183;251;229;119;2;5;62;57;111;3;170;137;60;152;128;99;62;143;148;47;217;96;127;88;119;197;94;204;204;186;187;179;181;188;201;219;236;248;253;220;156;89;43;22;40;77;97;159;205;249;245;31;88;132;91;105;101;106;118;77;161;120;215;194;189;193;198;198;196;193;195;213;1;53;185;252;229;123;142;164;127;198;248;252;90;62;42;163;174;145;135;136;172;214;189;123;85;33;92;121;213;148;11;34;2;80;204;74;193;178;192;218;185;195;214;192;157;128;115;140;124;198;196;171;136;205;78;92;114;105;150;166;166;188;181;131;139;90;126;122;86;75;37;178;148;175;171;191;144;101;73;74;100;120;69;109;118;3;124;188;145;161;92;99;208;163;176;165;161;167;173;98;108;130;127;127;139;72;150;221;201;172;172;213;172;167;175;102;190;169;111;151;152;174;174;100;118;41;80;79;68;73;123;172;140;130;94;41;163;137;118;80;103;118;128;68;106;223;229;249;179;101;161;128;166;160;116;154;143;168;189;171;156;207;140;19;102;205;212;182;207;240;93;121;114;135;132;124;138;46;234;246;123;179;245;243;227;196;52;199;220;142;234;242;128;140;142;157;157;248;195;236;253;251;165;136;228;246;160;60;166;157;145;248;210;214;251;249;145;168;250;199;136;168;177;159;246;213;225;253;247;223;180;199;236;120;149;148;245;189;243;253;148;232;248;173;156;172;161;239;252;123;139;233;228;240;146;124;152;242;161;225;232;243;200;124;160;228;187;222;244;250;180;113;173;239;249;145;168;171;175;187;175;163;159;165;172;175;174;167;152;180;147;173;244;240;175;233;213;191;248;249;143;120;249;205;232;231;232;229;247;233;241;222;232;248;249;177;88;196;242;165;195;44;14;52;57;68;70;51;63;81;70;131;243;206;221;214;219;236;223;218;229
234;60;165;155;52;235;54;213;124;137;69;205;61;122;184;49;180;94;67;147;9;126;50;59;0;184;180;162;163;174;189;194;228;236;238;219;181;132;72;22;4;3;25;77;139;187;216;229;232;222;203;197;190;161;19;75;20;72;192;212;19;6;132;98;86;71;3;177;149;52;152;152;94;52;150;140;52;235;77;135;81;130;189;111;216;196;188;196;204;193;188;193;189;182;189;205;205;229;254;253;236;213;165;109;55;19;88;169;42;72;127;110;94;106;111;118;73;183;125;212;204;199;199;201;195;190;186;178;231;21;177;89;134;250;249;227;235;251;252;253;215;7;109;175;165;133;141;158;153;116;166;252;243;241;228;178;121;102;156;27;5;8;179;206;85;178;178;186;212;180;192;206;195;198;95;175;161;108;222;130;94;181;162;31;90;123;121;148;157;164;185;166;134;133;87;128;134;81;78;35;166;152;176;171;193;142;113;82;77;110;121;77;114;126;2;129;189;147;171;105;113;229;194;195;198;191;195;190;94;94;128;141;127;147;97;157;223;164;121;130;130;191;166;141;111;149;163;133;165;157;191;146;99;134;38;77;79;71;77;126;157;130;99;54;86;236;78;69;103;94;94;98;78;62;242;229;244;197;102;155;135;182;166;110;135;153;170;168;165;187;166;19;41;195;103;72;102;32;156;132;120;133;122;101;105;103;80;127;235;166;179;244;226;246;183;61;234;209;120;246;248;128;124;185;150;170;247;188;231;239;249;169;138;239;248;160;86;175;172;156;243;201;217;252;248;150;175;248;229;153;183;158;139;243;209;235;248;241;221;178;249;238;118;158;152;245;186;215;250;170;136;234;195;126;155;140;244;253;112;126;220;217;246;161;141;116;215;169;226;214;237;208;135;152;230;196;210;226;217;199;111;190;237;251;137;163;170;168;162;156;152;156;165;170;168;163;167;167;187;148;182;248;241;181;239;226;191;250;118;98;252;250;230;224;239;232;211;242;233;245;211;228;209;241;252;247;252;247;143;55;101;172;164;176;104;29;65;93;102;41;110;249;251;214;227;217;235;218;224;226
231;67;213;148;114;233;29;230;116;118;58;182;78;144;166;41;187;78;81;145;3;138;48;41;1;192;175;165;162;161;163;153;163;170;176;181;197;225;236;228;215;182;130;74;26;2;5;20;64;118;178;208;247;176;44;195;168;87;183;254;163;38;84;125;63;2;16;162;164;56;136;165;97;62;135;128;83;214;68;142;75;144;185;123;219;190;186;193;186;198;201;193;192;197;194;182;188;185;183;184;194;214;235;244;243;221;189;177;51;105;123;105;119;108;106;119;76;160;125;234;201;193;197;199;194;192;190;184;209;66;1;78;135;110;181;232;233;178;158;144;111;103;209;133;116;136;144;120;146;123;186;223;190;207;222;216;243;254;204;29;83;88;223;212;135;178;185;182;221;193;191;210;192;200;107;205;165;145;217;140;127;239;125;49;101;89;81;139;170;164;184;182;117;127;88;123;132;84;83;11;168;155;174;179;199;122;100;84;84;120;118;85;116;128;2;136;189;144;167;99;106;216;180;171;167;167;182;188;95;85;102;104;113;113;88;154;216;117;93;171;114;201;168;113;135;111;159;168;157;137;198;146;94;125;85;82;59;62;74;116;153;150;118;64;140;243;169;84;123;109;107;123;80;30;233;242;252;225;153;194;157;113;160;127;152;174;152;166;155;176;108;75;51;155;121;84;105;99;112;123;150;144;84;90;67;65;172;184;212;217;183;246;237;234;157;67;216;202;158;217;244;117;140;145;177;175;238;200;250;234;248;173;139;237;247;173;118;161;165;164;252;204;216;249;251;135;182;242;238;92;87;200;128;246;200;235;249;237;240;184;247;242;126;171;134;234;252;252;253;167;166;251;183;148;152;158;231;253;106;148;250;216;245;147;135;130;235;149;228;227;243;195;131;155;225;200;210;248;249;172;115;204;231;249;128;160;172;167;155;158;164;170;173;171;166;162;149;172;179;136;189;249;222;190;233;247;236;131;136;251;200;247;253;221;231;230;204;234;243;244;225;228;205;235;245;223;213;253;149;111;172;197;168;157;211;133;6;98;169;84;37;206;227;248;234;205;228;228;225;237
225;42;192;126;87;224;57;215;130;175;60;228;76;138;149;22;164;78;53;141;7;140;53;44;0;197;179;177;162;157;173;178;181;173;168;167;168;171;173;169;183;199;222;241;244;225;190;159;92;32;10;1;15;20;35;125;88;15;74;131;254;129;3;37;11;9;23;138;168;60;108;171;102;43;153;128;95;247;101;127;99;139;143;103;227;197;182;188;201;195;189;187;190;194;196;196;206;198;195;207;213;200;192;201;210;225;250;241;30;45;74;79;65;66;74;78;58;114;119;204;193;182;192;194;187;187;181;175;194;111;97;254;252;176;108;129;20;6;1;167;254;123;127;153;158;148;128;149;139;103;195;228;199;211;194;206;228;123;1;12;42;51;134;191;138;169;179;182;211;194;201;213;192;146;82;194;206;185;199;160;207;216;148;68;110;107;97;133;162;172;192;173;130;139;89;120;123;88;98;18;173;159;175;180;208;126;98;87;83;118;110;87;119;123;2;140;194;152;168;102;121;222;183;184;181;180;183;180;96;106;141;153;154;136;75;138;227;139;137;187;123;224;180;80;181;156;153;158;164;153;206;149;89;110;101;48;73;61;80;120;152;118;118;134;66;93;39;26;39;21;51;45;72;60;112;92;30;11;21;58;21;2;56;221;192;216;219;215;211;217;176;89;161;204;194;175;135;136;140;164;128;49;21;26;86;68;23;223;241;187;182;241;243;224;226;67;193;239;140;236;244;108;157;135;101;174;242;194;241;248;252;159;127;235;247;169;121;154;165;148;243;204;221;251;249;137;173;249;221;38;129;189;149;246;202;236;253;231;241;189;203;245;122;40;65;244;207;242;242;174;219;236;179;142;169;147;237;252;111;142;250;220;244;151;132;149;247;136;228;233;233;195;125;175;224;218;223;147;195;199;114;202;225;249;132;164;174;169;166;167;169;170;169;169;168;168;162;178;182;144;192;249;215;199;238;253;98;128;250;238;185;215;211;236;234;243;207;239;211;219;234;234;218;237;242;227;218;251;148;103;167;162;190;172;192;175;99;61;158;127;44;146;112;152;221;249;231;210;212;225
217;108;242;101;179;188;95;200;74;115;30;196;44;170;166;46;192;81;36;135;7;137;24;45;0;202;176;170;160;165;177;163;176;176;177;176;177;180;177;167;180;161;146;148;162;180;200;216;243;245;236;222;156;16;30;131;56;170;118;42;54;2;51;33;76;2;18;163;164;92;91;181;135;33;159;142;53;216;131;122;98;155;172;119;219;185;187;209;194;185;186;198;202;194;190;192;189;203;191;172;181;192;183;170;154;166;162;174;146;180;181;189;203;201;213;222;226;210;166;160;150;142;163;172;171;176;170;168;187;221;222;181;166;197;222;205;229;235;241;189;169;184;198;193;182;196;188;185;189;181;167;170;173;170;191;186;200;148;177;190;165;154;143;171;150;168;170;188;201;195;192;201;190;130;121;152;198;175;180;193;194;112;184;92;96;143;156;154;149;163;194;172;143;133;81;137;133;86;97;33;177;168;181;168;201;132;101;86;80;114;106;89;124;120;2;141;209;155;169;105;116;211;176;175;170;176;186;191;121;131;145;136;140;150;73;143;230;135;166;181;160;213;180;144;215;163;138;160;151;149;199;154;110;108;69;79;92;73;103;133;156;108;111;117;247;236;7;105;143;188;216;162;165;92;172;247;232;156;134;123;63;80;115;82;52;61;42;38;29;34;58;56;49;38;72;132;125;133;146;155;59;37;165;139;130;134;173;203;247;215;168;249;224;244;227;68;198;222;126;226;244;161;95;181;136;172;249;196;231;233;250;175;141;237;247;159;124;149;168;149;245;198;212;251;247;146;170;250;241;89;132;176;150;243;208;229;246;241;232;185;198;233;132;162;176;243;201;196;252;149;181;247;188;134;166;157;240;248;126;124;234;226;239;158;127;145;244;123;192;229;235;192;161;145;168;251;223;234;249;196;112;195;225;250;141;170;172;166;171;166;161;161;165;170;173;174;168;162;176;152;185;249;228;212;251;97;140;251;245;226;192;249;204;236;233;238;206;249;237;208;232;229;199;250;249;236;208;252;159;129;152;148;132;165;190;143;139;151;162;154;66;236;247;113;118;227;246;248;220;223
101;71;161;80;99;198;83;227;116;222;109;199;121;113;142;25;151;70;55;131;4;152;37;49;4;199;176;169;164;168;174;173;181;177;176;177;171;173;165;171;187;168;164;174;176;158;163;179;163;168;185;188;216;169;21;73;16;123;182;253;4;55;73;37;64;3;38;161;141;141;89;155;116;77;192;187;42;20;93;116;83;144;239;184;216;186;189;188;194;196;190;184;185;186;182;180;165;160;155;159;156;133;126;147;173;140;161;162;194;199;198;181;183;188;193;190;182;180;193;209;234;219;208;205;199;194;196;202;190;191;208;227;221;205;216;244;245;243;226;231;235;226;223;206;221;218;224;218;205;214;216;191;174;180;180;178;191;211;218;211;211;222;212;197;225;199;182;193;197;201;201;203;202;184;187;172;181;185;160;171;169;147;219;87;92;99;106;151;165;169;204;176;136;137;93;140;132;97;92;27;182;166;174;168;217;132;87;105;84;111;109;99;116;118;4;136;205;146;173;106;111;216;184;191;184;175;184;190;102;107;129;121;122;114;85;164;211;128;132;214;198;202;173;202;177;129;168;154;165;165;212;131;124;88;54;72;58;26;92;125;150;147;74;8;111;237;146;9;67;132;101;72;167;10;142;248;248;197;184;78;5;164;178;83;76;66;65;12;36;23;2;5;3;16;4;67;151;124;148;104;18;126;244;240;233;232;245;127;154;192;159;251;246;235;240;44;175;243;154;201;244;83;91;175;125;186;244;182;245;247;248;180;140;230;253;179;115;149;174;152;243;208;218;249;245;155;151;250;233;66;116;169;145;228;211;228;253;246;237;187;194;241;103;143;137;225;234;225;244;101;162;243;195;147;164;155;234;241;137;125;212;225;246;146;124;131;241;113;196;240;245;202;130;114;203;208;206;235;249;178;109;202;233;247;140;170;168;164;171;168;161;169;176;174;179;170;159;181;182;147;182;240;252;239;88;141;253;232;227;238;195;246;202;234;223;236;210;241;251;230;219;238;215;206;228;244;232;246;136;134;140;151;150;155;199;163;84;125;147;136;99;240;146;180;177;97;88;137;244;248
165;223;176;150;143;106;77;122;120;91;20;159;67;161;163;70;219;69;63;141;3;154;31;35;1;208;187;166;163;179;175;168;180;180;181;170;171;178;178;175;169;172;166;167;168;175;167;166;175;170;170;177;187;157;3;34;101;52;28;135;9;77;36;31;43;9;28;152;150;114;79;186;192;93;182;204;133;3;29;66;37;115;215;180;187;176;183;173;175;186;189;181;175;175;181;188;185;195;203;213;217;206;207;226;230;200;194;168;157;154;154;152;175;172;168;166;168;176;191;202;196;197;194;192;193;190;188;193;205;219;220;206;207;219;212;191;150;158;150;152;153;162;195;209;212;195;203;219;215;211;216;217;215;201;177;158;158;168;165;152;148;128;139;168;131;153;161;146;136;148;146;161;166;159;175;163;169;157;183;162;161;167;163;52;114;99;103;129;172;169;189;168;138;139;90;134;127;97;89;34;173;160;178;177;215;121;83;125;79;107;109;104;123;122;4;130;204;148;178;123;110;216;188;187;187;183;189;184;108;105;131;134;119;126;88;146;220;219;165;159;188;191;179;192;131;199;174;132;163;141;232;107;120;82;71;69;46;47;88;109;146;164;46;40;6;187;242;11;95;91;9;35;180;72;173;206;216;79;129;110;4;136;102;62;55;23;55;45;48;49;48;53;39;36;11;92;152;131;158;56;41;159;209;235;245;185;215;239;214;177;196;207;227;236;240;46;205;233;114;211;250;127;107;174;119;185;241;166;240;249;248;163;136;216;245;162;126;157;179;141;248;207;205;251;245;149;181;247;218;117;143;155;155;236;213;225;245;240;241;195;219;243;81;144;158;227;209;223;253;191;167;195;205;132;186;144;249;251;137;127;185;199;242;160;134;98;236;136;236;232;244;205;126;156;216;233;167;238;252;191;122;200;237;246;136;170;176;163;165;162;166;154;165;174;159;169;158;161;167;125;177;251;240;78;163;252;213;236;232;247;205;242;210;233;227;249;202;193;213;223;236;241;201;224;226;213;223;250;130;131;127;135;157;118;136;170;104;111;129;133;142;247;152;137;149;177;175;177;94;172
202;180;198;210;192;218;216;182;172;103;157;113;103;74;100;17;112;74;53;113;22;164;66;71;3;209;182;170;168;166;158;174;178;183;188;171;175;179;176;164;174;173;167;171;163;172;160;167;180;164;157;187;192;178;18;54;151;210;195;206;2;107;44;33;49;1;27;166;136;49;70;189;182;105;178;198;111;14;92;178;208;179;175;160;159;153;153;143;148;157;164;164;165;171;180;185;180;183;178;177;183;183;181;187;188;197;223;235;228;243;243;249;215;212;209;209;212;212;205;198;196;189;191;214;231;217;203;208;219;212;204;201;202;201;196;190;211;216;211;219;222;215;214;202;209;200;202;209;206;202;204;207;204;212;215;204;191;186;188;191;203;209;220;235;231;231;227;226;221;228;214;205;208;207;203;211;214;238;240;252;247;246;243;190;98;109;139;148;160;165;205;184;131;142;93;134;127;104;84;38;191;167;177;173;210;119;79;129;98;112;102;96;126;130;7;125;208;157;177;114;115;208;187;185;178;174;185;192;104;110;132;129;133;134;88;163;217;169;118;178;201;178;177;199;183;183;145;139;163;153;235;169;128;67;56;77;74;73;93;123;162;140;58;99;8;137;245;38;134;23;34;212;182;130;181;242;210;182;169;86;7;146;98;41;24;25;40;37;32;29;34;43;40;39;5;99;155;130;119;53;196;224;141;134;200;236;244;245;222;200;243;234;161;184;207;44;192;30;24;241;245;87;148;191;162;182;249;187;230;243;242;169;141;226;245;118;104;156;162;141;245;217;207;251;252;146;157;250;223;110;146;154;161;238;212;227;244;239;238;188;208;246;72;132;161;231;199;228;248;174;170;202;192;144;109;56;245;252;138;137;253;243;245;136;160;90;234;114;192;215;233;205;122;155;235;220;153;248;239;195;117;176;231;251;137;159;173;170;174;168;171;183;170;151;150;159;159;180;184;135;210;246;85;149;252;216;212;242;231;233;214;231;207;244;227;239;205;219;231;204;240;244;193;249;246;204;226;248;168;146;127;163;174;152;181;45;83;147;123;121;141;210;173;160;93;180;233;240;113;121
247;246;244;224;187;176;179;172;183;184;219;142;203;127;128;121;50;142;16;104;6;89;42;32;1;211;178;162;167;172;169;175;185;186;182;166;164;173;167;158;186;157;159;169;168;176;167;168;176;169;157;176;196;191;18;65;112;159;106;222;5;78;54;45;60;6;18;154;153;36;74;183;181;125;162;185;155;220;244;230;210;226;221;202;188;211;234;224;230;210;188;176;174;177;172;161;176;187;189;181;172;163;161;167;155;154;152;146;133;156;165;178;180;188;199;212;225;230;222;210;192;221;222;192;188;214;217;192;197;194;191;191;192;194;198;202;205;204;197;201;203;201;203;197;196;204;204;196;196;201;202;197;194;202;210;214;214;215;221;227;218;213;211;191;206;193;206;215;212;211;217;215;214;228;216;223;222;224;215;186;205;255;248;253;249;131;98;131;157;168;182;163;138;158;106;133;125;111;83;46;178;160;176;176;221;135;76;115;109;113;100;90;122;130;13;129;203;163;172;98;137;210;190;192;176;173;189;214;97;124;147;132;140;144;85;158;220;203;175;170;189;199;192;173;174;213;149;148;166;182;193;119;104;54;84;80;68;65;92;121;157;123;99;173;21;98;246;61;43;34;158;142;124;95;177;250;243;210;148;88;10;153;116;45;27;40;32;36;42;31;31;34;41;47;3;102;167;90;151;238;192;170;193;115;71;49;98;195;243;243;242;246;222;249;182;7;251;208;142;214;145;78;100;145;140;164;250;245;247;234;249;175;134;209;239;204;118;158;175;120;240;215;214;250;236;166;159;252;225;92;139;168;152;236;214;235;241;228;235;195;193;246;79;117;157;231;203;229;250;161;195;245;191;145;172;153;244;244;90;125;251;227;223;165;157;86;231;111;160;243;249;213;111;177;232;228;217;250;251;186;105;161;215;251;148;175;175;170;170;190;162;157;169;171;171;173;156;175;172;157;187;124;169;250;239;222;215;230;241;238;209;234;207;247;227;240;210;223;232;200;240;249;190;238;251;212;238;245;158;119;150;121;172;239;237;145;90;129;122;115;160;209;171;243;87;240;216;92;203;149
137;166;197;220;238;243;249;244;225;221;200;203;178;178;158;125;70;109;67;118;47;98;58;2;6;204;174;166;170;166;175;186;176;184;175;167;159;180;163;149;176;150;175;156;150;158;164;152;172;166;159;168;196;170;23;137;137;183;136;227;3;65;55;44;46;1;4;136;176;62;80;149;175;93;148;194;206;235;193;171;171;148;137;191;232;229;225;223;222;215;210;203;195;191;187;179;172;176;176;171;164;159;161;168;159;165;170;169;164;170;165;162;156;156;154;154;163;178;190;195;203;199;202;196;182;187;196;190;182;185;186;186;192;199;198;190;190;195;195;196;193;190;193;194;191;197;197;195;198;197;197;200;201;194;189;190;192;189;186;185;189;190;192;198;195;196;193;193;197;179;199;204;189;212;207;205;214;183;224;248;251;188;77;89;252;250;249;125;127;177;174;161;139;154;102;124;132;128;77;30;173;157;179;177;218;132;67;116;98;107;110;99;119;124;19;139;204;170;181;113;148;213;184;179;192;184;181;184;64;83;96;78;73;98;49;134;190;150;120;140;145;191;175;197;168;187;133;143;148;188;212;148;152;62;61;77;85;64;107;130;149;112;80;186;9;198;245;6;87;170;153;129;166;138;180;245;244;248;162;95;7;156;118;42;31;36;38;38;35;34;39;36;39;44;2;97;176;74;197;220;194;187;96;159;214;205;140;57;64;123;157;205;191;175;198;86;72;247;251;247;214;173;145;107;12;99;251;247;238;234;250;152;145;228;251;134;74;172;148;137;242;202;212;247;242;152;160;242;235;127;128;157;159;235;201;229;243;234;241;203;210;243;86;113;168;228;205;220;252;170;174;247;188;128;193;150;232;247;139;138;251;192;222;160;152;82;228;115;140;203;238;198;112;164;229;182;100;145;247;189;118;208;242;249;127;168;173;182;169;169;180;173;159;176;165;161;159;190;170;194;124;208;244;198;227;232;215;238;230;235;223;231;210;245;226;245;213;216;223;207;243;251;188;200;235;207;241;247;144;138;108;100;142;240;201;170;83;103;140;101;150;245;181;211;99;235;227;132;91;156
177;153;124;130;138;129;152;183;219;242;249;252;247;247;247;231;216;171;136;89;91;76;120;77;7;204;206;177;169;174;177;161;172;183;170;165;157;186;163;143;188;161;192;148;147;152;170;163;170;166;159;168;207;157;16;118;74;138;110;224;24;79;41;53;53;6;12;141;171;78;99;182;147;118;204;200;149;132;137;176;208;218;190;170;169;169;189;197;177;173;183;199;208;213;206;190;193;179;167;166;171;177;179;180;189;192;193;188;189;194;197;196;194;198;199;195;189;184;181;179;180;170;176;186;185;189;187;170;190;184;183;189;192;188;186;188;194;192;189;189;191;193;193;192;193;195;194;193;193;189;187;190;187;189;195;200;200;196;197;202;184;194;184;190;194;199;190;200;193;209;192;207;211;201;213;211;198;251;253;161;1;1;11;20;17;168;253;219;108;134;184;168;148;171;131;132;120;110;71;49;193;163;177;173;211;127;63;130;107;108;118;108;121;126;28;139;197;157;173;126;119;206;178;168;163;163;162;175;150;177;194;188;181;180;157;211;192;146;138;168;138;192;127;126;111;120;150;141;172;172;184;164;206;157;59;77;71;48;116;135;159;114;103;155;4;122;237;21;140;188;193;194;202;146;177;244;230;237;193;74;11;156;137;30;24;41;36;31;28;32;41;38;41;49;4;99;173;119;94;99;216;240;235;194;135;79;111;217;207;120;89;80;119;120;168;168;172;179;204;251;250;247;252;245;241;164;166;199;220;244;245;165;112;227;248;169;89;169;116;97;249;199;214;245;250;146;176;251;231;120;130;162;160;242;200;229;248;240;240;198;215;241;96;109;173;227;213;216;250;172;179;248;166;95;180;141;215;251;127;112;251;248;246;139;165;18;208;93;188;252;245;190;139;151;225;193;108;244;222;148;127;210;219;246;143;183;168;163;169;168;161;170;166;164;159;183;154;137;225;142;159;246;233;187;242;210;210;237;237;225;212;236;209;241;225;240;218;233;233;216;236;243;198;195;229;203;239;249;121;211;140;105;119;127;150;150;149;102;113;120;127;244;192;236;88;229;174;178;132;130
201;213;228;216;209;219;193;163;147;140;139;151;156;171;205;242;251;247;248;252;253;167;107;92;34;128;141;151;168;162;152;160;183;177;158;156;154;178;162;153;185;146;165;123;155;157;161;165;164;176;159;157;198;161;7;1;53;169;86;206;10;62;61;46;54;13;3;127;144;92;100;210;131;169;224;239;202;188;171;175;163;179;193;220;218;185;188;209;195;198;209;203;182;177;188;193;179;182;187;188;185;185;188;188;172;180;182;185;184;181;176;172;182;180;178;177;175;176;180;184;177;183;184;178;175;179;182;181;185;188;186;180;178;182;186;187;181;183;188;188;186;184;181;181;184;187;188;186;185;188;188;185;193;189;186;185;185;183;183;185;200;190;192;188;184;184;192;186;190;187;216;197;213;218;183;225;254;200;2;2;17;103;161;144;71;7;132;254;255;173;170;149;109;122;99;120;137;136;98;77;188;159;176;175;220;142;69;134;126;111;119;111;123;131;34;130;207;160;175;135;114;223;200;198;197;195;188;199;204;207;211;214;215;223;202;201;179;128;153;176;123;225;139;102;187;181;130;144;165;194;183;69;82;83;63;77;91;70;122;110;147;122;152;159;9;150;251;63;90;166;175;165;171;148;174;245;226;226;191;58;19;140;136;36;35;41;29;42;38;37;37;36;39;45;4;93;182;157;39;93;170;155;207;246;241;247;175;115;93;82;148;214;177;199;107;119;161;148;147;168;198;249;247;211;243;246;241;180;183;212;245;57;75;252;241;133;102;167;183;130;235;222;180;251;247;152;163;244;213;101;140;123;134;248;217;237;245;232;232;197;203;243;107;104;171;229;221;219;251;166;174;246;173;59;194;147;220;252;149;100;251;217;232;145;156;48;217;98;157;176;229;184;121;174;246;188;193;250;241;195;170;231;221;249;146;169;171;180;181;177;160;177;165;174;174;143;160;222;160;64;209;245;231;198;245;228;206;244;231;231;221;229;212;236;228;243;215;223;222;227;230;237;212;216;233;207;244;250;105;226;245;75;148;102;84;168;176;112;96;110;130;211;97;169;129;237;209;170;188;138
234;232;230;237;217;213;227;233;235;220;219;207;201;170;152;123;123;147;139;216;236;254;250;254;218;166;109;105;139;136;117;147;173;155;151;169;176;174;152;148;172;158;182;132;163;152;145;166;154;164;149;167;193;167;69;47;191;249;143;191;2;66;67;47;60;1;11;156;138;135;107;131;120;242;228;211;211;232;214;201;203;186;165;183;202;203;189;171;176;167;172;179;178;183;187;178;176;181;186;185;179;181;182;177;181;183;172;175;174;179;176;179;181;177;176;179;180;176;173;173;178;181;173;174;183;174;169;186;180;176;175;179;181;180;181;184;182;176;175;175;180;185;181;180;186;182;183;186;185;184;185;186;178;180;182;184;183;182;185;189;180;181;185;188;192;196;200;200;209;202;202;214;206;200;246;251;108;6;22;82;20;0;41;95;161;196;85;102;245;253;250;236;219;206;151;120;94;74;57;68;188;166;182;168;210;141;69;133;123;107;123;116;122;129;34;125;213;163;169;117;108;213;183;185;184;186;186;197;173;163;173;193;176;177;187;195;195;116;190;188;165;203;158;152;215;148;149;142;171;200;177;110;108;53;66;55;52;33;103;136;180;120;78;127;3;128;243;72;98;170;189;159;178;155;185;248;224;218;188;59;17;148;120;40;38;27;38;35;36;36;36;40;39;42;5;95;173;112;89;196;123;33;57;69;124;204;244;240;242;210;163;150;132;109;111;148;149;195;138;51;54;106;205;237;249;242;234;248;241;208;243;164;98;223;208;62;86;152;193;151;246;245;225;249;250;167;174;252;230;104;147;123;125;244;205;225;247;244;236;187;208;245;108;104;175;230;217;219;250;169;156;249;173;75;182;155;229;241;143;104;248;226;240;131;186;47;212;115;186;238;238;195;123;160;213;229;181;215;248;176;123;196;206;246;147;163;173;171;175;169;171;172;152;171;166;168;210;116;108;167;194;249;223;201;252;243;221;237;228;229;213;229;213;237;230;236;212;231;224;225;241;240;215;223;222;204;250;250;110;199;229;67;79;132;98;102;149;173;116;83;186;208;95;142;156;208;242;195;165;120
218;218;217;234;244;251;240;232;231;234;227;213;214;235;225;218;196;171;133;91;72;64;65;94;148;179;212;227;225;216;211;212;187;166;146;134;129;132;139;142;160;171;191;139;160;153;153;172;133;154;148;165;186;173;143;158;200;188;140;174;20;68;57;40;52;4;16;181;176;176;140;99;243;228;214;209;204;195;196;205;187;174;188;177;174;180;161;170;168;171;177;180;179;174;171;171;172;170;168;169;170;172;173;173;172;172;172;171;172;173;174;174;179;176;174;174;173;173;174;178;173;174;176;176;175;179;179;173;179;179;178;177;177;177;178;178;180;180;179;178;177;177;179;180;181;180;179;179;179;180;181;182;183;182;181;181;178;176;178;182;185;185;186;185;187;192;200;206;192;207;204;202;198;234;250;1;3;133;138;131;156;103;213;249;248;253;252;119;134;253;245;244;247;250;250;254;235;198;139;114;141;136;171;186;218;144;88;127;119;104;131;117;125;135;33;132;211;161;163;133;129;220;180;199;197;180;175;188;181;178;194;190;198;184;181;193;211;134;142;223;181;188;167;219;175;122;135;151;180;202;154;142;152;55;62;56;77;45;103;138;167;108;11;125;128;5;102;156;97;145;166;168;169;162;171;227;237;210;185;60;18;149;126;36;42;32;35;32;41;33;35;41;35;43;1;99;169;137;153;155;182;127;90;58;37;13;33;87;164;234;243;243;237;239;180;176;143;101;64;148;236;135;70;86;110;196;232;247;248;244;251;249;249;236;241;190;139;74;49;33;233;249;252;245;243;158;168;233;218;90;121;151;133;235;201;236;244;244;239;186;216;237;95;104;178;219;203;204;248;180;168;250;165;72;158;142;224;251;143;108;242;217;209;65;180;62;206;116;128;194;247;211;130;97;209;204;170;246;251;204;107;205;188;206;151;169;173;171;168;171;170;174;178;147;162;236;95;92;234;147;179;246;226;199;218;228;209;240;237;236;215;218;204;242;237;235;210;231;224;225;231;243;208;225;226;211;236;250;104;223;213;132;211;80;122;80;94;151;133;99;203;160;58;120;197;143;147;163;157;146
213;216;214;222;220;221;221;234;227;234;244;246;237;235;221;224;221;200;207;196;136;99;99;87;78;62;47;59;82;113;145;153;179;212;228;217;213;211;179;135;149;131;129;90;128;136;146;173;211;204;201;190;196;184;174;159;204;182;124;167;10;78;114;80;54;4;0;165;185;180;138;182;225;221;207;198;200;202;200;200;189;174;176;163;161;168;160;169;170;170;172;173;172;170;171;173;169;168;168;168;170;171;171;170;174;173;173;174;174;173;172;174;177;174;173;174;175;174;174;175;175;176;178;177;176;180;181;175;175;175;175;175;175;175;176;177;173;174;174;174;173;173;174;174;178;177;175;173;171;170;170;170;172;171;173;174;173;171;173;177;170;175;183;188;191;193;196;198;213;191;206;205;197;248;43;81;254;255;155;157;250;252;249;221;213;214;211;253;113;175;244;214;222;220;231;240;235;251;251;251;208;167;148;145;176;121;84;130;138;132;121;116;123;134;42;126;217;144;175;189;102;222;182;183;181;192;191;194;175;164;189;191;192;180;187;196;195;174;108;197;181;188;170;211;103;161;132;150;174;207;131;125;164;134;179;178;170;112;210;156;142;101;50;145;69;3;2;106;124;201;178;169;167;170;166;224;216;181;185;61;15;158;128;46;44;42;38;33;33;35;36;36;36;52;6;103;171;147;161;242;239;177;181;184;150;102;64;42;23;28;64;94;161;187;231;247;237;249;244;204;155;153;143;137;116;103;102;119;169;172;204;247;247;251;251;249;246;242;222;151;129;188;198;253;251;158;122;248;247;85;115;150;125;251;208;234;250;234;242;196;207;251;115;99;177;232;212;218;253;183;164;250;183;91;165;159;224;253;143;88;253;206;206;36;169;67;192;126;197;168;162;231;116;170;212;170;163;223;220;194;108;225;206;235;162;168;162;182;180;168;173;173;157;169;239;101;103;206;191;143;183;250;224;190;234;226;204;234;232;227;229;250;200;230;235;244;212;227;222;224;238;247;207;221;231;224;245;251;120;212;192;117;249;61;64;136;116;107;97;104;180;149;81;151;183;157;182;147;141;148
247;249;241;241;237;233;222;227;225;219;224;229;217;220;220;227;224;217;196;178;160;168;183;159;172;156;138;132;114;93;81;61;57;64;82;112;145;173;194;208;218;212;224;198;198;130;51;13;1;1;0;42;130;114;138;182;241;199;123;171;4;59;52;67;63;6;11;153;174;92;173;215;184;213;217;198;192;192;189;187;194;189;191;187;182;174;159;155;166;164;163;162;160;158;160;164;161;160;159;159;158;157;154;152;157;155;156;162;163;160;161;165;160;158;158;160;161;160;159;159;160;159;161;160;159;163;164;159;156;155;155;155;155;156;157;157;162;163;162;160;157;154;152;150;150;151;153;155;156;158;160;162;162;163;166;168;168;168;169;171;175;178;181;184;188;193;199;203;205;207;218;220;224;237;242;252;71;3;189;251;225;215;204;211;214;221;211;242;246;81;234;245;225;229;206;214;232;213;227;237;248;254;237;201;200;147;92;97;106;124;102;120;155;157;45;130;213;145;188;196;86;210;184;192;190;186;182;195;185;180;202;189;191;190;185;186;201;188;143;206;190;194;167;226;184;166;126;167;178;191;153;138;131;119;130;121;137;58;192;167;143;93;71;105;53;18;24;3;15;114;202;162;163;177;160;223;203;167;198;61;10;163;119;45;35;41;36;30;34;38;37;34;39;53;5;110;199;102;75;219;243;213;221;195;178;194;184;174;147;124;87;24;13;16;34;14;75;130;221;248;249;214;131;92;94;131;172;42;63;131;51;99;144;165;211;244;246;246;246;247;245;170;204;182;240;43;117;248;251;67;151;136;136;245;192;222;245;247;242;186;206;241;130;89;150;243;200;215;251;176;157;251;190;85;150;170;212;250;153;81;250;190;214;94;170;54;202;123;230;229;135;122;123;201;214;186;201;247;234;201;111;202;203;247;165;199;159;169;181;164;186;165;156;242;97;103;220;170;184;146;192;251;227;201;245;223;206;244;239;217;219;245;247;232;219;244;219;228;221;230;231;249;206;216;230;217;234;251;113;231;182;107;252;169;94;87;151;132;70;111;169;130;107;169;151;147;184;109;146;153
188;209;218;231;241;248;244;244;243;242;242;237;217;219;215;206;203;203;176;169;185;188;186;187;198;190;187;186;186;181;169;162;164;137;114;94;68;53;52;52;76;86;119;137;195;217;226;231;218;201;105;0;67;150;167;158;124;181;127;116;18;87;37;36;12;9;0;158;184;88;215;205;203;206;197;192;194;182;179;197;184;187;190;197;199;195;193;191;176;173;171;169;165;162;162;164;161;159;156;154;153;151;149;147;147;143;144;151;153;150;151;157;147;147;148;149;149;149;148;149;145;144;145;144;143;146;148;144;152;151;150;150;149;150;150;150;147;148;150;151;151;150;150;150;153;155;156;157;157;157;158;159;162;163;165;167;167;167;168;169;171;175;182;187;189;189;190;190;193;201;171;183;168;178;230;11;8;145;252;226;210;210;209;222;210;222;217;203;246;180;124;248;213;223;229;224;212;227;216;219;217;223;241;247;242;253;246;205;173;135;98;89;94;111;51;154;199;162;166;116;106;204;181;179;196;179;179;194;174;153;187;228;179;191;193;190;197;146;160;198;188;189;183;152;140;180;124;158;179;193;165;142;145;129;115;155;121;100;181;151;158;88;106;121;98;37;8;48;18;6;187;176;165;175;143;205;185;165;208;51;13;167;109;40;29;34;35;31;36;36;35;36;43;50;1;122;197;92;28;144;245;195;244;247;221;228;214;213;190;173;188;208;214;187;75;11;178;50;91;101;169;241;250;247;245;246;225;158;11;241;238;155;172;126;123;134;198;237;241;247;238;242;249;223;229;195;155;175;110;21;152;138;107;251;251;223;244;235;252;141;163;251;126;81;151;237;207;217;250;197;176;248;180;97;156;155;224;246;149;71;245;199;194;106;172;46;194;154;214;249;252;171;85;171;221;203;206;241;237;202;96;201;194;249;127;189;211;150;149;190;150;157;240;104;110;238;189;172;180;142;192;246;235;192;235;234;218;243;232;230;217;211;222;232;235;249;211;211;207;232;238;238;211;232;224;212;243;251;102;221;190;131;223;131;249;50;129;72;40;221;184;101;209;211;123;172;194;63;147;177
81;97;104;115;121;140;157;179;204;220;238;247;238;245;244;231;219;199;183;169;168;174;171;171;178;180;186;178;190;199;184;198;197;186;189;184;164;160;159;141;106;106;96;61;47;43;70;94;133;235;123;0;3;7;41;133;176;131;4;0;39;80;94;101;50;31;1;144;185;209;216;208;200;206;191;177;183;185;184;193;195;196;191;192;189;184;189;189;189;186;182;179;175;171;170;171;169;167;163;162;162;163;163;163;161;155;154;158;157;153;154;159;153;155;157;156;154;154;155;157;158;156;158;157;155;157;159;157;159;159;158;157;157;157;158;158;154;156;157;158;158;159;160;161;163;164;166;166;164;163;163;164;164;165;166;166;167;168;169;170;166;169;172;174;175;175;175;176;174;174;169;179;174;165;239;57;24;232;192;223;246;246;238;250;243;242;247;240;211;253;103;205;250;251;246;237;248;218;225;222;220;216;214;227;226;226;241;253;254;248;233;202;163;112;67;174;152;155;156;126;193;237;215;211;179;185;182;177;154;93;80;145;217;186;183;197;194;153;149;159;207;177;182;152;187;186;102;171;179;202;175;155;139;99;106;132;118;103;189;161;149;80;107;113;27;120;27;2;3;198;199;149;180;181;136;185;167;171;215;44;17;173;106;45;38;35;39;34;28;31;36;37;45;51;0;129;183;74;69;250;245;201;245;203;209;223;236;221;242;224;212;206;203;181;174;66;230;57;104;65;7;14;9;96;138;160;192;247;15;8;162;60;35;92;138;75;14;122;101;135;224;248;243;252;252;249;249;240;216;174;123;50;29;222;246;246;234;233;252;162;190;247;132;61;135;235;227;198;251;179;153;248;184;96;159;163;226;252;150;72;252;211;174;62;174;49;186;162;184;206;243;184;66;183;236;196;205;233;240;196;84;225;207;249;127;144;193;239;169;159;149;227;122;109;222;161;157;148;180;155;181;245;231;190;238;231;206;244;227;232;220;227;203;238;233;227;219;250;229;225;233;246;205;219;230;219;240;253;111;222;173;122;218;140;229;122;46;227;170;238;169;103;250;224;130;163;155;73;171;182
137;118;99;98;84;76;71;78;93;89;86;105;119;151;180;192;195;195;204;192;190;202;195;189;173;175;179;168;174;176;160;175;181;176;189;203;196;189;185;176;168;167;169;172;162;133;115;100;40;21;0;29;16;10;21;2;50;178;237;213;159;111;101;67;52;0;33;13;118;243;179;165;188;204;195;174;177;188;187;184;187;189;188;190;187;182;184;184;191;186;180;175;172;170;171;173;173;170;166;164;164;166;167;167;167;162;159;161;159;156;157;161;157;160;161;159;157;158;160;161;156;154;155;155;152;153;156;155;158;157;157;157;157;158;158;159;163;163;162;160;158;157;158;158;152;155;159;161;161;162;164;167;164;165;165;164;165;167;169;168;170;169;166;164;164;167;172;175;170;172;174;172;176;183;187;230;19;168;177;149;165;197;179;151;156;131;171;223;224;245;209;101;249;170;164;184;225;234;251;242;242;226;213;213;207;210;221;222;229;237;241;242;254;254;221;174;147;151;124;89;113;148;160;149;217;196;192;185;182;191;176;141;197;176;181;207;182;129;145;137;163;210;147;154;151;155;129;162;189;177;161;148;141;137;151;130;137;100;180;173;139;126;114;190;2;211;139;19;111;225;159;156;181;185;139;186;168;180;219;39;12;174;99;50;44;35;35;26;22;32;42;37;43;54;0;124;177;77;148;246;224;189;228;226;209;197;225;201;243;228;235;245;245;250;138;21;227;86;74;95;127;122;44;40;63;18;49;82;56;69;206;153;147;145;89;92;12;127;192;131;99;84;95;150;215;252;243;248;251;239;246;226;168;148;183;248;249;230;247;192;219;231;141;45;153;241;206;203;250;187;153;246;178;93;162;162;211;253;156;84;253;187;176;63;170;60;189;129;183;248;246;200;69;188;221;184;209;233;247;179;80;208;220;247;140;173;153;161;210;143;219;105;92;211;163;161;162;165;185;137;194;251;241;173;237;226;200;252;230;226;214;242;205;251;244;221;210;250;239;248;226;252;208;209;223;214;232;251;114;233;176;122;237;147;193;144;209;250;114;202;169;95;241;217;174;185;136;142;178;169
157;142;141;157;151;142;121;104;120;109;90;98;95;88;80;71;80;110;129;145;166;167;171;205;217;207;202;209;211;201;193;189;176;182;173;164;173;178;177;181;194;191;184;186;177;175;192;196;133;15;55;77;70;96;76;79;3;7;4;105;197;230;224;237;215;184;167;77;234;228;132;218;219;191;170;178;191;187;186;196;193;189;187;186;186;187;187;190;191;185;179;175;172;171;172;175;171;168;166;164;164;164;162;161;160;158;157;157;157;157;158;160;157;158;158;156;156;158;158;156;159;157;159;160;156;156;159;158;158;158;158;158;158;158;159;160;154;155;156;156;157;159;160;162;158;160;162;162;160;160;161;163;164;165;164;163;163;166;167;165;164;166;169;172;172;171;169;168;172;166;168;174;165;168;164;211;136;1;149;191;168;166;161;188;169;186;140;158;253;229;251;99;169;245;186;181;146;156;154;169;208;242;252;243;240;227;205;196;216;228;233;240;247;235;246;248;232;220;209;187;110;26;10;7;154;207;210;190;192;206;209;185;221;229;197;209;175;108;177;146;181;208;113;128;182;137;134;169;186;192;149;112;124;117;124;161;126;78;174;195;114;137;144;243;2;203;224;101;102;174;175;167;170;182;134;193;175;181;215;27;12;181;92;50;37;35;31;17;28;32;42;37;41;53;0;122;176;90;190;240;239;222;214;227;196;190;233;222;222;205;209;220;237;248;110;16;181;243;243;245;227;215;208;150;144;142;143;138;99;61;124;207;226;247;243;243;186;130;118;40;106;137;120;108;101;80;129;164;221;245;245;251;246;210;181;187;228;253;234;180;237;246;156;95;159;219;211;186;253;191;143;247;173;53;118;139;218;251;148;81;252;176;175;60;162;68;190;140;186;230;247;185;67;178;223;195;209;232;244;187;67;217;205;250;147;175;175;167;138;246;202;116;209;171;153;167;156;171;189;149;195;249;227;175;226;236;211;244;227;232;215;226;203;238;242;231;205;226;211;232;239;240;219;237;218;209;246;245;126;231;157;117;246;143;187;121;240;247;126;195;170;117;244;199;152;182;110;228;176;124
133;137;144;142;118;124;129;121;128;128;111;117;112;104;96;90;51;75;52;42;67;77;83;96;106;111;128;168;169;167;205;213;212;224;207;198;210;189;163;175;180;175;162;175;183;192;189;159;131;6;55;108;111;90;94;104;141;204;77;3;2;0;7;20;58;101;89;195;237;213;168;165;198;183;172;176;184;187;187;190;190;185;188;189;192;194;186;186;189;184;179;176;173;171;171;172;171;171;171;171;172;171;168;166;161;161;161;160;160;161;161;162;161;161;159;158;161;163;160;156;158;156;158;159;155;155;157;157;162;162;161;160;160;160;161;161;160;161;162;162;163;163;164;165;163;165;167;166;164;163;165;167;165;166;165;164;164;165;165;163;163;163;163;163;164;164;165;166;158;179;152;155;176;159;166;165;248;46;14;163;188;171;187;172;190;179;189;152;208;236;175;252;51;247;251;245;250;229;192;185;145;140;172;199;223;240;247;243;197;184;187;187;203;228;250;254;254;249;238;226;254;253;246;184;163;146;134;156;144;146;162;97;83;159;162;205;171;115;191;157;173;191;138;185;186;118;133;164;175;190;121;132;159;88;46;49;72;24;136;203;159;106;140;249;4;171;224;85;94;196;157;155;176;189;131;199;183;181;217;25;24;198;93;53;31;41;34;21;37;27;34;36;41;51;0;131;172;53;166;248;231;201;240;194;189;185;216;237;211;230;222;215;235;246;70;17;169;250;236;205;242;158;184;230;147;155;113;81;179;113;99;47;26;77;138;192;161;212;246;193;143;103;94;117;150;125;125;117;78;86;148;217;247;245;245;238;229;183;246;187;229;244;121;72;138;251;247;219;243;194;135;240;178;60;116;128;223;251;153;82;250;201;175;45;179;41;179;149;196;230;248;191;71;185;240;197;212;245;227;195;73;226;214;249;127;172;179;159;215;149;149;172;165;167;177;175;157;170;188;141;194;243;235;202;240;228;197;238;234;224;212;238;213;234;241;241;214;232;208;216;235;246;206;233;249;219;229;253;114;235;159;102;252;151;173;127;250;246;141;193;158;109;244;202;159;224;94;240;173;177
143;136;112;105;107;118;112;127;99;125;109;115;119;117;117;115;101;127;99;54;88;76;85;29;31;64;68;62;76;74;91;107;115;136;155;183;199;211;207;218;202;212;189;176;174;161;185;162;111;16;18;49;39;27;23;1;25;97;200;202;171;152;133;88;60;35;3;182;217;228;193;136;168;177;179;184;183;183;193;185;180;179;179;188;184;194;192;189;186;183;180;178;176;172;170;171;172;171;170;168;167;167;166;166;165;165;164;163;161;160;160;160;163;161;160;160;163;164;162;160;161;162;161;160;161;162;161;159;159;162;162;159;158;160;161;161;165;163;162;162;162;161;161;163;161;158;166;165;163;162;155;162;162;168;167;165;162;160;164;162;175;162;166;163;159;165;165;166;157;150;149;155;157;152;153;158;172;219;4;75;178;178;167;169;167;167;182;193;178;159;110;229;148;96;250;230;220;248;243;244;248;214;161;153;181;177;173;203;251;248;238;230;213;172;159;191;204;235;253;241;227;234;248;254;242;226;199;182;158;137;143;152;128;131;159;177;169;165;189;191;185;192;162;173;200;127;123;160;193;191;138;172;136;75;113;109;107;107;134;193;158;11;21;116;6;172;224;104;84;192;174;156;177;187;136;201;187;192;218;23;30;174;96;45;44;32;33;19;30;21;28;26;39;49;0;124;171;80;145;252;223;217;209;193;174;188;221;240;204;230;225;226;247;252;44;56;166;176;220;172;251;187;153;242;245;185;98;213;231;202;194;184;108;71;49;52;44;129;146;226;243;240;242;230;147;146;66;84;158;155;107;82;90;171;145;233;238;5;171;245;207;222;193;63;25;201;246;248;253;214;135;243;182;82;121;107;230;246;168;84;246;188;177;66;146;57;196;134;185;221;233;183;67;157;235;211;188;244;249;200;60;228;215;244;153;150;186;229;89;107;181;170;177;163;163;170;168;170;200;147;190;247;230;201;244;225;207;250;241;222;193;236;206;242;243;232;198;245;236;231;235;243;194;223;249;231;234;251;108;237;173;109;240;149;199;119;250;245;151;159;155;154;245;185;155;194;95;244;175;200
249;244;218;201;170;151;119;130;129;139;102;108;119;116;119;116;124;106;122;95;123;102;145;82;75;103;108;49;65;89;36;25;45;40;55;54;59;71;87;104;136;145;167;180;196;194;208;197;135;30;18;14;20;3;7;4;1;3;1;9;58;97;134;170;179;175;124;247;183;196;228;186;170;165;172;191;189;176;183;195;186;190;187;187;184;180;180;192;183;178;175;177;178;176;173;171;170;170;170;170;170;170;169;167;165;165;164;165;167;168;169;168;165;168;169;167;162;159;161;164;163;163;163;162;164;166;165;162;159;161;162;164;165;167;167;166;163;162;163;165;166;166;165;166;168;160;159;156;162;171;166;166;155;164;168;162;159;162;162;160;154;151;163;163;160;165;157;149;157;156;156;156;155;155;157;158;139;223;92;18;104;193;153;165;169;166;188;81;142;207;168;155;209;76;245;242;217;219;223;219;231;238;250;210;145;166;194;156;136;202;213;237;249;243;252;223;188;175;177;200;224;237;243;248;253;241;239;252;240;209;185;181;191;183;174;201;191;141;176;191;162;167;165;186;142;112;124;174;180;176;112;220;32;37;186;138;160;118;154;199;124;37;89;109;11;165;222;90;98;185;165;163;167;205;123;194;181;186;220;3;46;166;90;41;46;28;42;30;30;47;42;36;43;63;4;107;183;85;156;249;221;202;197;181;179;153;208;241;233;222;238;224;213;240;40;60;214;211;236;206;224;215;204;218;227;220;243;224;246;238;231;214;196;186;169;166;99;99;51;28;69;106;138;223;246;239;238;191;105;88;106;132;125;103;112;116;140;147;50;195;245;247;237;249;208;175;179;201;248;173;76;247;209;56;110;154;207;245;170;74;250;216;160;54;155;41;177;141;212;239;247;183;69;149;226;208;147;242;249;209;70;211;222;247;138;167;230;83;120;233;169;165;165;169;160;160;158;151;175;131;185;247;225;191;232;238;213;226;243;226;198;248;194;229;240;243;208;235;217;224;229;251;215;216;217;216;242;249;124;225;183;109;245;159;177;125;249;254;159;168;150;165;252;198;146;170;111;248;158;193
228;222;217;245;238;215;143;132;147;153;104;120;133;120;114;103;122;114;104;110;106;109;112;83;111;117;139;57;87;131;39;42;52;48;80;63;47;47;46;51;44;40;60;68;86;99;120;138;149;108;30;41;59;9;118;116;76;64;30;0;0;6;0;6;1;2;136;243;189;183;214;205;157;171;189;189;185;189;187;181;182;191;188;186;200;192;182;185;182;180;177;176;174;170;165;163;173;170;165;163;161;160;159;158;169;166;163;162;162;161;158;156;152;152;153;154;156;157;158;158;158;157;156;155;156;157;156;152;159;157;156;156;156;154;152;151;163;160;159;161;161;160;158;158;156;163;172;168;165;167;165;166;169;170;173;160;160;169;159;151;160;158;164;157;147;149;153;159;146;158;156;141;142;157;157;143;158;163;195;11;58;141;186;140;156;162;192;103;114;191;169;156;220;115;153;253;225;221;231;229;221;226;233;248;246;211;212;252;203;148;150;163;175;189;200;250;246;252;242;206;171;165;180;196;222;253;249;249;240;245;250;229;223;205;155;152;197;164;181;234;200;219;169;175;161;153;142;152;176;163;137;227;15;65;113;90;80;49;95;172;119;70;127;68;5;171;201;52;105;181;161;169;179;162;157;195;166;213;214;10;19;157;98;39;50;27;41;26;42;29;23;38;33;55;0;116;171;96;113;249;218;207;195;159;142;142;207;227;221;227;240;227;126;253;49;34;210;247;216;211;220;242;247;165;220;239;239;184;239;238;241;230;243;221;207;229;137;150;200;136;93;79;46;38;60;82;145;234;241;241;231;141;107;89;117;142;135;173;130;69;133;179;231;251;241;253;210;171;205;124;60;236;168;66;169;175;216;236;174;91;253;160;168;54;162;121;165;135;204;230;248;198;68;157;208;220;181;236;245;204;67;211;212;244;127;238;103;119;213;156;160;166;171;174;153;172;172;156;171;129;187;251;231;200;228;234;217;240;234;232;214;239;200;233;242;244;201;233;224;213;243;238;210;233;227;204;239;253;118;220;192;108;248;161;162;126;252;254;155;183;148;165;250;217;153;152;141;252;146;194
233;211;192;213;195;187;135;157;156;173;124;152;163;148;130;111;141;143;130;102;130;124;116;91;123;110;146;61;98;137;70;95;93;98;125;81;68;76;65;65;67;65;30;19;15;6;1;5;18;16;27;22;24;9;86;138;149;158;170;203;161;132;35;116;187;96;202;228;192;167;183;184;168;166;186;195;190;181;171;176;168;180;181;165;172;172;178;183;174;178;183;186;187;187;191;195;196;194;192;193;195;196;196;197;193;192;191;193;196;198;198;197;208;206;204;204;206;207;205;202;206;205;204;203;204;206;205;202;206;202;199;198;197;195;195;197;193;189;184;183;183;182;182;182;173;170;166;160;157;159;159;159;166;144;152;159;160;153;143;163;161;148;145;154;162;162;155;152;154;143;142;152;157;150;145;147;156;155;219;112;3;75;168;203;164;170;150;188;188;183;156;160;199;180;94;253;218;228;227;221;230;229;223;224;234;240;232;221;243;178;155;171;194;207;192;173;165;202;236;249;252;251;227;198;170;173;176;211;235;254;254;252;245;241;250;209;144;12;21;173;173;127;133;151;159;136;124;175;184;160;147;231;14;67;111;87;89;82;119;164;113;61;153;227;5;179;250;108;128;189;189;167;161;167;142;188;203;250;136;20;31;128;69;43;52;27;38;24;35;35;43;45;42;60;1;126;207;61;98;248;172;162;156;165;163;111;195;218;231;210;246;214;84;244;41;31;221;221;221;240;247;246;175;214;250;216;236;191;252;234;227;219;248;222;212;250;192;170;222;217;205;201;186;131;115;64;52;61;63;136;228;237;240;242;191;161;98;119;154;109;136;108;78;118;203;240;249;251;245;247;250;176;164;102;61;80;238;248;221;94;240;153;143;63;141;79;117;147;213;220;248;184;68;165;182;221;201;227;247;209;49;243;213;247;205;111;113;217;178;167;173;153;169;190;183;176;191;174;186;142;189;249;227;202;231;214;221;231;242;211;238;227;214;237;234;240;189;228;238;201;241;241;214;228;234;218;249;249;92;228;197;108;248;154;166;122;252;252;153;187;143;162;248;225;166;148;170;251;140;175
228;211;202;219;186;177;132;177;165;188;130;165;176;176;153;135;172;150;165;107;160;144;162;104;148;134;165;78;117;137;117;114;111;112;125;49;88;111;109;103;109;121;19;11;22;24;25;20;23;19;40;44;32;17;2;2;19;21;35;65;163;199;29;0;184;225;227;231;168;176;180;181;171;152;161;175;184;194;206;229;231;231;239;238;242;239;240;232;240;240;236;230;222;215;211;210;199;197;198;199;197;193;189;189;183;181;177;172;166;161;158;156;152;154;155;153;149;147;148;150;143;144;144;144;145;148;148;146;153;152;152;154;155;157;161;165;173;171;171;175;180;184;188;192;202;204;210;219;221;216;218;221;206;208;216;195;183;186;175;176;154;155;151;146;141;138;142;146;144;157;163;155;149;151;155;156;151;144;165;203;44;4;3;103;150;149;190;173;146;149;163;162;152;241;105;212;253;211;229;226;225;233;228;220;227;234;227;218;250;236;191;177;148;142;187;175;173;159;152;162;179;199;228;252;252;240;237;202;168;174;179;225;246;254;249;254;251;105;32;60;68;179;255;235;190;161;139;141;162;161;143;225;24;72;188;162;150;146;169;165;133;95;135;244;20;171;146;211;187;214;186;182;206;193;136;156;209;40;74;99;38;124;68;53;38;31;44;21;25;41;34;23;36;37;3;138;148;10;205;246;197;207;166;203;179;137;164;197;247;213;252;226;127;249;63;44;219;194;146;224;50;233;247;234;210;244;221;192;249;234;228;212;229;214;208;249;165;234;247;228;232;214;225;240;190;175;137;106;76;33;28;50;99;151;247;238;249;248;194;115;169;126;124;124;84;105;118;161;221;245;249;243;244;251;182;51;225;251;193;73;254;253;181;10;130;1;162;155;217;233;239;173;84;151;182;222;181;248;240;200;70;208;241;243;109;103;220;171;168;166;182;169;160;180;173;177;178;168;185;145;188;248;224;201;250;242;213;212;252;215;233;222;213;242;226;244;203;227;237;205;232;250;221;211;226;218;251;249;83;236;203;108;250;151;171;124;251;254;160;180;136;165;251;218;159;139;185;249;153;160
229;205;198;212;184;181;133;180;170;193;124;164;171;187;154;144;192;166;172;133;175;169;181;123;166;151;168;99;148;145;151;104;145;138;148;50;135;132;116;85;89;123;13;19;37;37;42;34;43;44;39;40;20;23;28;32;8;20;4;6;0;0;37;55;212;158;201;232;147;153;212;198;201;218;237;238;236;234;211;182;178;141;113;98;83;59;40;23;3;1;1;1;2;4;2;2;3;0;0;0;0;0;0;4;1;1;1;1;1;1;1;1;3;2;1;2;3;4;3;2;2;4;4;2;1;1;1;1;1;1;1;1;1;2;1;1;2;1;1;3;3;2;2;3;7;10;13;21;21;21;41;60;108;103;124;149;167;176;179;197;189;204;199;191;191;190;183;168;160;147;137;138;146;151;151;149;149;152;151;144;218;252;99;8;35;79;93;141;196;183;167;149;149;188;160;146;250;222;225;229;228;222;229;234;224;221;230;233;222;237;251;245;218;204;191;161;167;167;172;182;190;187;175;164;219;211;212;233;251;243;213;181;161;168;201;218;254;251;214;191;229;231;179;237;252;252;248;211;181;170;134;196;69;11;133;145;145;146;139;154;133;73;58;59;96;82;63;31;39;52;69;45;92;218;254;254;213;43;98;54;18;155;85;46;32;38;33;30;43;42;35;44;48;29;21;97;93;110;218;238;187;150;90;168;184;151;142;224;245;199;233;201;157;249;63;34;214;196;254;223;4;218;247;205;240;235;228;193;247;238;244;229;228;210;202;247;161;227;218;219;247;231;216;242;240;210;213;210;206;174;114;80;49;42;11;32;102;155;169;243;244;166;121;94;126;113;176;56;67;106;118;173;230;242;239;158;210;238;159;86;196;54;161;74;144;39;226;162;162;215;248;174;60;136;183;236;189;226;249;200;71;222;238;90;99;210;163;175;172;170;167;160;182;178;182;182;180;169;182;144;186;251;227;204;219;254;230;238;244;215;214;236;202;249;228;235;212;234;229;217;234;244;211;209;234;210;243;253;91;233;207;106;249;151;163;129;252;252;161;178;134;165;250;213;157;134;190;249;171;163
230;203;194;194;165;169;133;190;171;197;129;178;172;196;150;154;183;174;170;134;193;175;178;137;187;171;176;122;180;166;172;107;166;153;161;77;171;152;132;100;104;122;27;24;36;31;37;37;26;43;35;42;39;21;33;29;37;33;37;35;1;103;44;88;195;184;220;229;166;246;243;214;177;140;85;38;10;6;10;10;7;5;4;6;5;4;3;8;15;19;24;31;41;50;53;53;60;58;59;62;64;69;80;91;102;102;103;104;105;107;108;108;110;102;96;96;101;101;95;87;90;92;92;88;83;82;82;82;82;82;79;75;76;78;73;65;62;60;55;49;39;29;24;23;6;4;2;6;9;3;5;3;0;0;0;1;5;7;2;1;16;46;61;76;100;126;157;171;183;202;204;179;156;152;147;138;153;146;147;139;75;195;250;93;3;3;4;14;41;129;167;202;168;187;187;118;246;241;220;227;233;229;229;229;225;227;230;228;231;222;219;237;246;247;251;249;226;217;189;158;153;169;174;164;184;234;246;227;212;207;242;236;243;227;190;175;154;187;245;136;109;188;189;183;197;249;253;243;253;253;241;205;228;180;136;131;117;134;125;170;119;17;38;51;10;39;45;42;30;36;30;38;8;6;12;99;157;252;254;4;28;155;65;37;45;38;17;45;35;28;34;33;33;48;56;102;116;106;196;244;234;117;49;30;151;184;184;209;251;245;252;224;239;244;10;2;172;200;167;2;42;51;210;248;249;214;233;186;253;228;226;220;237;219;207;253;164;234;238;224;220;232;229;213;221;246;246;239;211;168;189;200;153;125;143;150;52;49;91;147;220;244;243;250;245;79;121;246;199;160;144;121;77;125;237;169;250;250;103;79;239;1;43;77;112;1;158;169;143;253;249;175;89;90;172;210;195;245;244;174;56;250;128;198;189;164;176;161;168;180;171;168;177;195;193;190;184;174;185;144;183;251;224;200;218;210;219;227;246;226;223;229;210;242;232;226;201;239;223;220;233;241;212;208;238;214;247;250;90;230;210;107;248;147;161;131;252;250;160;181;133;167;248;211;166;132;188;249;168;161
226;196;189;188;167;176;140;194;163;194;133;189;172;198;149;168;183;186;173;145;191;177;172;134;188;184;185;126;187;184;188;120;192;175;173;107;178;154;131;113;133;110;25;12;32;33;37;43;40;48;51;34;45;19;29;43;27;40;16;3;64;137;0;159;178;218;202;242;241;110;6;10;11;7;10;39;60;68;89;97;110;131;126;125;133;150;154;167;157;164;167;163;156;153;153;154;143;140;136;129;117;105;102;106;115;111;105;100;96;92;86;82;102;99;97;97;99;100;97;94;98;102;103;99;94;93;94;96;103;103;99;97;105;115;112;102;109;109;109;108;105;103;105;109;113;117;111;111;106;98;102;98;86;99;90;63;40;32;28;15;1;6;0;5;9;1;1;5;2;37;89;136;173;194;197;191;175;145;152;152;135;89;108;217;196;92;134;77;4;8;25;68;140;153;180;108;224;250;220;221;223;231;229;225;229;230;226;224;229;228;230;232;228;221;223;236;242;247;251;243;214;182;170;175;163;127;166;188;224;221;214;243;233;207;219;239;233;212;212;212;107;101;147;185;201;195;226;221;213;213;246;254;253;248;255;237;193;178;128;117;80;21;39;80;51;70;71;63;83;48;51;20;17;28;12;36;1;1;116;53;15;131;71;58;45;39;27;33;37;35;52;37;40;37;13;119;91;94;191;252;155;157;251;17;20;62;60;32;19;73;86;129;238;198;18;23;153;244;201;25;19;65;16;95;253;246;218;189;248;223;229;220;243;218;202;251;150;229;231;226;221;219;235;244;219;186;210;233;240;216;199;210;238;207;198;224;197;116;103;29;23;46;75;115;231;165;12;247;181;78;60;112;173;19;106;144;120;204;136;167;245;215;222;162;183;90;26;104;122;217;250;167;110;126;185;249;177;210;252;118;162;144;178;236;176;156;166;187;170;166;162;161;165;168;161;154;144;145;169;139;183;253;228;203;249;214;229;231;223;214;215;252;245;229;240;244;206;247;225;226;242;240;214;212;234;204;244;251;77;234;213;112;248;142;168;132;247;254;166;180;127;178;252;207;162;120;183;249;164;166
222;184;182;185;164;186;134;190;176;205;132;190;169;198;141;173;185;187;178;148;185;190;176;134;197;189;175;143;190;182;182;128;188;180;177;139;190;173;144;125;115;136;17;17;50;34;41;35;35;45;39;33;40;34;25;31;28;31;15;36;163;5;14;202;126;234;251;73;5;55;216;131;133;154;142;128;123;144;149;142;124;114;109;121;144;97;63;54;47;45;49;46;45;46;38;43;36;37;40;50;49;45;32;50;28;26;30;30;30;29;32;25;24;24;37;32;26;28;27;38;30;34;30;23;28;30;30;33;35;40;33;29;43;42;37;37;39;41;38;43;46;51;54;61;60;81;58;66;75;78;90;102;104;90;78;113;139;122;114;101;94;82;35;37;63;59;61;60;59;21;2;2;2;7;57;119;159;187;211;189;159;151;132;105;136;173;201;190;105;65;50;55;7;21;204;132;150;252;224;217;218;225;225;229;237;230;225;236;233;229;222;222;236;239;225;227;223;226;235;245;249;245;238;233;213;216;195;170;139;139;145;146;196;251;252;218;210;211;222;252;206;144;122;132;184;197;231;240;220;234;210;199;211;215;241;247;252;254;245;230;206;170;131;132;51;9;53;82;75;128;161;79;19;44;47;71;40;4;129;76;7;138;81;65;45;39;33;30;25;41;33;30;46;39;14;158;160;245;212;248;64;153;166;193;116;59;129;166;216;189;90;21;31;147;194;251;103;162;252;252;63;28;144;10;23;250;208;190;252;225;239;232;244;213;201;246;159;238;235;231;216;228;240;221;222;245;218;208;217;191;249;203;234;231;11;20;171;66;127;188;110;6;62;60;26;47;10;51;84;71;120;122;156;14;36;161;111;61;95;114;132;185;199;172;205;236;206;163;144;145;120;75;73;57;169;244;161;248;250;228;155;103;244;96;247;201;148;172;174;166;161;177;174;163;160;168;169;169;195;149;185;244;221;188;209;228;229;252;250;246;209;219;218;208;215;240;195;230;208;209;241;247;210;224;226;210;245;252;66;233;223;107;253;141;166;136;252;251;162;173;136;173;251;211;166;132;188;247;183;163
219;186;170;180;170;183;136;196;173;199;127;189;172;203;146;179;189;189;169;155;188;192;177;144;195;186;174;146;191;188;177;134;196;183;167;127;189;170;157;134;124;144;13;20;43;38;38;34;37;49;48;42;41;34;29;35;36;27;1;102;103;6;76;197;125;252;17;9;171;242;191;120;126;120;122;150;133;108;108;100;122;118;129;117;138;34;10;38;27;31;26;15;24;30;32;32;30;21;18;18;25;25;36;27;20;27;34;28;31;32;26;45;33;26;28;27;30;38;30;25;30;30;36;21;22;29;21;20;18;11;23;32;34;21;18;31;21;19;24;19;27;17;25;34;21;20;15;34;37;40;45;21;57;56;37;25;24;43;56;66;90;96;59;31;29;30;38;38;39;59;75;73;62;46;22;2;2;9;58;120;172;199;194;182;144;111;108;145;184;200;188;163;185;191;223;141;127;253;230;254;245;246;230;217;223;227;224;226;234;222;231;236;222;231;225;230;235;230;226;226;228;231;234;238;250;220;177;203;236;224;197;196;133;146;182;229;252;241;234;245;232;134;153;144;136;176;192;239;246;221;246;252;230;226;201;185;185;216;234;252;254;253;245;255;220;177;136;80;22;67;101;61;50;108;62;98;210;72;153;68;33;143;68;49;38;30;37;35;42;38;35;42;32;52;6;83;31;103;150;245;73;160;140;251;246;184;199;59;246;251;246;219;54;133;221;110;2;33;163;235;252;88;8;64;249;249;232;193;251;225;223;215;240;222;201;251;152;238;218;228;227;216;227;234;209;233;238;232;242;160;197;229;250;194;8;161;250;252;245;248;250;248;183;205;158;130;88;74;156;171;199;214;244;210;164;172;62;108;73;6;17;148;174;167;171;187;249;209;224;253;246;249;205;117;170;111;125;247;249;171;66;227;243;119;245;231;126;184;168;173;173;175;171;171;172;172;160;169;186;149;194;252;245;246;249;244;233;170;179;190;248;245;216;231;232;240;199;249;248;229;239;247;214;227;227;213;250;253;68;229;221;104;251;144;166;136;251;254;160;171;125;181;241;214;151;128;198;248;180;160
210;180;161;183;182;182;134;193;170;196;130;196;181;208;144;175;189;192;157;165;191;193;172;150;197;187;174;153;190;196;167;144;195;187;156;132;194;174;167;134;131;147;7;27;39;44;38;35;37;48;55;49;38;31;32;37;32;38;8;124;66;3;73;154;194;117;104;251;245;189;81;161;122;10;54;129;141;110;97;105;99;109;130;99;115;40;33;24;39;37;51;32;45;49;29;38;35;42;38;35;53;44;43;47;40;38;54;41;51;54;37;33;39;47;50;35;47;44;45;43;49;43;51;52;16;52;38;51;54;39;47;44;28;40;52;38;36;35;43;39;29;40;32;46;26;51;40;41;59;49;44;52;54;31;16;12;28;31;15;27;14;35;40;31;33;40;36;27;23;16;18;31;43;51;65;79;80;45;19;7;6;36;103;175;212;196;174;140;117;115;147;178;210;237;254;149;82;253;138;142;193;220;244;253;250;231;217;220;217;214;233;237;210;229;231;234;231;230;229;230;229;228;227;228;229;250;200;167;167;165;179;209;251;229;203;167;144;170;208;214;252;205;122;160;107;173;149;160;251;200;175;199;194;223;230;252;232;213;180;168;180;207;226;241;254;249;250;255;235;196;134;84;51;52;76;112;169;233;227;58;45;140;69;52;46;31;42;39;32;42;29;49;37;33;2;141;207;78;8;2;9;32;11;100;180;46;81;12;168;231;251;212;55;185;222;71;87;197;211;40;7;94;75;103;197;160;167;207;245;252;224;245;234;203;196;247;150;237;210;223;225;225;230;248;223;219;229;226;243;148;196;240;245;132;19;157;243;185;225;185;109;251;228;202;102;162;216;140;153;83;64;87;109;102;179;244;241;101;7;76;148;132;231;187;86;39;75;44;105;249;250;249;248;245;243;168;202;170;110;55;145;188;237;147;246;222;144;174;165;173;176;168;167;173;178;178;154;183;203;139;205;226;189;173;174;203;130;18;58;60;118;207;232;236;229;245;206;232;245;233;219;235;209;222;222;205;244;251;73;226;223;102;250;149;163;134;250;254;154;178;124;186;246;212;176;121;182;250;178;153
212;166;149;172;174;179;140;205;182;199;125;185;168;200;142;184;185;197;149;175;192;196;165;150;201;191;173;162;189;203;155;156;191;196;145;151;192;180;169;129;134;140;3;35;43;46;40;41;37;44;54;49;34;29;33;34;30;50;31;154;13;2;85;147;152;226;214;173;129;201;63;181;79;7;116;130;135;109;113;128;144;139;141;177;104;50;52;68;76;67;49;60;65;43;55;78;63;66;82;77;58;77;73;63;69;73;59;62;59;76;58;71;79;70;73;79;56;75;92;87;89;85;67;71;81;64;78;102;96;101;122;102;97;90;90;77;91;89;86;106;92;70;96;69;99;85;92;114;100;87;92;99;104;77;70;37;27;38;44;40;41;35;37;32;32;38;35;39;28;26;29;33;30;23;23;30;35;51;77;86;69;32;3;4;30;99;174;214;192;149;120;123;109;139;171;135;79;235;184;142;152;134;134;176;228;251;253;253;246;243;218;214;231;237;221;230;228;229;230;230;229;228;227;227;220;252;235;228;228;204;182;166;149;178;196;221;244;217;179;181;169;216;144;134;129;86;193;132;168;250;214;204;193;182;171;161;195;222;249;251;229;201;177;163;162;186;213;229;254;251;248;250;243;204;160;93;56;56;120;69;40;128;78;57;49;29;33;32;42;32;32;49;28;47;26;46;114;197;213;173;177;117;142;178;111;92;94;62;30;32;83;98;134;148;136;12;118;209;166;173;117;100;211;205;199;155;82;74;116;182;223;231;244;248;239;252;168;251;214;229;221;223;236;226;223;227;229;227;239;141;226;241;222;186;23;119;172;182;216;245;101;201;251;150;127;248;246;242;243;203;110;102;99;69;52;12;57;74;113;196;244;251;224;63;69;129;73;64;40;8;41;102;162;233;248;228;250;116;163;203;84;124;248;120;248;237;143;179;175;174;177;172;169;166;164;166;176;174;182;156;231;72;13;10;12;13;170;199;94;121;12;188;247;223;219;247;211;210;217;223;223;240;209;223;238;213;242;251;79;228;228;104;247;151;158;132;252;251;150;185;128;179;252;199;153;131;188;249;172;154
208;154;164;191;183;186;137;192;178;197;135;201;181;206;143;189;183;204;148;181;190;202;161;156;200;194;167;170;185;206;143;169;189;207;133;171;178;184;170;132;141;134;2;39;48;41;42;47;49;51;58;55;40;36;40;37;42;17;64;140;30;27;68;107;213;231;148;185;189;209;53;204;80;15;159;194;205;102;123;164;141;159;158;165;99;59;82;78;75;69;75;68;64;76;74;92;125;99;98;113;87;73;78;97;94;77;76;91;82;79;93;82;98;79;87;87;100;80;72;61;79;89;65;69;90;86;88;40;61;99;65;65;82;87;77;66;65;98;98;46;59;86;94;83;105;74;87;112;81;82;99;110;104;90;89;113;117;71;17;26;33;23;36;39;32;28;24;37;33;36;34;26;22;28;35;39;46;47;39;33;51;66;64;70;16;5;3;41;132;196;198;174;152;131;127;146;120;167;222;154;188;194;179;146;132;149;177;195;226;239;253;253;235;222;240;229;228;230;232;233;233;232;232;231;230;230;228;241;240;228;227;208;193;181;163;156;171;199;220;227;220;250;182;115;176;46;122;213;109;227;253;225;238;223;234;221;186;172;165;169;192;223;245;247;236;219;195;173;175;169;191;225;253;249;253;249;233;244;220;39;54;126;87;55;45;32;31;34;34;38;39;48;47;22;25;45;2;6;1;11;27;1;7;113;56;5;83;64;48;9;21;81;98;116;48;8;131;79;163;246;247;147;129;150;251;241;246;133;92;218;181;144;172;220;225;210;189;198;226;239;237;223;211;234;232;230;214;216;242;151;227;212;181;182;4;225;245;188;203;207;250;232;172;178;250;225;208;205;238;244;230;244;183;112;88;41;35;79;110;51;123;185;241;200;193;142;119;91;82;103;49;16;144;116;150;159;129;53;197;249;252;215;188;66;244;216;114;184;167;161;166;168;170;172;163;163;148;151;192;143;240;74;42;99;66;65;53;128;162;115;37;186;248;219;226;238;210;226;218;218;243;250;206;220;252;222;240;251;79;233;234;107;247;152;155;134;253;252;150;183;125;175;248;205;170;130;180;251;186;161
199;141;162;185;173;183;141;196;179;194;131;193;171;197;139;194;180;205;146;181;184;204;157;166;194;195;159;178;181;207;135;182;184;207;130;188;171;186;172;131;152;133;2;39;47;36;43;47;45;46;52;47;33;30;32;28;30;21;50;92;9;16;12;70;241;228;176;187;201;176;37;215;110;11;183;216;174;76;123;156;161;158;151;127;112;67;85;67;99;81;83;85;76;85;94;91;86;75;86;90;69;73;111;80;59;107;79;76;103;94;75;84;98;91;100;82;99;103;113;126;119;119;149;120;53;57;71;181;175;149;156;178;178;89;140;192;201;124;154;196;211;85;61;49;134;228;217;121;132;222;218;170;214;212;215;184;81;82;62;24;26;24;36;34;29;30;30;38;28;27;31;37;39;37;37;39;44;66;74;68;75;71;54;57;70;75;77;27;8;4;87;166;192;175;166;140;136;142;224;151;173;173;182;195;193;173;150;138;134;140;147;191;254;235;222;227;226;228;229;229;229;229;229;227;227;223;236;240;233;236;250;233;245;214;219;216;167;144;159;162;161;197;215;71;172;122;11;218;141;140;251;231;239;222;234;229;241;240;237;213;188;169;170;171;187;207;226;251;252;244;205;179;165;165;190;234;250;251;248;23;69;127;84;55;47;41;40;41;34;38;37;29;41;32;73;88;50;31;5;1;29;83;71;1;15;36;3;3;106;245;253;204;44;112;123;85;102;67;154;254;231;138;111;170;245;189;245;136;171;251;222;210;244;72;86;20;10;6;182;225;227;249;249;237;214;207;229;229;233;177;237;193;165;207;29;192;253;208;248;253;238;166;222;240;221;212;223;216;242;195;193;248;221;140;108;74;162;187;8;130;132;4;26;63;117;206;229;232;200;157;134;197;202;200;150;147;217;199;172;161;246;250;245;186;251;189;131;183;173;171;170;167;172;198;192;193;194;181;198;147;247;87;19;73;23;215;150;38;108;134;21;183;249;222;235;228;203;242;222;217;235;245;204;212;239;207;236;253;75;237;234;108;248;152;153;137;250;254;150;179;121;187;245;226;160;120;200;251;153;158
178;139;162;187;180;182;143;194;179;196;141;207;184;205;139;193;178;203;147;183;183;203;151;174;188;198;153;186;181;208;130;192;180;200;136;196;173;183;177;126;156;135;2;40;45;38;44;42;50;55;61;56;42;37;39;39;38;33;64;78;46;30;70;28;236;212;157;179;202;164;39;202;160;23;181;218;129;90;149;165;154;153;190;199;120;155;198;206;157;52;80;76;74;79;65;95;196;207;175;154;201;193;158;164;213;188;68;88;89;207;199;198;168;200;217;205;130;220;224;212;219;226;235;98;66;69;73;237;222;226;231;227;213;41;217;233;173;46;161;231;209;35;72;58;133;230;204;48;81;217;217;123;212;217;215;144;52;94;81;38;17;26;33;29;30;36;35;31;31;37;36;29;28;33;30;21;55;63;57;54;71;63;34;33;52;42;75;88;94;23;5;4;52;143;189;188;169;130;209;149;151;163;163;153;165;198;210;196;200;194;163;134;191;248;254;253;238;235;229;223;222;226;228;228;233;220;227;225;227;225;233;243;235;248;252;253;250;209;177;183;175;161;224;118;121;192;9;117;196;115;227;237;218;222;232;232;228;224;230;234;243;231;217;201;197;180;162;163;154;169;202;240;238;247;201;163;161;193;218;30;63;120;68;58;49;36;41;35;39;33;37;34;41;39;58;57;110;74;110;147;101;248;192;6;190;240;62;2;25;35;241;154;59;140;87;112;109;101;147;251;243;161;113;150;245;204;250;121;151;247;242;229;251;112;130;108;4;129;239;181;161;157;164;214;251;227;241;226;216;206;246;170;106;233;37;211;188;206;199;124;209;237;239;218;211;229;220;204;234;215;181;245;219;127;124;159;228;248;122;151;165;75;99;64;16;10;22;63;103;170;184;251;242;240;203;143;157;199;182;133;181;227;244;251;246;213;148;172;177;178;170;161;156;193;187;190;191;211;191;160;242;57;14;57;124;229;215;62;81;143;36;178;251;221;234;229;199;239;216;218;227;238;214;217;225;200;246;253;71;241;229;104;248;151;152;138;247;253;146;185;120;180;250;197;166;112;175;252;165;152
221;191;192;202;190;179;143;194;172;184;127;193;171;195;132;190;178;202;151;189;187;205;147;178;186;201;151;192;182;209;128;197;184;195;141;192;174;177;182;126;153;135;1;42;44;45;46;37;43;54;62;57;43;35;38;42;39;15;105;47;26;57;84;25;245;216;170;193;213;155;60;176;163;50;156;220;120;82;138;157;147;128;243;236;72;138;240;244;118;30;98;77;87;101;54;25;240;235;156;116;222;228;116;167;233;141;75;105;54;177;222;200;98;186;200;121;83;187;163;114;125;158;156;63;81;103;63;52;56;62;49;64;68;35;48;54;57;104;75;79;56;49;108;72;62;42;55;47;81;60;45;58;73;50;67;56;76;100;58;50;20;34;37;28;26;32;36;35;36;37;35;30;26;28;32;34;36;55;60;61;76;60;27;29;22;55;69;43;72;100;88;30;3;4;1;93;155;159;233;214;193;179;172;167;153;145;159;179;165;176;207;180;154;166;182;221;251;253;254;254;252;248;238;229;228;228;229;215;236;234;218;228;223;229;226;221;235;251;236;204;188;175;220;172;88;192;73;24;237;122;169;249;232;229;220;228;227;221;221;218;229;226;233;237;236;238;239;225;224;212;195;168;155;187;221;251;247;251;249;42;62;122;61;66;52;26;40;32;32;33;39;40;39;41;48;82;50;125;31;48;101;241;94;146;218;139;78;53;127;158;251;143;85;149;39;104;121;99;189;252;166;155;117;149;249;211;235;187;172;145;131;226;230;242;251;75;71;154;252;246;248;206;65;150;195;200;237;248;250;236;250;178;149;242;98;240;244;237;179;7;252;242;203;219;215;224;221;214;238;190;175;245;215;85;158;149;212;248;99;120;218;144;175;135;114;103;90;75;84;86;90;81;160;231;237;244;246;240;114;191;244;127;102;168;168;187;187;160;169;176;175;175;164;199;186;192;187;178;190;149;247;91;12;72;221;187;216;155;58;113;35;167;246;219;231;234;201;238;219;226;235;236;219;224;224;208;253;244;70;244;225;101;248;149;150;138;252;252;141;192;116;150;250;130;201;187;179;247;182;136
130;137;169;199;227;223;205;239;215;232;178;197;183;197;136;196;174;190;140;187;183;201;149;185;179;207;145;191;187;203;129;200;189;189;138;200;177;183;178;126;155;135;1;42;46;45;44;36;53;70;79;68;55;40;48;48;28;32;104;70;64;98;26;48;246;186;170;177;226;145;66;183;192;88;134;222;80;91;168;152;160;168;117;42;89;119;78;97;99;92;86;65;62;61;81;15;19;41;57;30;23;55;29;45;58;47;74;103;59;48;62;56;47;49;44;47;51;48;55;52;55;66;59;100;114;113;132;121;127;128;110;112;113;120;90;109;115;141;124;173;101;93;88;80;112;95;100;116;117;97;120;131;116;92;95;89;89;87;64;34;20;29;35;32;23;34;33;32;28;32;33;34;30;31;19;21;53;58;56;59;73;63;31;22;32;53;38;57;52;45;59;37;76;235;75;4;2;5;73;157;187;203;221;223;210;198;175;154;170;164;158;164;178;177;164;153;163;166;181;204;223;234;245;253;249;240;233;225;218;225;233;231;238;224;229;235;221;229;250;242;228;216;230;212;94;146;146;3;186;173;111;249;243;222;233;225;219;227;230;226;225;224;222;222;230;219;217;234;235;226;231;237;223;181;156;138;137;198;236;31;76;112;67;57;48;35;30;29;30;36;39;23;42;51;50;124;122;180;86;121;140;149;109;162;127;191;143;1;23;69;237;152;116;218;67;65;105;111;79;183;198;172;101;160;249;211;235;216;246;252;169;200;246;240;46;71;152;80;149;223;232;219;110;239;233;235;166;60;127;181;203;180;240;246;148;221;245;224;30;15;136;252;247;214;209;226;220;208;248;188;155;249;218;79;161;134;213;252;41;84;232;165;200;196;193;181;153;168;249;224;165;97;51;34;77;128;182;143;130;234;213;135;99;174;171;115;157;223;194;185;173;170;172;180;195;208;193;181;197;146;249;86;7;196;232;196;213;235;91;73;45;157;248;227;235;232;202;235;223;218;233;232;217;214;228;205;252;251;72;246;228;93;246;153;137;142;251;251;142;183;109;181;248;160;143;210;234;245;182;152
88;79;69;56;62;67;71;102;145;156;158;218;229;232;189;237;220;221;170;199;186;190;130;179;169;191;147;189;190;202;142;199;181;198;146;199;168;181;177;133;157;137;3;47;53;44;40;37;55;71;76;74;61;36;44;37;20;102;98;58;98;43;14;191;246;196;183;176;218;106;102;107;231;65;143;219;64;114;169;147;191;157;130;95;107;136;170;161;190;147;172;147;113;110;85;108;99;61;82;81;74;74;93;86;81;64;94;88;97;88;70;87;93;95;69;80;77;90;80;80;73;53;86;54;78;89;91;96;66;74;144;132;106;113;123;124;118;107;106;77;66;100;109;90;100;95;72;93;101;94;92;97;102;98;72;74;90;93;80;38;14;30;34;30;25;36;33;33;38;36;31;31;30;35;24;26;48;66;68;73;75;66;39;23;23;49;32;44;52;63;59;5;38;253;203;224;176;63;5;0;0;15;28;90;142;181;207;234;214;211;199;182;171;168;175;187;170;165;156;153;151;146;160;191;216;234;249;253;246;241;230;221;220;226;226;232;233;219;218;235;239;245;233;253;112;118;175;6;76;225;92;197;243;233;225;228;225;225;222;223;227;226;223;225;217;227;229;222;215;221;233;229;228;241;250;245;193;162;173;38;76;110;68;48;38;34;38;33;34;25;39;37;38;56;15;10;76;231;254;251;173;199;193;113;39;156;98;114;249;181;221;139;123;242;45;77;114;86;171;74;177;239;105;162;249;208;249;143;173;252;194;243;251;34;89;171;139;142;147;190;253;232;94;247;245;247;190;38;60;12;9;141;53;105;143;183;245;240;25;15;23;28;164;231;216;232;220;200;238;196;153;253;208;70;144;149;232;241;58;85;246;156;173;187;175;179;169;167;249;248;251;247;235;185;82;78;40;54;174;249;246;244;251;239;210;154;130;220;226;205;200;211;210;197;192;209;177;219;226;151;249;99;12;206;221;194;195;223;163;71;28;167;244;218;230;230;205;233;222;215;237;243;224;218;222;195;246;249;76;249;212;101;249;143;134;142;248;252;154;166;96;216;248;213;150;112;195;247;161;159
41;55;65;74;88;95;90;87;76;62;57;68;68;82;86;118;154;177;175;221;233;244;190;233;231;205;156;196;196;177;133;189;185;171;150;198;170;184;177;134;147;142;4;42;53;52;51;43;56;70;64;74;63;29;46;35;19;182;77;89;42;25;226;196;228;182;183;179;222;125;85;57;241;54;150;216;21;146;168;161;185;108;62;108;121;86;67;56;75;121;144;156;192;199;184;201;158;120;112;106;93;82;78;65;50;63;93;60;78;91;72;58;76;76;68;85;91;115;134;114;120;140;134;106;90;90;50;89;133;139;71;92;132;154;110;127;175;99;36;125;162;144;80;84;63;137;155;162;151;162;165;162;128;172;178;155;68;67;132;70;8;32;33;27;27;37;33;33;38;36;32;31;28;33;24;29;49;75;72;68;63;69;56;27;35;53;42;55;57;61;55;19;3;231;156;135;171;253;252;160;46;17;0;0;8;2;1;33;96;125;163;199;222;225;216;211;204;190;190;184;170;179;179;148;147;142;149;189;224;246;249;253;252;235;225;224;226;232;229;216;227;219;215;253;164;72;184;45;0;222;130;140;254;223;251;231;231;228;225;226;227;222;221;229;221;226;225;223;216;214;219;214;206;220;210;225;238;251;239;59;74;99;69;50;39;31;38;31;44;18;41;38;39;56;7;147;204;186;162;208;252;168;195;240;209;144;151;149;248;254;148;105;92;215;75;104;148;85;149;251;1;221;128;153;251;218;227;191;205;208;213;189;53;38;101;99;92;75;86;68;176;197;144;161;161;180;243;160;140;86;89;247;246;35;11;127;165;251;250;113;52;5;87;245;221;219;215;195;234;182;169;245;210;87;164;169;215;249;101;61;231;161;196;179;170;177;165;148;248;234;227;236;252;245;93;93;171;72;130;93;29;72;167;196;239;150;107;233;75;102;84;79;79;168;120;85;102;98;116;98;195;21;18;56;39;38;48;40;48;73;34;154;244;217;227;221;193;232;231;214;236;244;219;217;227;203;253;252;72;249;222;97;245;168;147;145;248;248;126;194;100;185;247;207;168;115;167;245;151;151
46;41;22;10;7;17;35;36;55;63;82;76;72;77;78;75;70;54;34;51;61;69;72;125;147;178;188;223;230;239;215;232;226;178;194;203;160;168;175;135;152;151;2;48;48;38;44;50;64;78;71;91;79;38;60;47;52;120;78;59;4;233;198;173;244;179;190;185;213;121;39;47;239;66;169;187;24;187;173;170;132;97;130;187;137;140;143;163;146;56;64;73;86;91;126;134;177;221;209;174;176;165;119;160;209;211;145;86;92;148;219;216;159;114;212;229;188;156;129;173;233;225;210;117;120;88;12;163;234;227;28;98;232;229;126;231;233;78;37;232;235;138;33;95;42;240;223;235;227;228;240;183;130;226;222;164;41;80;159;76;4;36;33;26;29;37;31;32;30;35;37;36;28;28;21;31;53;78;72;57;58;73;77;35;37;41;38;55;52;50;53;49;10;197;191;170;117;54;169;250;254;204;233;203;165;89;16;3;1;2;2;1;16;52;103;145;174;214;226;229;237;212;187;202;193;177;158;150;154;151;163;183;224;246;253;248;248;244;232;233;230;215;229;248;217;98;156;117;0;161;190;86;245;160;195;241;250;241;229;223;224;222;223;228;230;222;219;228;228;222;226;226;220;218;211;216;214;235;240;43;88;95;75;63;52;35;39;34;33;32;45;35;50;56;1;254;145;19;196;171;202;250;165;185;227;229;218;193;160;165;177;171;171;199;78;29;98;103;60;254;65;125;152;168;249;216;244;203;250;247;233;84;6;98;75;41;48;57;43;29;2;157;251;252;190;127;242;171;141;97;120;212;221;126;86;161;238;183;235;154;14;192;251;245;247;252;240;227;247;186;153;249;174;85;142;119;235;249;162;48;243;176;174;187;178;169;173;164;250;241;236;232;237;247;131;104;230;190;153;139;132;37;15;58;85;51;38;109;58;81;122;136;24;182;187;178;217;197;187;194;187;10;77;56;48;45;48;58;57;108;46;175;243;213;234;246;200;236;232;204;225;237;210;209;228;205;253;251;70;221;230;86;249;164;122;153;252;248;154;170;92;212;247;204;161;124;202;245;221;130
74;85;89;95;79;56;50;37;23;19;17;10;10;13;20;29;50;77;96;97;105;105;105;77;83;54;33;67;71;69;89;148;201;168;190;238;236;232;219;161;158;157;1;44;52;57;56;48;56;73;78;103;87;42;58;42;53;116;81;4;209;240;146;183;240;158;187;183;210;88;110;110;223;69;220;122;67;178;161;180;106;73;233;232;95;160;235;234;154;40;88;95;70;52;63;16;148;236;193;87;115;152;121;138;230;227;150;148;165;159;226;228;147;71;221;213;156;100;138;102;158;171;180;118;148;135;84;63;85;100;75;33;81;73;56;73;57;51;38;59;62;29;54;89;45;33;72;52;80;75;94;122;91;93;85;45;78;82;162;57;4;40;33;26;30;34;28;29;33;37;38;37;28;29;25;38;55;71;75;66;73;74;86;49;36;38;39;45;41;52;57;60;3;206;205;161;186;160;58;103;251;207;112;204;204;246;249;238;213;165;91;31;5;1;1;2;1;4;37;76;115;172;210;205;220;230;228;199;196;179;166;147;147;149;171;198;226;244;245;251;242;239;211;215;254;87;141;142;4;70;225;95;214;206;120;151;163;208;244;251;250;245;228;212;217;222;222;223;223;226;229;218;230;219;225;223;211;222;249;48;98;96;78;63;52;38;36;31;23;44;38;32;45;69;1;171;254;85;95;130;165;212;254;164;166;200;178;205;186;180;203;196;191;205;208;186;145;137;176;228;141;162;134;169;250;203;226;211;217;228;218;247;27;70;85;98;75;96;103;32;102;209;170;247;242;189;221;107;173;103;201;199;139;129;104;161;250;239;250;77;93;215;4;4;30;108;187;218;230;204;175;247;129;2;4;126;251;235;146;59;225;176;172;194;181;186;171;156;252;241;226;241;243;249;245;213;246;250;248;246;245;252;241;157;211;153;121;175;240;213;234;196;87;218;221;213;185;176;171;197;182;23;40;86;62;38;49;60;84;99;31;156;250;210;223;244;180;220;227;207;225;243;223;210;227;199;251;249;60;220;181;18;249;187;91;150;244;245;172;176;103;202;249;194;150;111;197;249;182;219
101;94;84;91;90;84;92;89;89;84;75;75;75;62;48;50;30;14;6;9;13;4;37;33;51;76;84;88;90;74;40;9;6;57;4;13;33;89;131;106;142;148;27;44;44;53;48;46;57;70;89;108;92;59;70;59;52;132;36;79;245;173;150;192;241;165;197;186;203;61;128;109;216;68;245;58;100;145;148;195;90;8;125;114;85;54;34;40;49;82;92;78;85;85;98;47;35;85;55;56;79;91;54;29;73;58;49;88;93;37;66;57;56;53;40;58;43;50;101;69;43;62;48;96;123;111;129;124;99;99;129;89;66;83;115;99;93;123;102;87;81;78;120;70;94;69;68;90;80;88;95;84;113;124;123;92;94;81;138;63;7;42;33;27;30;30;27;28;43;39;33;30;26;31;29;42;57;60;70;73;76;65;77;64;37;41;52;45;21;24;32;56;4;166;231;155;164;163;159;77;123;246;196;151;166;156;169;169;191;214;240;255;251;215;159;121;46;11;1;6;6;1;1;3;65;99;145;172;216;235;241;226;211;179;170;147;122;143;175;193;230;253;253;249;249;139;96;160;0;13;220;114;137;254;146;176;156;121;113;162;218;239;246;253;252;245;227;217;218;226;228;213;206;214;222;211;216;232;253;37;92;97;81;60;48;45;32;19;33;28;35;36;35;67;10;167;215;176;117;130;134;152;205;247;212;253;253;240;235;230;184;199;191;179;191;214;220;202;200;179;171;182;118;214;252;252;252;232;251;250;193;243;104;19;54;22;26;21;40;4;220;234;162;198;212;162;246;108;179;131;180;119;194;146;113;182;174;200;250;241;245;236;199;100;34;98;63;64;147;217;196;244;180;6;74;191;224;254;150;53;238;163;189;182;172;186;162;149;254;243;222;236;223;242;253;164;206;227;181;210;169;178;248;246;164;43;112;119;132;55;54;42;75;90;31;35;56;50;60;74;98;80;88;46;65;143;167;21;10;122;243;242;251;230;238;241;177;225;229;195;232;243;229;203;230;202;251;249;129;96;248;173;110;124;121;135;251;246;166;141;94;231;246;202;164;103;210;245;122;184
109;102;93;95;103;106;104;96;84;87;84;87;92;88;83;83;90;87;81;84;79;62;56;38;30;18;10;2;16;2;55;111;72;249;210;140;80;86;78;39;16;126;132;78;31;48;48;51;52;59;90;99;87;74;82;78;92;102;20;164;199;167;166;194;241;166;200;195;181;62;56;73;237;80;222;26;137;142;168;176;48;64;156;129;141;130;104;91;76;100;96;92;102;99;109;118;96;100;76;109;86;87;82;72;103;82;92;103;91;79;105;87;102;99;77;110;119;89;69;95;110;98;122;83;57;106;93;86;75;64;105;86;104;76;95;94;82;92;106;143;161;175;136;158;132;147;136;102;102;107;78;69;85;82;73;73;109;94;128;54;10;41;31;30;29;28;28;29;44;39;32;30;25;30;27;40;60;61;65;70;66;64;66;64;53;50;76;86;63;50;45;78;3;129;241;166;191;163;163;150;99;113;202;181;182;190;176;187;162;165;161;160;175;200;225;243;254;254;219;178;148;92;27;1;1;2;1;1;1;33;92;138;181;213;238;230;223;194;148;146;143;143;197;229;249;157;65;184;42;18;172;135;117;239;147;183;193;198;185;156;135;132;142;153;191;219;246;253;236;218;226;233;246;241;228;214;211;225;252;43;88;98;83;63;49;53;31;21;34;19;44;43;47;52;1;233;250;189;117;146;123;139;103;226;232;145;153;184;217;248;248;252;252;231;233;191;172;207;183;177;198;210;77;134;192;112;200;206;231;254;220;213;236;235;149;205;208;136;230;154;238;220;250;246;183;169;232;124;188;110;95;67;248;110;96;239;237;161;123;207;243;246;247;243;49;152;176;120;236;215;224;88;139;49;177;231;206;247;174;16;209;157;188;173;184;177;174;163;239;229;246;230;247;249;242;124;215;225;231;190;237;211;240;214;220;94;76;84;77;66;83;102;100;112;92;121;114;72;61;98;101;134;235;222;244;245;162;43;18;82;251;208;187;203;227;228;203;248;245;206;232;233;224;185;225;200;249;247;134;7;146;227;250;230;248;185;179;229;161;146;63;229;240;212;176;97;225;251;143;101
130;137;132;116;108;107;102;96;101;101;102;101;95;81;87;92;100;102;82;76;80;96;87;85;76;66;84;83;90;22;70;139;58;194;202;212;221;223;199;195;152;120;89;55;73;79;40;50;54;58;99;105;95;92;92;89;90;88;50;201;191;190;160;198;239;149;195;211;167;76;28;93;239;89;205;23;163;129;189;139;25;84;99;106;127;121;83;95;95;91;86;86;101;95;94;100;105;87;94;111;101;87;106;132;80;95;94;93;96;123;113;87;109;135;117;70;104;110;88;95;109;123;119;143;96;94;115;102;121;141;123;98;133;144;41;74;93;106;123;124;154;171;129;132;131;131;159;175;145;91;142;158;141;143;171;144;77;58;139;52;11;40;30;31;29;26;29;30;37;39;38;38;29;28;23;37;62;71;68;70;61;79;64;55;51;36;73;116;131;125;89;93;8;87;252;159;166;171;156;148;169;112;136;195;174;178;189;180;184;189;189;188;190;184;169;157;153;168;191;205;217;243;251;233;190;148;83;43;2;5;1;0;0;9;48;100;166;210;221;249;232;193;168;124;177;180;6;45;18;0;144;178;110;213;180;148;167;166;170;187;201;194;176;167;136;129;138;183;231;252;246;220;190;219;248;253;230;239;252;22;86;90;71;55;40;44;24;29;26;43;42;32;63;57;4;228;245;254;145;88;151;144;141;126;210;179;188;157;134;126;143;133;160;207;234;247;252;247;236;245;210;237;202;141;178;74;125;163;136;83;157;254;230;246;165;199;230;175;250;190;239;238;247;249;226;194;230;130;175;127;166;124;223;139;76;252;250;205;177;132;99;156;166;29;66;168;113;85;242;243;241;109;111;86;37;250;225;105;90;200;231;169;196;218;184;196;175;151;254;236;238;232;245;223;163;144;229;253;226;233;249;230;202;251;245;123;123;87;110;202;189;216;133;204;170;174;207;183;206;228;223;17;18;41;42;64;92;113;88;23;2;90;249;241;227;204;198;232;247;247;239;239;237;183;221;194;247;251;162;175;185;6;249;220;215;243;219;147;91;243;67;181;249;226;151;84;232;244;180;140
85;88;91;104;120;123;120;124;123;113;113;118;111;97;101;117;118;95;90;93;91;82;75;90;93;88;80;73;93;21;75;173;64;185;211;160;177;165;160;153;177;103;38;31;50;37;39;55;66;42;110;139;120;115;109;95;101;116;47;184;216;154;81;196;226;158;194;222;157;50;136;127;225;112;187;42;170;120;195;79;45;87;145;147;143;135;147;143;94;78;85;105;88;93;124;105;84;74;145;151;164;184;152;58;107;151;151;164;156;171;97;144;187;158;170;209;153;44;178;220;204;198;228;225;53;107;87;60;237;235;230;233;233;207;45;61;237;238;228;237;233;191;43;100;68;67;240;235;106;66;234;228;159;215;237;176;20;76;169;33;15;36;38;29;28;27;27;34;42;39;35;36;34;28;28;38;61;67;75;73;66;81;65;53;54;42;72;111;96;113;114;116;10;69;248;109;89;207;161;173;125;7;156;205;172;160;184;183;177;178;180;174;181;180;185;191;194;177;170;169;151;134;151;187;217;216;238;254;241;209;156;97;40;8;0;8;8;0;12;46;101;168;225;210;201;254;15;1;32;1;100;197;91;187;217;157;158;175;167;151;150;167;186;191;207;196;175;147;133;147;163;160;118;111;116;155;198;251;252;6;69;75;59;58;42;35;24;37;35;39;33;45;65;41;10;228;247;250;206;63;117;121;144;138;149;170;253;252;236;200;225;249;194;145;123;141;153;150;168;198;239;252;243;253;253;243;254;242;227;203;90;19;145;201;255;173;181;246;237;174;181;167;192;243;218;208;248;143;208;133;147;188;212;127;107;218;192;196;174;168;147;135;127;58;67;145;93;172;158;218;168;79;118;131;55;116;251;167;75;184;246;240;144;151;202;213;218;174;254;244;228;219;253;205;223;129;195;232;229;225;228;224;247;249;244;129;173;102;146;233;236;237;145;223;174;164;222;193;197;167;182;26;2;3;1;2;55;177;140;66;34;71;201;200;242;248;241;204;181;185;226;233;238;214;253;198;238;247;204;220;232;33;245;235;188;184;208;235;237;245;232;173;200;164;141;90;226;245;165;146
135;113;88;73;69;70;71;69;77;83;88;93;104;116;119;113;112;115;125;119;113;114;113;122;108;98;91;96;117;15;78;173;53;198;200;174;180;154;163;152;169;108;28;40;48;44;51;52;60;25;107;153;116;113;124;95;98;127;82;96;211;207;122;234;203;156;203;226;117;67;215;125;201;135;151;76;172;151;160;52;38;66;239;234;233;231;239;114;23;97;111;91;90;95;102;100;88;56;248;237;237;227;179;21;210;229;232;230;232;223;34;140;232;214;222;213;79;24;81;209;204;206;191;84;71;98;92;24;97;130;103;110;128;68;63;58;98;91;86;97;89;48;59;78;62;34;65;79;46;28;59;103;53;75;83;42;34;64;141;38;15;35;36;26;26;26;26;34;44;36;30;31;31;24;29;46;62;64;80;72;65;63;72;72;59;38;70;112;103;101;104;112;23;59;244;187;232;207;149;87;6;32;236;169;174;171;172;167;180;181;186;179;171;181;176;174;175;179;178;178;186;192;179;158;163;160;160;160;169;198;233;253;251;242;219;172;103;37;5;0;0;1;2;128;140;105;82;18;40;3;60;188;112;158;188;179;162;179;177;170;169;163;157;150;159;166;187;199;190;179;177;175;192;191;178;147;127;166;182;3;52;57;58;53;35;38;41;32;38;31;45;47;41;64;7;233;236;225;254;125;80;123;120;141;154;151;209;249;252;240;246;240;250;252;247;203;175;205;214;169;121;137;137;159;181;199;229;229;246;247;246;141;1;125;200;249;159;174;234;245;229;228;208;188;162;134;136;103;149;95;153;253;249;106;180;253;237;195;159;195;181;147;163;122;100;108;135;247;243;184;17;60;51;63;69;3;52;180;253;168;254;197;1;7;19;37;120;114;212;252;251;252;248;183;185;248;242;238;253;152;145;252;234;236;245;135;154;155;77;104;117;125;93;126;118;87;121;95;108;129;200;36;4;43;34;35;2;1;138;116;4;106;137;103;155;170;222;246;243;244;230;221;195;205;249;241;241;252;195;204;241;28;244;246;182;249;178;152;188;197;217;251;177;125;191;120;203;250;204;101
240;237;240;234;215;197;178;159;131;116;98;85;76;68;59;53;62;70;81;79;85;99;102;103;111;122;121;118;130;24;100;175;63;191;202;167;185;172;161;163;166;105;7;51;51;49;59;47;72;22;102;167;133;124;134;65;106;117;127;93;117;207;172;247;175;165;208;223;88;73;245;149;171;136;117;116;146;160;97;28;77;12;42;34;48;51;28;14;20;49;39;33;41;32;27;31;48;8;6;46;49;43;31;15;21;40;50;50;61;46;25;17;50;40;34;33;10;74;10;21;30;24;13;14;52;48;40;27;1;18;28;26;33;20;43;55;49;28;12;27;43;35;44;35;60;47;45;45;51;71;61;54;92;98;74;44;66;44;141;32;17;35;34;23;24;25;26;35;43;38;30;28;27;26;34;49;77;70;74;72;67;60;68;56;51;32;63;97;107;107;110;104;53;26;247;231;157;59;39;18;21;166;170;164;175;167;168;167;171;186;171;183;185;181;181;184;183;185;175;159;159;174;181;176;176;186;186;178;172;165;162;168;171;176;191;217;248;254;246;223;172;108;12;113;142;18;74;71;51;32;43;172;146;166;220;213;199;186;166;171;182;171;167;176;173;160;153;156;164;176;184;182;177;171;182;186;186;211;171;2;76;68;62;56;45;35;37;27;34;40;35;45;44;64;9;225;250;202;250;164;50;136;83;132;155;144;162;244;232;228;226;225;225;232;247;252;251;251;252;248;247;251;240;222;200;180;172;160;143;157;171;253;116;40;111;205;252;182;229;254;254;235;223;245;251;249;226;178;177;140;113;165;211;76;162;253;253;201;147;252;194;150;157;136;84;119;57;186;246;187;69;114;84;59;61;63;4;29;114;98;251;166;3;169;252;102;61;93;107;154;135;142;202;219;248;245;232;247;249;38;30;244;251;248;231;136;174;182;173;152;169;178;135;156;178;174;186;185;185;177;236;51;2;42;14;17;13;3;2;110;27;57;104;221;118;116;125;104;129;209;242;251;247;233;198;216;218;247;205;215;246;18;240;246;166;252;244;170;239;180;195;164;195;223;248;243;208;130;117;121
176;185;195;199;203;213;223;226;236;230;234;242;232;207;191;191;160;141;115;92;78;69;59;55;55;49;49;63;83;5;82;163;56;201;204;168;186;161;160;161;172;94;2;62;58;52;60;47;63;34;104;151;132;143;155;22;124;140;113;121;80;121;92;248;152;174;212;218;68;73;235;178;158;135;96;164;150;177;103;71;109;74;100;94;81;89;99;104;142;119;98;102;112;124;131;115;124;121;124;122;101;107;130;138;121;126;120;101;110;116;126;126;119;126;128;137;135;142;124;136;146;143;148;169;149;124;140;166;158;163;158;166;157;157;156;149;156;176;187;187;174;171;146;174;167;183;178;164;167;160;171;163;148;160;146;147;144;123;164;7;21;36;33;22;24;25;27;37;38;41;36;29;27;31;38;47;72;67;59;75;69;71;62;35;31;22;52;90;107;109;106;93;69;4;82;20;10;17;30;46;240;251;175;194;186;177;171;165;162;176;170;176;185;194;176;183;181;178;178;180;180;176;170;166;166;168;167;170;179;180;174;172;176;178;175;166;155;154;170;188;220;221;246;232;253;240;190;43;76;48;31;15;1;7;40;104;153;194;204;194;198;199;187;169;182;168;163;170;173;169;166;167;165;162;167;162;162;208;168;5;45;77;62;39;41;46;41;29;36;35;44;32;59;63;3;241;237;207;254;230;62;123;77;99;150;152;144;247;238;227;219;234;232;235;229;224;227;227;225;227;244;239;238;239;246;251;252;251;232;220;216;206;242;80;58;126;210;240;171;172;198;251;254;239;237;230;230;254;189;230;254;215;215;189;148;105;45;50;49;77;155;168;165;156;126;141;119;229;215;182;100;50;15;20;13;4;2;232;28;25;233;6;63;148;193;149;90;177;228;221;57;42;182;182;100;182;207;228;252;121;9;29;117;243;250;153;186;195;193;213;200;227;180;206;237;215;211;191;203;207;245;55;2;25;22;28;44;49;15;57;49;66;124;186;167;151;145;109;41;105;101;155;224;252;249;249;224;251;178;156;249;25;252;252;176;242;252;170;249;208;214;242;176;178;174;219;207;207;205;190
189;195;190;186;191;191;186;187;177;183;190;193;197;204;214;222;230;232;237;245;243;231;224;222;194;171;144;123;119;62;85;117;29;170;190;172;162;184;173;163;177;91;5;68;59;52;60;53;75;33;115;162;128;134;159;11;132;152;109;130;110;98;87;246;135;179;210;222;46;87;242;186;139;136;74;177;167;186;115;105;124;125;142;147;170;149;166;153;144;155;159;162;163;162;161;156;155;153;153;157;150;171;146;157;159;161;151;174;165;173;178;168;146;155;157;154;167;150;167;159;152;159;159;151;157;164;158;145;153;153;138;148;161;150;165;147;151;148;145;146;148;149;160;166;158;167;152;163;158;154;156;165;164;161;151;142;140;166;133;1;24;37;33;23;25;26;28;38;37;39;36;32;31;31;38;50;62;64;63;79;64;53;46;33;27;21;47;99;113;103;95;95;40;67;165;55;98;66;122;150;144;223;253;173;141;176;205;218;198;207;186;190;152;171;180;174;189;192;191;184;178;177;181;184;182;178;180;181;177;176;176;171;182;172;171;182;186;178;170;169;160;150;146;140;139;174;250;57;18;59;49;2;47;23;1;1;4;1;4;50;100;128;169;212;212;213;206;191;184;180;171;161;165;162;164;165;156;198;165;3;45;69;50;54;54;47;33;34;30;35;46;32;59;47;4;231;253;234;250;253;88;79;111;58;154;161;131;200;243;233;223;227;236;223;227;235;231;233;237;229;225;223;232;234;233;229;223;229;236;252;251;241;252;169;34;86;153;231;189;197;215;225;232;232;237;248;254;239;250;167;151;213;218;233;254;247;218;183;245;190;135;149;126;98;75;74;143;247;249;169;145;166;169;186;174;107;172;250;130;35;224;75;97;169;183;99;95;93;168;237;95;134;248;178;81;191;107;215;177;212;73;18;72;251;240;138;207;191;194;185;186;232;166;147;200;205;190;206;199;178;240;51;5;79;221;222;210;194;84;34;25;92;153;173;240;242;246;244;151;240;176;95;84;96;129;195;229;248;202;97;233;45;236;250;171;248;252;153;248;205;197;253;187;252;209;202;191;191;214;195
182;189;191;191;195;193;188;189;189;194;192;185;183;188;190;186;184;190;191;194;193;192;197;196;212;230;242;235;243;243;233;217;210;202;191;150;190;170;155;164;171;94;19;69;51;50;63;60;83;14;123;183;131;141;146;8;124;147;109;122;143;88;87;250;125;196;197;223;43;115;247;188;111;128;92;161;173;179;84;115;115;128;115;120;123;114;140;122;129;128;129;133;132;124;128;144;129;144;138;148;146;148;152;131;133;139;148;138;146;140;135;133;154;143;148;141;138;144;142;148;149;149;149;147;139;147;142;152;154;150;157;150;157;152;153;159;157;155;157;166;168;162;164;155;172;152;159;169;154;171;162;150;163;160;155;146;132;150;122;7;26;38;34;25;27;26;27;36;38;32;30;35;34;27;36;57;66;64;71;71;60;32;35;40;32;22;31;76;101;101;96;95;23;63;236;134;135;136;141;227;114;12;2;105;116;99;90;89;105;131;179;197;254;211;172;146;145;145;149;160;177;190;190;185;191;186;187;184;176;178;188;191;174;176;181;184;182;178;179;182;182;180;189;189;188;152;198;61;1;14;13;189;193;215;252;220;140;89;23;1;4;8;8;0;14;57;108;152;187;204;206;204;204;198;181;168;161;202;168;2;34;72;62;53;24;28;34;26;35;46;42;49;54;44;10;170;210;201;223;255;171;51;113;34;107;152;141;159;247;250;249;244;231;231;227;221;221;230;235;233;233;231;235;232;226;224;228;239;235;219;224;232;249;252;103;50;111;188;204;195;254;227;243;246;238;228;239;216;234;254;198;229;251;217;204;193;222;219;155;237;255;251;255;249;207;169;139;241;252;130;162;206;220;201;210;150;248;204;69;63;231;115;62;162;207;131;130;205;251;188;103;143;247;187;117;132;210;247;11;173;218;170;234;251;239;162;174;191;191;189;205;204;9;3;200;227;188;185;191;181;235;61;12;43;34;22;19;22;27;65;15;101;194;82;28;49;138;156;180;244;240;250;225;190;179;109;46;115;163;159;251;65;217;249;176;247;245;187;249;214;196;249;185;226;240;187;248;225;148;123
189;185;194;199;191;192;201;199;200;198;196;196;197;196;194;193;196;199;193;195;197;196;199;192;191;185;187;185;186;193;199;210;208;210;205;216;159;156;188;157;171;97;17;70;48;49;65;66;63;8;129;167;122;175;122;6;140;183;156;142;151;112;131;249;116;214;194;212;42;148;237;191;99;129;132;163;189;147;73;122;127;131;137;146;158;137;148;140;151;144;150;156;159;166;166;158;158;158;152;158;157;164;164;170;171;168;164;162;158;148;148;170;146;144;154;161;158;179;158;161;172;159;166;166;170;168;167;160;152;161;167;169;161;158;157;160;160;164;160;152;143;147;134;150;153;140;148;146;154;153;154;170;172;164;138;131;113;123;142;2;26;37;33;25;27;26;24;33;33;32;32;34;32;28;37;55;63;61;65;56;60;48;45;50;31;21;19;43;74;77;81;76;74;6;234;116;135;158;141;124;226;246;63;83;182;144;168;158;133;111;100;72;72;231;251;249;254;253;234;200;162;140;138;145;154;165;178;191;200;196;189;189;188;182;171;166;170;178;178;173;179;175;174;167;180;173;226;114;58;72;59;124;135;117;174;199;220;245;254;249;223;182;113;37;5;1;1;6;3;1;33;90;123;180;216;207;207;241;182;2;60;60;33;46;51;49;46;32;40;31;47;43;46;66;2;139;196;149;140;163;187;56;104;52;83;160;149;127;187;211;215;231;242;252;250;249;252;236;219;226;231;227;223;226;234;238;233;223;221;239;227;238;226;247;165;37;51;162;200;187;237;223;250;248;243;242;249;250;227;211;172;128;201;205;241;249;248;252;231;138;188;217;209;197;230;254;232;237;249;143;171;204;222;149;154;90;222;147;80;56;240;124;137;170;201;129;82;191;253;179;107;162;242;186;80;108;247;111;68;252;250;229;69;183;225;250;226;166;195;177;170;248;83;51;245;172;188;186;190;186;240;47;1;53;12;13;9;6;26;86;6;150;249;233;213;138;79;72;79;141;195;227;242;247;247;246;170;95;141;173;199;190;170;250;181;248;249;187;245;192;196;254;194;243;225;203;250;212;152;125
203;180;188;197;183;190;202;186;193;193;190;187;188;193;196;196;194;194;188;195;196;190;195;193;202;195;199;201;196;190;189;190;194;202;199;205;227;162;152;166;178;99;7;74;54;53;68;71;87;23;134;165;130;179;74;23;106;131;116;128;144;111;164;253;105;215;207;198;24;176;233;189;92;131;128;158;188;70;64;79;74;77;84;84;85;95;94;102;98;90;84;74;63;59;67;83;80;69;54;57;68;75;68;80;72;71;72;70;72;66;60;66;57;70;68;83;77;63;70;79;76;79;55;59;74;95;75;55;56;46;67;56;58;68;64;62;59;58;52;52;61;63;60;52;49;65;63;68;67;69;84;88;96;93;65;46;53;99;140;1;25;36;33;25;28;25;22;30;26;38;39;32;29;34;40;46;61;72;66;52;54;69;48;44;37;29;36;53;71;44;54;63;41;35;207;131;151;126;157;157;174;200;137;60;129;122;129;128;141;177;151;189;82;23;19;51;126;174;225;248;254;254;254;252;206;200;172;152;156;154;155;174;188;195;197;187;176;174;178;181;182;173;177;182;166;168;216;113;77;114;74;92;145;145;155;167;140;136;142;158;170;195;232;244;254;247;204;140;79;29;2;0;12;3;0;9;67;137;126;20;55;81;57;50;58;34;25;22;8;15;19;15;31;46;3;146;217;172;188;189;211;98;101;50;39;145;149;148;169;195;150;161;164;177;200;220;235;249;253;252;243;249;237;221;212;217;229;228;226;234;225;228;230;253;219;73;52;76;210;182;232;237;215;246;252;254;249;246;251;240;250;204;169;196;142;155;161;183;222;252;214;238;236;251;232;217;218;200;208;212;192;139;212;253;251;233;250;188;125;98;160;88;82;160;201;167;146;184;252;220;124;210;251;104;64;249;231;20;124;232;204;186;76;249;249;243;182;167;189;189;219;210;66;45;217;246;157;186;185;167;244;68;11;63;40;34;35;41;42;92;16;141;247;232;248;246;244;161;119;71;42;45;54;125;206;246;246;246;231;202;132;122;119;222;154;203;249;188;251;212;217;253;175;235;240;213;253;135;133;138
208;198;193;194;193;193;193;194;195;193;195;199;197;191;191;195;195;197;199;198;195;194;195;196;196;194;192;194;199;201;199;197;196;194;193;196;206;207;176;133;174;101;11;76;65;55;68;66;85;5;138;164;141;178;51;131;133;102;105;120;135;37;196;249;109;219;197;188;24;201;229;180;111;107;133;162;152;53;73;63;70;63;59;61;61;60;60;62;61;63;66;72;76;77;74;71;75;75;76;76;75;74;72;71;80;79;78;78;79;79;78;77;84;83;81;78;76;75;76;77;69;76;79;82;79;64;67;92;90;84;89;78;79;89;82;85;93;92;91;91;92;94;96;98;95;102;98;91;95;102;100;93;93;108;79;64;79;118;123;4;30;36;29;24;28;24;21;31;27;32;34;31;27;31;44;55;64;72;69;45;46;60;45;39;35;10;31;79;72;54;56;71;71;39;214;134;141;151;120;150;182;227;142;70;138;122;116;129;137;117;117;129;94;253;189;40;74;16;1;12;24;58;112;146;206;254;252;243;255;255;226;196;174;160;156;151;157;172;171;169;172;195;164;184;188;166;194;177;32;79;74;83;145;128;171;181;178;184;180;173;153;150;156;135;127;168;193;219;249;254;244;223;176;131;71;20;4;0;11;1;2;47;61;52;35;54;52;60;73;75;59;36;30;23;0;144;200;148;160;187;205;113;46;35;20;131;140;144;155;206;194;195;185;177;168;163;163;164;168;171;199;216;246;253;252;253;253;253;251;253;252;243;244;242;250;115;58;26;181;180;213;254;236;254;239;249;245;244;244;247;227;252;202;252;253;232;210;166;143;141;125;128;181;175;174;189;228;234;233;244;253;109;37;201;247;227;202;240;254;244;235;214;175;138;96;82;77;97;150;147;139;231;250;143;98;250;245;56;145;242;215;227;135;220;229;251;156;192;189;215;240;61;92;106;71;224;241;206;185;191;238;47;3;97;58;37;42;39;55;107;32;133;248;202;233;216;239;243;243;246;234;198;132;90;68;62;128;217;241;247;246;86;93;149;160;142;134;160;251;218;201;246;202;248;250;123;199;129;202;145
206;195;183;184;193;194;193;197;193;192;193;196;195;191;192;195;196;197;197;198;197;197;197;196;195;194;194;195;196;197;198;198;204;196;198;191;189;218;219;175;150;97;27;63;62;74;72;75;86;10;146;160;150;159;33;172;143;145;138;138;140;72;247;245;105;225;204;173;26;217;215;170;108;84;136;176;119;55;90;77;87;83;82;87;89;89;89;91;90;90;92;96;100;99;96;93;91;92;94;95;96;96;96;96;100;99;99;99;101;102;101;100;99;99;100;101;102;104;107;109;108;108;102;103;111;106;99;105;102;99;107;99;100;107;97;98;98;99;102;105;107;107;107;107;102;105;100;96;100;107;111;115;119;116;98;94;96;123;122;3;32;36;29;24;28;24;22;31;35;32;29;28;25;28;46;66;74;64;50;39;40;46;37;43;41;20;20;44;66;69;65;57;61;23;193;147;135;150;136;134;192;205;153;56;142;136;140;130;129;140;128;133;53;178;223;113;156;151;164;142;104;88;77;45;0;24;32;55;97;152;198;255;250;250;255;255;233;197;169;152;141;140;144;135;159;183;171;208;24;88;82;56;145;125;164;175;169;170;164;169;182;176;166;175;172;156;152;143;156;147;147;183;215;221;254;247;236;219;171;130;102;55;30;81;58;56;42;54;130;181;192;235;251;255;253;248;228;212;203;174;213;130;0;4;7;126;147;141;149;187;188;183;188;189;188;187;188;190;184;175;157;164;178;188;182;196;191;186;190;182;185;201;226;234;244;168;30;42;109;171;213;209;209;253;254;248;249;251;249;244;232;248;208;215;241;247;253;248;249;245;240;193;249;240;233;208;186;162;178;173;234;238;51;74;208;244;239;227;222;228;231;231;238;246;249;216;185;134;91;53;9;1;6;72;76;171;240;153;150;213;213;211;227;252;226;157;166;195;200;196;63;45;81;90;55;25;58;168;200;165;246;65;1;101;125;109;102;56;77;125;46;129;250;215;225;201;252;224;240;250;247;243;251;244;192;124;69;41;72;152;164;186;224;194;174;141;14;25;74;134;213;248;187;150;137;189;253;165;178;134
221;213;195;187;192;190;189;198;193;192;193;195;195;193;193;195;197;196;195;197;200;200;199;197;197;198;199;198;196;196;198;200;202;191;198;210;199;187;202;225;196;51;72;97;65;63;72;64;88;3;158;163;178;129;40;175;138;145;124;138;139;81;254;201;122;218;230;162;24;220;215;176;108;79;141;189;84;63;90;79;81;79;81;87;90;90;89;90;91;91;92;94;96;96;93;91;95;95;96;97;98;98;98;98;97;97;97;98;99;100;101;100;101;102;101;101;100;99;100;100;96;103;99;96;102;103;98;98;99;98;106;101;102;107;98;97;98;100;103;105;106;105;103;102;108;109;108;106;106;105;107;116;114;117;92;93;112;126;101;5;34;36;29;25;27;24;22;31;34;27;26;31;28;27;44;67;80;61;37;38;39;41;33;41;30;22;18;28;64;75;69;56;80;37;183;165;140;150;149;125;187;201;184;59;141;138;137;129;140;148;133;156;73;146;234;122;119;121;137;134;141;157;174;180;139;140;126;88;69;94;52;24;25;52;116;172;217;250;255;254;254;242;226;190;141;127;134;194;45;61;100;74;147;113;172;166;183;164;173;165;171;173;168;165;167;174;166;177;178;167;169;170;150;144;149;152;166;180;196;210;251;104;2;13;11;1;53;57;1;2;6;10;0;0;12;41;114;160;197;220;241;195;78;6;0;83;146;133;156;181;195;181;179;185;184;175;176;188;195;191;189;187;175;180;171;171;160;182;164;170;182;174;165;163;192;221;48;30;60;174;190;213;121;171;250;236;236;239;243;248;250;253;251;215;248;232;222;226;243;241;253;233;215;250;238;235;252;252;243;191;132;195;228;2;126;225;218;198;182;208;219;220;224;232;226;225;247;250;243;255;251;215;136;75;16;2;45;199;250;213;212;218;174;252;244;159;225;190;245;97;24;79;57;65;56;29;5;172;227;208;248;60;6;23;18;36;101;137;103;102;27;120;249;215;213;224;227;12;84;251;230;209;223;234;243;247;247;223;129;33;38;218;245;250;245;178;149;78;16;79;117;178;178;156;245;249;249;72;198;155
228;218;203;191;186;190;194;195;194;194;195;196;196;195;194;194;197;195;195;197;200;201;199;197;198;200;201;200;198;197;198;199;193;204;202;195;198;201;197;193;244;173;20;88;64;61;72;85;84;6;161;163;178;63;70;212;130;143;130;148;139;75;254;188;112;245;177;107;46;214;220;171;114;103;140;181;57;78;80;79;83;82;84;88;90;89;87;87;92;92;92;94;96;97;96;94;94;94;95;95;95;95;95;95;99;99;100;100;101;102;102;102;99;100;101;102;102;102;103;104;92;104;107;101;101;101;102;104;99;97;102;97;98;103;98;100;103;103;103;102;102;103;104;104;101;104;105;107;109;107;110;118;118;125;88;86;115;130;84;5;36;35;29;26;27;23;23;31;31;26;27;33;32;30;44;65;71;57;36;41;43;49;38;34;30;23;23;42;67;75;71;72;94;45;165;164;143;144;148;131;176;210;192;58;119;127;120;140;135;120;115;152;97;136;224;135;101;122;127;123;139;149;139;154;128;112;127;121;125;186;201;193;176;128;76;52;27;11;33;59;95;171;210;249;253;254;249;231;11;67;101;40;122;137;163;157;146;180;169;184;168;165;170;174;167;182;154;168;154;164;178;164;173;186;163;165;142;135;150;152;195;136;58;74;63;38;148;249;252;246;226;135;86;61;11;8;0;5;1;1;17;12;163;97;3;65;174;140;174;189;211;198;188;170;168;187;195;181;173;179;181;185;190;192;188;198;195;195;217;209;207;195;199;204;199;249;103;30;17;176;149;239;166;176;237;246;237;229;222;220;194;167;219;181;243;253;249;249;237;224;228;248;227;250;252;253;238;235;243;237;253;246;249;132;4;214;194;222;234;219;198;198;198;193;212;224;233;234;226;221;228;235;254;254;253;234;87;27;115;221;234;204;215;228;251;160;139;187;187;190;67;53;38;16;56;6;65;199;162;135;201;54;8;26;16;14;4;31;127;118;5;121;252;192;235;212;249;21;156;250;209;223;231;229;230;226;248;245;250;17;219;137;215;244;210;187;215;248;202;248;195;126;140;190;121;200;235;113;163;95
238;224;215;201;187;193;198;186;192;193;194;195;197;198;196;193;196;196;197;197;198;198;198;197;198;198;198;199;198;197;196;195;215;192;191;203;202;202;200;189;186;247;176;16;75;98;71;85;84;11;149;183;187;61;135;166;140;155;145;144;133;88;251;159;134;250;25;98;89;203;228;145;118;121;143;161;32;90;83;84;83;83;84;86;86;85;84;84;89;89;89;91;93;95;95;94;95;95;96;97;98;99;100;101;98;98;98;98;98;98;98;98;95;97;99;100;101;101;103;103;99;102;102;101;103;103;100;99;104;102;103;100;100;104;104;106;105;104;102;102;103;105;108;110;106;107;105;104;107;110;113;119;123;118;85;88;105;141;86;2;38;34;29;27;26;23;24;30;32;29;28;30;30;35;49;65;63;50;38;42;46;52;41;33;39;20;14;48;60;71;67;72;88;27;145;165;143;142;153;143;159;200;195;85;124;137;125;134;149;173;159;135;96;150;231;132;110;132;140;141;148;174;166;184;134;94;120;130;96;85;121;146;154;184;175;189;182;159;158;113;95;68;27;13;28;62;101;210;57;66;85;46;123;145;137;179;149;145;181;172;174;161;171;176;170;163;169;183;171;172;161;165;168;160;128;148;194;210;183;153;150;194;244;254;253;254;249;193;46;147;223;254;249;228;254;237;223;174;161;121;125;90;130;100;1;38;121;76;95;127;181;191;228;231;224;211;204;202;195;185;181;159;175;179;176;184;190;169;155;154;152;144;147;160;158;225;165;16;1;155;144;222;192;140;211;253;237;234;230;231;188;160;174;130;142;161;174;226;241;253;235;248;242;144;178;224;253;252;250;253;246;219;253;241;5;105;196;192;253;230;226;246;244;226;198;192;165;172;202;205;212;235;233;241;226;230;254;246;131;51;207;238;233;250;222;125;112;125;147;177;108;158;156;165;148;157;170;144;99;110;181;47;2;41;21;1;7;2;29;132;25;96;241;217;224;246;156;29;190;253;214;216;219;221;231;226;231;238;225;81;181;5;174;63;29;80;90;178;85;73;244;222;197;42;93;126;251;209;188;199
235;230;232;219;192;187;194;189;190;192;192;193;196;199;197;193;195;197;198;198;197;197;197;198;199;198;198;199;200;200;198;195;197;201;205;201;196;197;202;205;195;183;251;201;19;68;81;101;75;3;142;182;176;34;182;196;153;162;152;151;138;125;249;122;169;242;5;177;87;195;232;173;117;117;162;146;23;96;89;82;86;86;87;89;90;90;91;91;93;93;93;94;96;97;97;97;98;98;97;97;98;99;100;100;103;103;104;103;102;102;102;102;106;106;106;105;103;102;101;101;103;101;101;103;105;106;104;102;102;103;103;102;102;103;104;105;103;103;102;102;102;103;104;105;111;111;108;108;111;110;110;113;116;117;76;87;106;151;73;4;38;31;28;28;26;23;25;29;26;27;27;29;32;39;49;57;71;45;44;44;45;44;34;38;33;17;11;51;58;76;68;71;90;21;140;186;143;144;153;137;177;195;198;90;99;127;143;141;142;158;136;142;119;130;214;169;111;120;134;111;66;86;119;167;146;115;153;193;171;107;112;131;127;144;156;139;124;138;157;167;180;181;205;176;139;138;126;185;105;31;98;39;95;136;147;149;244;253;158;191;207;214;206;189;185;192;170;150;177;173;160;178;143;155;206;220;141;83;154;187;168;23;3;4;2;5;8;2;27;68;122;151;198;186;160;169;195;214;206;233;255;232;138;131;3;6;15;5;6;2;2;13;3;11;46;101;144;170;199;226;252;241;234;206;205;187;174;163;156;150;147;166;174;167;137;159;213;1;1;84;165;198;183;134;184;251;233;232;229;232;192;177;200;182;169;196;164;148;144;190;250;250;253;196;123;140;139;157;165;196;254;240;253;252;48;10;222;159;245;252;248;240;232;238;244;252;242;230;223;203;185;181;157;174;191;207;227;248;249;211;100;183;237;254;201;175;246;247;235;242;184;201;180;246;163;240;227;234;233;210;250;77;6;36;15;124;97;6;28;76;21;109;251;216;246;154;35;106;86;244;251;224;224;231;235;227;217;248;234;105;204;20;177;75;101;126;245;246;134;27;146;180;236;152;248;253;220;166;110;116
216;220;226;223;205;187;186;197;192;193;192;191;194;199;198;193;196;197;198;199;198;198;198;199;201;200;199;200;201;202;201;199;188;206;202;194;204;203;196;201;210;195;181;248;235;15;55;123;105;23;145;189;167;10;106;143;160;180;174;180;132;150;254;106;190;190;17;171;49;214;220;151;122;104;184;119;27;99;86;79;81;83;84;85;86;88;89;90;91;91;91;92;93;94;94;95;102;102;101;100;99;100;101;101;100;101;102;102;101;101;101;102;100;101;102;102;102;102;102;103;100;101;105;105;103;105;108;107;102;104;104;106;105;103;105;105;107;107;107;107;106;105;104;103;104;103;104;112;117;113;112;119;126;129;78;98;113;152;50;5;37;29;27;29;26;23;25;28;23;23;25;29;36;42;49;54;68;37;52;44;46;40;31;42;33;25;19;54;72;87;77;85;83;31;128;194;139;144;143;126;166;186;207;102;83;117;127;120;122;137;120;133;111;118;205;202;138;103;139;183;172;121;114;176;146;129;147;189;195;123;101;138;129;120;131;101;112;159;149;143;131;137;145;146;127;175;242;227;118;20;105;31;83;143;148;162;49;76;69;110;97;117;128;115;195;197;211;219;197;200;204;177;173;246;161;82;141;199;211;185;252;107;5;39;31;38;6;62;208;206;194;169;155;173;226;210;151;159;166;162;173;165;113;143;41;1;123;243;231;235;211;164;109;67;21;0;0;2;1;1;2;45;80;98;161;209;231;245;253;228;191;201;199;197;186;176;220;40;0;38;180;165;178;136;144;244;243;238;229;223;187;165;172;195;152;186;197;212;188;164;146;158;233;216;180;209;193;180;165;140;136;191;242;253;183;5;170;169;189;241;243;249;248;253;248;252;252;243;242;253;253;251;249;229;205;170;161;157;186;233;248;141;248;243;188;160;200;138;108;213;220;202;138;187;113;184;155;163;163;157;223;52;2;14;81;252;254;62;3;68;4;80;247;248;161;2;117;139;57;86;218;244;224;217;224;227;223;248;206;105;246;40;249;178;128;246;227;123;227;198;215;206;218;98;183;248;230;252;242;141
226;224;217;224;227;199;178;190;197;197;194;191;193;199;198;193;197;197;198;199;199;199;199;199;201;200;198;198;199;200;201;202;198;195;198;203;205;205;201;194;195;202;202;181;245;231;45;81;112;24;157;212;113;64;76;3;28;65;65;94;53;136;253;85;221;118;43;181;24;196;239;146;133;98;192;85;33;100;80;87;82;84;86;86;87;88;89;89;94;94;94;95;96;97;97;97;99;98;98;98;99;100;102;103;99;100;102;102;102;102;103;104;104;104;105;104;104;104;104;105;105;106;107;104;103;108;109;101;101;104;103;105;104;101;104;103;104;105;106;107;107;107;106;105;116;107;104;112;115;107;110;124;132;115;74;113;107;149;51;7;37;28;26;29;26;23;26;28;32;26;23;27;35;44;55;63;50;24;55;42;47;44;36;45;42;28;10;37;75;86;75;89;65;41;111;189;141;153;142;138;155;189;211;111;88;134;116;114;123;128;117;118;107;139;202;195;97;137;180;163;174;152;137;168;143;150;135;140;169;135;99;135;94;105;110;127;136;142;158;154;132;149;134;159;120;115;214;189;145;39;96;59;65;151;124;198;185;120;149;132;102;111;94;85;1;32;69;110;108;111;81;158;242;86;101;229;211;191;172;170;240;104;1;78;59;46;42;78;203;183;184;183;201;176;159;199;241;182;155;184;190;171;129;108;62;3;103;150;146;183;178;202;230;238;247;250;242;215;168;129;46;1;1;13;2;0;8;20;72;124;170;227;223;219;231;208;255;116;0;19;182;175;181;129;117;235;247;230;215;213;189;156;187;197;128;174;179;171;185;202;202;190;161;202;160;166;194;203;224;210;200;150;137;184;254;3;48;215;156;187;138;164;174;168;201;217;244;252;252;253;247;245;242;253;249;252;245;225;212;139;162;134;141;254;206;197;149;153;230;223;203;228;174;181;109;217;156;132;152;147;188;55;10;45;39;37;40;31;45;66;26;9;43;100;105;45;43;47;67;20;35;228;244;221;218;225;241;248;220;89;197;52;225;112;153;246;213;200;248;246;230;242;83;5;184;209;189;225;152;169
240;230;217;215;227;217;202;177;191;194;198;196;192;196;199;194;195;196;197;198;198;198;198;199;199;199;199;199;200;200;200;201;208;193;190;202;207;200;201;211;200;203;205;202;194;237;233;51;47;72;140;217;74;136;95;4;16;21;20;50;6;164;253;66;250;52;104;162;12;214;204;152;127;94;199;57;45;107;76;86;84;86;87;87;87;88;90;92;92;95;97;98;97;96;96;97;98;99;100;100;101;101;100;100;102;103;103;103;103;102;103;103;103;104;105;105;103;102;103;104;106;108;107;103;103;106;106;103;104;105;106;107;106;106;106;106;103;104;105;107;108;110;111;112;112;116;116;112;110;112;117;120;132;105;73;113;111;140;47;11;35;30;28;31;31;26;24;26;28;23;28;28;33;44;53;58;43;36;49;34;51;54;37;48;31;33;11;25;80;77;68;79;72;59;118;199;144;148;148;136;154;199;205;105;89;144;129;142;135;134;125;126;109;131;194;203;109;104;133;141;134;141;125;157;139;146;139;121;151;155;102;107;144;177;155;151;152;161;187;145;129;140;138;141;121;120;209;195;141;22;110;41;61;144;119;162;205;156;87;106;122;120;146;118;67;86;137;125;90;85;120;201;60;148;240;164;176;188;184;181;251;89;6;78;47;5;44;75;191;203;195;181;177;195;189;172;170;240;179;149;193;184;124;120;80;4;96;153;146;178;157;158;157;146;142;148;162;166;193;215;255;248;241;222;175;148;96;39;2;3;9;1;1;5;75;120;174;104;5;12;138;197;211;164;96;207;239;223;221;210;177;160;174;201;152;151;196;177;167;170;165;182;190;208;185;178;170;171;172;183;199;221;202;142;253;110;3;188;155;210;194;185;182;188;172;155;147;164;199;230;246;252;246;253;251;240;239;247;252;252;248;250;160;254;196;120;158;241;249;199;184;243;202;237;172;247;198;214;216;207;250;118;4;53;47;29;36;35;35;55;3;102;246;61;113;96;72;57;55;7;178;249;236;231;219;215;228;251;209;93;175;52;243;126;210;226;216;248;234;235;245;248;143;23;249;247;221;146;87;84
234;236;230;229;219;222;211;196;183;189;198;200;194;194;197;197;195;196;197;198;198;198;198;199;200;200;201;201;201;201;201;201;205;204;201;198;198;201;202;201;205;202;199;209;192;191;250;247;77;20;184;217;31;172;55;23;46;24;55;51;0;223;251;53;219;88;165;142;26;203;230;147;132;83;203;43;54;102;83;87;87;88;90;90;90;91;93;95;93;95;97;98;98;98;98;98;100;100;101;101;102;102;101;101;105;106;107;107;106;106;106;106;104;104;105;104;102;102;102;103;103;105;105;103;104;107;108;106;105;105;106;106;106;105;106;106;108;108;108;109;109;109;110;110;109;113;115;114;114;117;121;123;135;103;69;111;106;133;33;11;39;33;32;35;34;29;27;28;26;26;33;30;40;44;54;47;36;36;57;44;63;64;39;42;21;24;14;33;82;78;68;79;69;44;102;199;143;154;137;137;143;190;215;123;80;140;143;151;153;160;162;132;101;119;188;204;99;107;134;130;131;135;117;129;140;135;146;129;93;132;105;104;146;183;177;174;153;151;196;189;185;146;158;170;119;107;210;180;182;14;87;66;65;131;121;167;191;150;119;109;104;105;250;141;73;82;121;106;83;100;171;74;179;228;190;197;190;183;196;167;244;100;3;80;42;34;60;79;200;190;182;192;191;189;184;190;166;170;233;181;162;200;140;117;101;1;76;152;127;174;188;164;173;180;189;175;172;162;160;162;151;177;185;187;217;233;229;254;254;234;215;183;135;54;48;82;17;2;14;12;7;5;81;155;117;199;248;249;238;219;172;175;165;168;157;127;204;171;186;179;177;154;159;170;176;176;193;178;180;177;151;160;185;150;205;232;1;157;149;186;188;186;176;178;196;198;198;188;169;150;139;138;158;191;226;246;252;252;247;244;252;249;241;212;193;144;167;193;228;219;204;170;152;152;93;127;200;197;170;165;224;101;5;62;28;31;38;36;35;56;4;73;249;181;157;175;233;251;243;204;180;165;166;231;250;251;225;250;199;60;210;44;250;97;251;243;237;222;219;224;245;251;131;18;217;247;184;95;149;157
237;242;223;224;232;218;212;215;188;187;194;200;197;194;196;198;196;196;197;198;199;199;199;199;201;201;202;203;203;202;201;201;199;206;206;197;195;203;205;200;202;206;199;210;213;191;205;214;245;56;122;184;44;188;58;130;144;111;120;107;7;250;248;51;217;79;133;120;44;185;221;154;141;74;212;32;68;95;89;86;88;89;90;91;91;91;94;95;93;94;95;97;99;99;99;98;101;102;102;103;103;103;103;103;104;105;106;106;105;105;105;105;104;105;104;103;102;102;102;103;103;105;105;103;104;108;109;107;106;107;107;106;105;105;106;106;110;110;110;110;110;110;110;110;110;113;115;116;116;118;120;120;139;103;72;117;110;133;19;15;37;32;30;33;32;27;24;25;27;30;33;30;44;43;56;39;34;46;62;51;51;61;29;34;28;25;17;26;71;78;72;77;80;48;80;198;139;149;139;142;134;180;214;150;69;144;154;155;159;152;165;137;119;130;184;202;104;138;144;120;126;148;105;64;82;108;102;130;131;149;110;96;149;177;169;170;158;157;189;186;171;163;172;184;131;112;202;188;195;39;85;64;44;139;137;153;188;164;105;126;109;83;169;154;91;79;106;126;107;160;103;182;221;200;176;190;190;194;183;181;241;104;2;76;36;41;63;80;203;192;183;192;191;190;186;192;195;189;161;242;160;182;148;135;74;0;55;159;150;168;169;176;168;174;176;160;167;174;172;177;190;181;180;179;171;169;166;152;166;179;200;214;239;211;196;216;255;115;11;42;4;9;3;2;10;27;132;198;216;209;163;218;223;224;217;114;211;180;173;176;171;167;169;147;152;161;187;169;177;177;177;153;145;157;171;212;1;95;171;159;193;173;190;189;182;174;172;183;199;205;198;188;169;147;123;126;159;199;232;252;250;253;254;219;182;191;164;209;81;3;116;58;5;89;34;23;171;158;146;150;222;119;10;77;49;21;24;35;31;57;11;90;247;74;140;186;220;249;229;182;110;65;194;246;145;193;251;249;199;76;239;61;223;3;251;248;217;216;231;252;247;107;65;105;22;242;254;174;202;180
240;238;248;234;222;225;213;220;207;192;187;195;198;198;198;197;197;197;197;198;199;200;199;199;201;201;202;203;203;202;201;200;199;201;202;201;200;201;203;204;206;202;200;205;204;195;203;212;236;239;160;112;79;201;74;94;98;105;95;87;1;244;241;67;201;66;123;124;53;176;221;170;142;63;216;32;80;91;91;86;87;88;89;89;89;89;92;93;95;95;96;98;100;101;100;99;102;103;103;103;104;104;104;104;102;103;103;103;103;102;102;103;105;105;104;103;103;104;104;105;106;107;107;105;105;107;107;106;108;108;108;107;106;106;107;107;108;108;109;109;110;111;111;112;111;112;114;116;117;118;119;119;139;100;67;112;106;130;8;19;40;35;33;36;35;30;27;28;26;29;26;36;50;48;55;33;25;52;63;62;47;71;39;51;37;28;19;16;58;82;76;73;87;71;68;204;140;137;151;138;132;174;200;169;65;151;156;155;155;156;171;130;108;131;177;193;117;156;157;152;156;174;140;116;167;142;122;138;136;142;124;102;137;177;171;167;167;168;173;168;166;183;147;155;137;119;186;192;198;57;75;63;34;138;131;152;181;196;118;102;135;103;99;124;91;91;104;110;156;105;183;228;192;172;188;187;188;187;184;180;244;96;3;74;43;27;56;86;202;198;187;186;186;195;191;188;195;196;188;183;221;182;201;111;91;5;37;149;133;167;162;157;166;177;178;181;179;176;170;180;171;187;176;184;180;183;197;181;183;174;173;169;180;147;108;108;168;166;0;12;71;208;237;211;200;159;102;33;4;5;18;3;65;102;128;69;198;218;194;236;222;214;197;202;191;153;143;170;162;168;186;188;201;195;181;198;0;40;176;124;214;185;182;193;188;187;183;178;178;186;199;208;213;223;222;200;159;120;110;122;154;216;254;253;214;169;192;197;185;37;222;250;239;81;188;244;211;188;202;182;240;152;3;78;53;80;51;10;51;95;5;73;249;127;186;187;201;237;220;151;145;125;194;249;167;70;81;118;191;250;209;36;196;5;25;236;252;242;218;242;175;9;134;68;34;9;120;208;190;205
247;236;234;245;226;227;250;208;220;200;189;192;196;198;198;197;197;197;198;199;200;200;200;199;200;200;201;202;202;201;200;199;203;201;202;205;205;201;199;200;210;202;201;204;204;206;200;196;197;211;252;122;89;181;112;106;75;78;97;117;70;254;192;102;155;48;144;118;50;157;220;157;134;50;205;38;86;90;90;87;87;88;89;89;89;89;91;93;98;98;98;99;102;103;102;101;103;103;103;103;103;104;104;104;104;105;105;105;105;104;104;105;105;105;104;104;105;106;108;108;108;108;108;106;106;108;108;108;110;110;110;109;108;108;108;109;109;109;110;111;111;112;112;112;111;111;113;115;118;120;123;125;151;108;73;114;108;133;13;34;40;35;34;37;36;30;27;28;24;28;21;47;53;51;46;27;18;50;62;66;59;74;48;50;32;21;21;21;60;82;75;78;80;79;74;212;145;136;154;126;130;171;198;174;69;142;158;166;148;148;160;142;118;134;170;196;130;156;151;140;158;176;166;151;176;178;142;159;158;160;165;117;111;174;184;174;167;162;157;177;159;191;169;164;145;107;187;190;203;61;61;71;28;135;126;149;187;168;90;101;157;108;113;98;104;64;94;134;135;129;227;198;187;189;190;193;179;190;189;168;247;88;6;80;56;30;51;91;207;195;182;189;190;192;189;193;190;177;195;167;219;222;200;107;94;1;27;151;129;173;177;184;149;149;127;138;138;147;154;165;178;202;189;191;184;183;180;180;182;176;185;182;183;164;132;117;141;197;0;0;81;165;170;139;116;147;246;251;248;216;184;117;51;1;9;4;1;5;22;25;73;144;174;200;223;242;214;189;184;170;155;153;168;157;180;231;51;3;173;134;176;177;175;176;182;179;176;175;179;182;180;175;185;188;199;216;225;215;202;199;144;100;115;162;143;188;197;175;193;234;223;202;216;180;193;217;200;179;199;164;221;162;4;83;70;63;88;122;74;104;3;69;251;132;194;208;246;248;177;153;109;166;223;225;249;186;71;122;251;248;246;34;208;201;2;30;222;244;233;252;246;35;62;46;19;3;150;216;167;190
149;252;233;244;236;241;212;214;220;208;199;195;192;195;198;197;198;197;197;199;201;201;200;199;199;200;201;201;201;201;200;200;202;204;204;203;204;206;203;198;193;213;215;204;202;210;204;208;205;202;206;248;169;113;144;146;97;115;140;137;113;253;161;116;134;77;161;110;38;168;231;154;142;51;190;46;87;92;88;87;90;91;92;91;91;91;93;95;97;97;97;98;100;100;100;100;103;103;103;103;104;104;104;105;106;107;108;107;107;106;107;107;106;105;105;106;108;109;110;110;107;107;107;108;108;110;111;112;111;111;111;110;109;109;109;110;114;114;113;113;113;112;112;112;115;115;116;117;119;121;125;130;139;98;70;115;107;120;3;25;37;32;31;35;34;28;25;26;30;30;22;47;45;47;39;29;29;51;55;57;69;64;52;38;34;15;23;27;61;75;68;90;79;74;77;212;143;144;151;132;125;168;206;171;74;124;160;171;171;173;170;160;129;127;165;191;151;162;157;121;153;167;165;132;161;222;176;151;146;189;172;148;137;172;176;179;184;182;167;196;196;170;153;150;157;84;171;200;205;72;54;78;18;135;138;135;175;199;84;77;165;116;66;64;100;81;84;121;130;217;200;184;190;184;189;184;176;200;186;173;246;87;6;82;56;49;43;82;214;197;183;191;191;191;187;193;189;197;188;179;182;202;91;136;95;10;1;127;159;150;148;249;244;254;253;253;237;212;180;152;152;132;142;153;148;170;173;174;184;182;191;190;187;185;163;133;140;191;2;0;50;153;170;154;118;67;222;237;221;177;183;242;240;254;242;219;169;122;87;13;4;2;0;1;1;23;89;143;182;195;219;218;205;205;204;216;105;2;149;140;169;162;153;170;166;174;182;185;186;182;169;156;157;144;136;153;183;201;203;203;246;224;205;158;126;214;188;171;161;185;174;191;195;200;206;188;186;181;192;162;222;168;4;55;18;1;7;84;134;97;2;80;253;126;148;163;172;245;177;161;97;207;247;215;245;206;91;155;247;226;253;58;196;252;180;204;242;177;168;204;246;184;201;239;182;241;238;185;194;177
85;126;247;241;232;241;240;241;221;216;209;198;191;195;200;197;198;198;198;199;201;202;201;199;200;201;201;202;202;202;202;202;201;203;203;201;203;208;207;203;198;201;196;204;205;204;198;210;204;204;202;216;252;155;107;177;160;155;154;143;125;239;148;135;103;143;179;93;9;194;235;133;163;58;173;50;88;94;89;88;91;92;93;92;92;92;94;95;94;95;97;97;98;99;100;101;104;104;104;104;104;104;105;106;106;107;107;107;107;106;106;107;106;106;106;107;109;110;110;110;109;109;109;109;110;111;112;113;110;111;111;111;110;110;110;110;114;114;114;114;113;113;113;113;117;117;118;119;119;120;126;132;134;93;75;128;115;110;1;28;39;35;34;37;37;31;28;29;32;33;32;43;37;39;33;30;40;60;46;57;70;60;59;46;39;19;25;22;58;77;67;93;86;72;59;209;136;145;152;144;123;165;203;171;73;121;153;146;137;166;161;138;100;94;164;191;145;143;156;142;152;142;143;146;165;186;207;150;65;167;145;125;153;143;134;145;154;167;153;175;178;188;200;149;152;103;168;191;211;90;41;88;24;116;137;138;172;175;105;74;142;124;93;101;114;72;70;112;169;214;176;176;187;190;185;185;189;187;189;176;248;87;6;76;48;60;38;78;214;201;186;189;188;193;187;188;189;195;174;203;187;220;197;116;105;1;2;114;148;170;145;50;49;66;124;137;172;208;245;252;251;253;251;233;223;188;170;171;162;143;138;152;154;145;135;121;130;208;15;3;28;150;157;157;138;93;207;246;214;116;141;164;154;165;157;185;209;218;251;254;239;225;200;162;125;83;45;0;5;1;2;13;58;101;128;178;69;1;130;174;213;221;206;197;185;180;168;157;160;175;186;190;186;182;169;156;151;148;147;151;143;177;201;232;158;165;217;166;173;185;197;210;196;194;193;210;187;187;201;171;231;184;3;38;1;161;252;23;80;124;14;71;245;139;223;161;113;234;63;57;137;212;249;213;182;93;99;240;207;122;246;67;232;238;211;229;251;242;182;225;214;169;248;253;213;218;194;207;216;192
238;77;100;252;242;239;232;230;226;223;214;198;190;198;203;196;199;198;198;199;201;202;201;199;202;202;202;202;203;203;204;204;205;202;201;203;204;204;206;208;204;200;199;211;203;208;209;205;207;215;202;202;200;253;173;115;155;143;156;139;133;253;140;106;90;178;179;86;18;212;218;90;175;60;158;45;87;96;92;90;90;91;91;91;90;91;92;94;95;97;99;100;100;101;103;104;105;105;104;104;104;105;106;106;106;106;107;107;107;106;106;107;107;106;106;108;110;111;110;109;113;112;111;110;110;109;109;110;110;110;111;111;111;110;110;110;111;111;112;113;113;114;115;115;112;113;116;119;119;121;128;136;137;91;74;129;113;100;3;38;36;31;31;35;34;29;25;27;23;30;45;46;40;37;29;22;44;72;41;67;58;48;44;38;36;21;25;15;59;89;73;86;87;73;36;212;134;137;152;145;125;162;189;174;68;130;141;111;147;149;149;172;144;84;148;190;159;156;161;158;144;142;129;141;155;149;166;175;55;137;170;72;136;119;119;119;98;116;123;155;173;152;181;156;144;104;149;199;202;118;40;84;27;104;134;142;186;188;112;63;92;106;109;141;113;34;102;144;195;182;180;194;183;188;181;186;187;189;181;181;251;86;10;71;48;64;42;90;212;195;180;189;190;191;187;192;196;170;197;199;177;193;232;110;93;21;12;96;145;142;196;198;156;97;98;24;19;11;10;3;47;99;109;133;195;189;237;249;245;254;253;247;230;204;175;138;73;165;13;6;12;131;172;149;125;68;155;250;220;87;154;198;193;169;175;170;155;156;152;146;152;184;198;210;226;233;241;248;221;192;165;127;93;24;1;16;1;2;21;1;1;73;96;143;180;203;227;232;225;213;197;184;187;194;195;192;193;188;176;167;171;163;137;163;172;140;211;186;180;210;212;184;199;195;196;187;185;171;191;148;213;191;5;60;1;209;250;86;49;112;16;69;250;148;216;249;226;196;250;84;128;228;229;250;249;61;137;248;167;143;250;26;253;96;115;238;246;249;177;248;219;151;251;240;174;186;52;109;159;184
181;233;86;108;244;248;245;232;233;233;218;208;200;201;196;199;196;199;202;201;200;199;199;200;205;204;202;202;202;203;205;206;206;206;205;205;205;204;203;203;206;206;206;206;207;208;209;209;191;209;201;204;208;215;245;195;115;140;167;109;134;249;117;71;121;208;147;88;23;213;220;91;177;74;137;53;90;91;91;92;90;90;92;93;92;91;94;98;100;100;99;100;101;102;103;104;105;105;104;105;105;106;106;105;107;107;107;106;106;106;106;105;108;107;107;108;110;111;110;109;114;113;112;111;110;110;110;110;110;110;111;111;110;110;110;111;109;110;111;113;114;114;114;114;116;117;117;119;122;122;128;140;139;79;74;116;114;86;1;41;33;29;30;34;34;28;25;26;21;31;46;43;39;42;32;19;43;65;53;59;58;58;31;36;31;27;22;13;65;86;84;81;90;54;52;222;132;146;156;136;126;158;187;188;77;120;137;113;114;79;87;95;91;50;136;216;123;145;181;154;152;196;149;126;152;128;130;171;112;121;190;87;139;151;149;152;138;130;112;135;198;90;73;140;135;105;121;215;198;137;37;79;33;81;133;136;166;186;103;43;73;74;107;115;50;16;133;165;192;189;177;183;185;188;188;187;190;188;181;178;245;88;5;70;50;32;63;79;204;191;185;186;187;190;192;191;193;190;193;186;183;193;223;125;92;30;2;77;149;149;180;175;193;128;131;126;143;160;139;101;61;65;68;41;35;34;24;2;75;104;104;124;164;214;253;253;253;240;21;3;5;117;163;152;111;75;149;234;211;83;134;172;175;168;183;173;175;195;165;181;178;171;163;152;144;145;145;152;169;190;205;218;229;236;228;254;222;5;1;115;143;84;31;3;9;1;1;17;49;90;128;159;216;223;223;217;212;209;201;191;188;173;169;161;153;137;216;173;168;190;171;181;181;184;173;188;185;175;194;163;211;190;6;57;1;218;250;60;41;69;6;65;253;129;199;254;223;232;250;82;128;235;240;224;248;91;134;249;167;191;237;22;252;92;135;243;243;242;173;87;185;211;244;253;188;176;194;159;70;141
242;181;235;78;104;248;247;236;238;225;231;224;213;188;191;205;200;197;196;199;201;201;202;203;203;203;204;203;203;204;205;206;207;206;205;204;204;204;204;204;206;206;205;206;206;207;208;209;215;205;207;218;206;189;225;238;199;122;122;102;163;252;95;75;165;205;119;73;34;210;210;101;174;89;126;63;97;87;89;94;92;90;91;92;93;93;95;98;97;98;100;101;101;101;102;102;106;105;105;105;105;105;105;104;106;107;107;107;106;106;107;107;108;108;108;108;109;110;110;110;111;111;110;110;111;112;112;113;111;112;112;112;111;111;111;111;112;112;113;113;114;114;115;116;118;120;120;121;124;124;130;141;135;84;83;119;132;96;3;37;31;27;29;35;36;32;29;30;26;32;44;42;37;37;31;26;41;56;52;51;65;61;43;41;32;31;20;18;64;76;81;83;88;61;55;221;134;155;155;137;135;149;177;201;86;99;129;139;130;128;144;113;90;52;136;212;104;115;161;153;155;179;152;132;139;125;119;131;148;127;146;71;130;165;139;156;160;155;141;166;202;137;91;137;152;139;113;201;196;151;40;88;38;67;132;125;187;184;148;88;102;105;97;66;47;64;134;168;199;180;182;189;183;187;187;185;189;189;183;177;244;98;4;84;64;32;73;76;208;193;185;187;188;188;190;189;187;186;187;193;183;175;215;154;93;65;10;61;149;142;181;168;194;102;52;96;101;170;173;156;133;94;129;121;95;176;174;138;163;116;28;23;23;21;1;1;46;188;60;1;1;102;157;147;251;172;175;252;210;106;159;192;192;204;181;163;164;170;188;177;180;181;175;180;181;179;182;174;166;157;160;150;153;160;154;173;202;1;33;213;179;229;247;243;216;191;149;96;52;23;5;1;1;1;20;68;117;153;181;206;217;206;240;226;208;144;196;208;181;183;195;189;192;189;196;189;192;188;191;173;221;190;3;63;2;214;251;75;51;104;9;65;249;122;212;245;215;240;251;93;135;243;233;240;250;85;137;249;140;204;229;28;251;107;139;245;235;253;179;39;245;189;170;202;137;149;218;242;130;161
89;233;189;231;108;100;247;250;235;242;227;221;222;211;195;196;207;200;196;198;201;201;201;202;201;202;204;204;203;204;205;206;207;206;205;204;205;205;205;205;206;205;205;205;206;207;208;208;207;202;210;205;207;210;210;205;244;219;136;88;186;250;54;90;193;193;115;78;68;223;199;92;176;104;101;74;105;92;92;99;94;91;90;92;94;95;96;98;98;100;102;103;102;102;103;105;106;105;105;105;105;105;105;104;105;107;108;108;106;106;108;109;108;109;109;109;109;109;110;110;110;110;110;110;111;112;114;114;113;113;114;113;112;112;112;112;116;115;114;113;114;115;116;117;120;122;122;124;126;126;131;141;136;88;84;104;136;90;2;27;32;28;29;35;38;34;30;30;27;27;36;38;40;42;36;37;52;55;52;46;76;68;52;37;30;29;17;21;64;70;81;89;83;70;64;224;138;154;148;144;138;146;163;201;91;76;118;129;120;137;170;176;185;104;123;220;123;74;98;116;115;96;91;107;105;94;93;87;95;81;106;86;122;189;156;171;172;171;169;172;179;192;192;176;162;135;121;200;191;167;38;81;38;55;139;113;172;190;153;101;95;70;72;111;97;151;154;183;199;179;183;186;182;186;186;183;187;190;184;175;248;86;7;74;56;40;69;90;213;194;184;187;189;187;187;188;192;186;175;193;191;181;215;183;78;85;13;32;145;140;181;166;185;109;53;136;96;166;179;154;147;120;100;85;61;95;110;179;125;28;113;112;94;120;112;72;134;212;81;5;4;86;168;146;118;89;82;117;157;151;147;167;178;180;189;229;174;155;133;129;134;149;161;164;162;168;178;168;174;163;173;171;163;168;158;176;198;12;1;145;118;150;158;157;170;189;207;218;230;241;241;231;198;160;116;64;26;6;1;2;1;11;49;102;179;84;152;179;175;203;176;197;189;196;181;183;188;186;188;176;208;190;11;73;6;208;254;54;37;69;21;70;253;129;220;242;209;239;251;100;132;250;235;243;251;85;161;250;131;224;205;23;250;109;133;236;248;249;184;91;209;234;199;163;24;144;202;230;95;149
22;103;236;170;183;136;71;249;249;223;239;236;228;220;206;185;205;202;199;200;201;202;201;200;201;201;201;202;204;204;205;205;206;206;205;206;206;206;206;205;206;205;205;205;205;206;207;207;210;207;212;204;207;212;205;205;206;237;241;73;201;232;48;85;211;178;129;63;70;228;200;86;191;115;79;83;104;100;94;98;95;93;93;95;96;95;96;98;99;101;103;102;101;101;104;107;105;105;105;105;105;106;105;105;104;107;109;108;106;105;107;110;108;110;111;110;109;109;110;111;112;112;111;111;111;112;112;113;114;114;114;114;113;112;112;112;116;115;114;114;114;115;116;117;119;122;123;124;126;127;132;141;128;95;99;102;140;72;2;37;34;29;29;35;38;33;27;26;32;38;46;42;38;36;31;35;38;55;68;54;67;47;43;40;30;25;19;20;62;75;75;87;75;70;63;217;146;150;143;149;129;150;163;219;115;60;125;130;128;123;105;74;83;59;102;224;119;86;106;97;99;107;103;106;100;85;107;124;140;130;122;62;115;204;165;147;161;167;158;144;140;199;204;157;165;128;106;202;198;164;24;71;46;43;138;123;172;193;160;157;202;87;62;150;95;179;149;191;184;187;184;186;183;186;186;183;185;191;186;172;249;75;6;63;44;38;62;99;215;193;183;188;190;187;187;188;187;193;188;194;184;182;206;203;71;80;20;11;138;143;170;163;190;138;45;88;63;121;155;148;97;94;87;126;110;65;81;95;56;85;84;83;67;59;57;46;148;211;99;1;1;51;162;186;113;17;32;54;77;48;62;81;76;95;67;144;254;244;253;252;254;198;198;179;159;150;147;182;183;180;165;166;162;169;153;170;222;56;1;132;146;139;188;172;167;157;153;161;157;146;159;179;187;196;217;226;240;247;218;194;160;117;75;40;2;44;251;180;136;194;194;183;197;186;182;214;186;185;187;170;205;177;4;77;1;217;250;91;20;90;29;59;242;121;209;251;215;241;252;95;124;248;237;218;235;76;181;248;151;241;175;20;252;110;138;239;239;251;196;77;207;252;248;178;90;139;210;250;64;100
157;73;119;190;194;194;119;75;251;253;227;235;228;228;219;198;191;197;200;200;201;204;205;203;204;202;201;202;205;207;207;205;205;205;206;207;208;207;206;205;206;206;205;205;205;206;207;207;212;213;210;210;207;203;206;218;208;194;248;205;219;219;66;92;221;158;140;44;56;221;197;74;210;124;72;92;95;101;92;95;95;95;97;98;96;94;95;97;96;99;101;101;100;99;102;104;104;104;104;105;106;106;106;106;104;107;109;108;106;105;107;109;109;110;111;111;110;109;110;112;114;114;113;112;111;111;111;111;114;114;114;114;113;112;112;112;114;114;114;115;115;116;116;116;117;121;121;122;125;127;132;140;122;87;95;103;161;74;3;31;33;28;27;33;36;31;26;25;29;45;56;43;33;32;32;43;34;53;70;64;68;48;41;40;35;24;26;15;55;81;60;72;63;72;59;201;148;151;147;145;142;157;155;218;114;24;152;197;178;180;188;166;140;139;145;181;141;140;149;78;64;129;146;155;158;181;185;130;144;141;160;99;123;114;115;146;152;132;137;133;106;189;223;186;148;132;112;195;188;168;40;54;49;46;140;126;162;174;172;102;166;236;123;104;75;186;137;193;178;191;182;190;185;185;186;184;184;190;187;171;247;82;5;73;51;31;64;95;213;192;182;187;190;188;188;190;188;191;194;189;179;185;191;200;90;73;37;10;130;148;149;156;189;167;62;81;120;155;160;158;131;130;75;85;119;89;95;97;72;77;73;105;85;101;60;49;126;190;121;3;9;51;149;173;182;67;36;67;65;57;89;73;90;118;81;87;10;25;62;94;113;176;205;222;239;254;254;164;161;190;206;213;214;206;192;177;213;46;2;121;155;152;168;161;173;185;181;175;176;180;179;162;161;157;162;157;156;163;168;180;204;221;253;247;247;214;155;244;220;167;181;184;195;184;181;173;189;188;182;166;234;178;6;111;17;75;172;16;32;112;22;64;253;120;199;242;206;254;252;86;134;246;237;214;225;69;177;251;162;242;157;28;252;119;147;244;239;253;183;76;196;248;254;183;98;140;217;225;168;164
154;161;101;144;212;224;231;149;73;250;247;224;239;226;226;221;192;196;199;199;201;204;204;202;207;205;203;204;207;209;208;207;205;205;206;208;208;208;207;206;207;206;206;206;206;206;207;207;201;213;205;207;207;210;209;201;211;205;199;228;253;169;46;112;227;145;140;45;59;215;191;64;212;130;72;98;91;100;94;100;96;97;99;99;96;93;94;97;95;98;102;104;103;102;101;102;104;103;103;104;106;107;107;107;105;107;108;108;106;106;107;109;110;110;111;111;111;111;111;112;114;113;112;112;111;112;112;112;114;114;114;114;113;112;112;113;114;115;116;117;117;117;117;116;116;121;121;121;124;127;132;140;121;80;87;98;169;69;2;23;28;24;25;31;34;31;28;28;32;42;45;35;38;44;41;47;47;51;58;66;77;61;40;27;34;22;29;12;49;84;51;62;53;90;70;198;141;147;153;145;133;153;164;223;135;21;163;203;173;174;185;184;170;170;156;171;175;149;148;78;62;114;96;79;56;69;74;83;118;113;100;36;98;63;76;67;55;63;81;64;65;89;161;186;148;129;123;190;176;174;64;44;54;39;129;123;159;199;169;72;16;112;136;44;123;212;155;189;183;187;180;187;186;184;186;185;182;188;186;171;251;76;12;75;53;41;60;103;211;192;183;187;190;189;190;191;197;184;188;188;188;194;191;197;107;69;44;15;120;152;141;159;196;176;116;136;157;175;163;154;167;169;183;144;61;42;54;61;68;74;136;154;144;123;116;106;114;163;147;0;3;47;145;166;181;87;12;45;69;28;13;111;111;59;53;152;172;142;79;34;57;39;31;11;5;33;89;89;93;111;105;76;109;123;153;160;253;83;3;115;150;143;192;144;133;140;145;159;159;152;170;182;185;179;178;184;185;178;171;167;158;157;144;160;203;128;4;8;206;230;173;185;171;183;184;186;179;178;189;173;216;148;3;52;46;0;0;18;54;79;26;52;245;112;225;235;166;226;227;88;141;240;230;243;241;77;164;252;169;234;180;50;247;131;146;238;244;253;188;79;203;242;253;161;85;154;221;153;160;165
36;42;78;36;22;167;217;223;156;112;248;252;241;228;215;235;210;202;197;200;203;202;201;202;205;206;206;206;207;207;207;208;206;206;206;207;208;208;208;208;207;207;206;206;206;206;207;207;207;209;204;212;206;205;207;212;209;204;212;201;231;159;57;130;232;148;122;45;58;207;193;77;202;138;70;100;100;102;98;102;99;98;97;97;96;94;95;97;99;100;102;103;104;103;104;104;104;104;104;105;106;107;107;106;106;107;108;108;108;109;109;110;110;110;110;111;112;112;112;112;113;112;112;112;112;112;113;114;113;114;114;114;113;113;113;114;117;117;118;119;119;119;118;117;118;123;123;121;124;128;133;141;113;87;104;104;160;49;2;38;27;23;24;31;33;31;30;32;45;44;38;32;44;47;36;37;44;48;61;65;69;42;27;22;28;22;28;14;48;81;53;65;52;100;64;203;138;145;154;148;139;155;174;206;148;49;178;185;164;188;191;178;179;156;135;167;166;177;209;104;16;47;109;145;146;157;149;168;183;214;165;61;68;89;108;90;116;122;107;127;110;68;70;122;181;140;93;194;186;170;66;44;70;18;108;131;148;179;187;108;66;76;172;109;130;156;182;181;181;184;183;186;185;181;185;186;181;185;186;173;253;64;14;67;48;50;53;108;208;193;185;188;189;190;191;191;192;187;194;196;188;187;200;200;110;76;37;15;108;149;147;167;191;169;166;171;146;158;153;146;147;141;149;173;137;63;31;104;148;166;160;137;168;155;141;145;93;144;180;0;6;51;137;147;204;60;38;135;18;169;145;118;172;111;115;140;164;91;98;190;197;197;191;162;119;96;126;93;109;35;49;71;100;125;117;52;172;129;1;84;158;118;233;245;252;244;211;194;182;167;159;137;131;143;139;141;144;151;170;171;184;171;171;210;178;90;96;5;4;226;199;179;200;206;194;194;181;170;186;173;182;186;164;173;193;201;186;49;42;81;220;214;250;97;229;247;190;238;232;80;132;234;219;245;247;83;164;248;185;210;225;66;248;139;146;236;240;252;192;88;196;249;249;138;111;208;173;132;83;14
57;53;87;87;55;15;120;236;221;168;118;233;252;226;243;212;226;206;194;201;207;203;201;205;202;205;208;208;205;204;205;207;208;207;205;205;207;208;209;210;208;207;207;206;206;206;207;207;207;207;207;211;208;218;208;202;209;208;208;224;234;145;43;156;217;149;106;48;59;202;192;83;198;148;66;99;112;105;99;97;101;98;95;95;95;95;96;98;102;101;99;99;100;102;104;106;105;104;104;105;106;106;106;106;107;107;108;109;110;111;111;112;111;110;109;110;112;113;113;112;113;112;112;112;112;113;113;114;114;114;114;114;114;113;114;114;120;120;120;120;120;120;119;119;121;125;125;123;125;129;134;142;108;82;98;100;160;51;5;34;29;25;26;32;33;30;29;32;37;41;41;39;46;42;33;43;50;48;63;66;71;39;27;23;27;26;29;20;49;76;55;69;55;91;35;201;142;152;154;148;133;141;172;188;153;69;184;176;162;158;161;170;193;152;142;186;177;158;200;146;102;131;184;176;179;176;181;189;180;183;176;149;91;84;89;62;55;58;44;56;58;102;87;82;107;104;63;191;185;188;78;24;64;23;117;123;149;178;179;108;104;126;152;184;68;52;207;187;177;182;185;184;184;178;184;187;181;183;185;174;250;68;6;69;52;41;54;96;207;195;188;188;188;190;191;190;197;194;187;190;185;185;205;180;115;94;33;15;99;142;152;168;172;166;181;166;159;172;159;167;149;173;161;176;153;120;135;140;136;159;158;142;171;151;107;66;138;112;193;12;0;36;145;127;254;49;128;252;114;248;249;67;135;157;112;147;164;88;133;157;147;151;146;166;167;153;188;125;115;100;102;87;72;67;76;168;182;114;10;51;166;149;69;65;64;121;162;190;205;222;249;248;252;253;228;216;196;172;168;149;149;200;173;217;152;75;125;24;6;171;243;228;171;190;217;205;195;187;192;181;166;195;249;254;251;255;255;49;3;85;249;251;251;94;227;250;183;200;227;88;134;244;218;224;239;86;183;248;186;168;243;55;248;134;145;236;236;253;193;84;202;251;230;138;130;196;153;53;18;71
74;88;83;110;105;77;23;64;230;233;172;121;233;252;227;232;228;218;208;197;200;205;203;210;201;202;203;206;208;208;207;206;206;208;211;211;208;207;209;211;208;207;207;208;209;209;209;208;209;209;208;208;209;209;210;210;207;215;192;215;236;111;63;167;213;137;114;41;66;207;188;70;197;153;71;105;109;109;93;100;97;105;94;96;97;101;94;100;103;99;97;103;109;101;112;100;106;105;105;106;107;108;108;108;108;110;111;112;111;111;112;112;112;111;110;111;113;115;114;112;114;114;114;113;113;113;112;112;113;114;115;115;114;113;114;116;116;117;118;118;118;119;119;120;119;127;123;123;129;134;137;143;101;76;105;82;168;48;1;41;27;27;28;29;26;24;29;37;45;37;31;34;40;38;39;47;66;48;54;75;69;33;26;26;25;32;20;19;49;86;65;67;63;76;10;199;142;149;156;143;130;142;181;201;153;60;162;147;142;136;130;159;157;138;126;165;175;140;201;170;137;155;159;179;160;170;158;170;174;188;185;139;147;137;164;151;127;144;139;120;122;124;147;162;140;109;56;180;180;202;87;27;71;28;110;126;139;169;174;133;106;145;147;136;15;39;219;190;188;180;185;174;183;182;180;183;182;181;184;176;246;68;7;71;55;48;49;88;210;196;190;185;189;186;192;189;190;188;198;191;190;195;216;161;140;96;38;12;84;143;150;172;177;143;173;188;162;186;190;171;185;185;167;184;201;125;115;136;140;151;179;144;159;181;144;46;220;133;204;15;0;23;143;107;251;93;123;219;142;207;242;81;115;127;110;120;176;106;152;169;160;150;162;147;149;150;161;109;89;121;127;84;74;81;43;31;216;161;1;38;149;169;179;136;142;129;109;102;84;70;90;105;79;79;126;172;191;217;221;238;233;146;162;203;173;109;67;5;76;245;185;163;129;91;72;200;193;188;193;181;170;162;197;234;231;242;253;58;1;87;254;223;253;102;221;249;207;212;241;95;137;253;216;220;245;80;187;246;173;103;253;50;247;124;142;241;241;253;191;90;200;249;202;135;142;173;110;70;39;95
77;67;80;77;64;97;101;24;15;188;238;187;132;241;252;233;234;222;213;200;199;204;200;203;203;202;203;205;208;209;208;206;208;209;210;210;209;208;206;206;210;209;209;209;209;209;208;208;210;209;208;207;207;208;209;209;209;214;200;226;232;91;64;175;202;153;119;29;91;225;181;61;185;157;77;107;102;91;107;120;93;97;109;103;93;100;98;100;105;95;106;112;113;118;106;103;106;106;106;107;108;109;109;109;109;110;111;111;111;111;112;112;112;111;110;111;113;114;114;112;115;114;114;114;114;113;113;113;114;115;115;115;115;115;116;116;117;118;119;120;120;120;121;121;121;126;123;124;129;134;138;138;97;71;106;88;166;29;9;35;25;24;24;26;25;24;30;37;40;35;32;37;42;38;36;43;63;55;61;67;60;27;26;27;28;30;22;18;50;80;65;70;67;77;19;205;135;139;146;141;137;143;169;193;163;56;138;148;142;138;137;149;142;135;119;160;181;133;167;163;153;162;155;185;186;187;188;181;171;151;173;156;43;93;133;152;147;149;155;160;154;137;128;134;145;161;95;157;187;202;96;18;63;22;111;137;144;165;178;128;133;169;156;109;0;87;210;168;188;179;177;185;182;182;181;185;184;182;183;174;249;74;7;68;45;48;63;94;212;199;189;187;191;187;197;190;159;166;200;182;190;182;200;163;150;88;40;15;82;148;144;177;167;156;146;163;177;165;147;161;156;155;157;166;168;118;118;154;162;184;183;165;179;171;200;120;213;113;202;17;5;15;137;102;225;137;140;172;141;211;220;85;161;144;136;144;174;119;161;145;165;163;155;155;168;140;172;155;149;125;85;86;97;96;79;25;167;196;2;16;145;134;155;160;154;168;168;170;171;174;183;176;113;55;76;58;63;112;79;59;88;97;38;57;43;13;52;123;222;247;115;6;26;18;65;230;188;173;178;190;178;174;187;221;233;246;255;51;2;88;252;227;242;94;237;254;226;245;254;87;136;244;206;241;251;83;170;250;146;94;246;52;248;116;144;237;244;253;191;88;201;252;202;148;135;202;1;25;60;54
77;77;68;98;110;87;91;113;36;27;168;240;185;121;231;251;229;222;227;220;200;187;210;203;205;203;203;205;207;209;208;207;208;207;207;209;212;212;210;207;209;209;209;208;208;208;208;207;210;209;208;207;206;207;207;208;207;212;205;233;219;69;70;174;202;149;100;12;110;228;172;69;186;160;70;106;104;76;134;147;92;95;104;105;98;95;102;104;90;113;107;121;172;183;116;93;107;107;107;107;108;109;110;111;110;110;111;111;111;111;112;113;112;111;111;112;113;114;114;113;115;115;115;115;114;114;114;114;115;114;114;115;116;118;118;119;119;120;121;122;122;121;122;122;123;124;124;127;129;134;144;135;101;74;113;101;165;9;21;28;32;29;27;27;25;24;28;33;37;34;32;38;42;38;36;43;64;55;58;57;62;28;26;24;32;26;27;16;48;77;62;74;58;65;18;200;137;142;151;152;137;146;165;188;171;47;111;161;149;141;151;145;140;141;118;159;175;132;142;156;165;161;140;165;149;142;141;144;156;162;169;118;24;151;182;168;172;157;126;120;118;117;131;146;153;83;22;147;183;194;98;20;64;21;88;126;134;176;175;136;106;162;146;112;167;155;195;173;180;174;190;175;181;182;182;185;184;182;182;173;248;67;3;81;53;40;57;95;208;196;183;187;193;188;203;192;132;149;195;192;188;189;215;146;160;81;39;13;70;148;137;179;169;173;134;145;147;133;128;146;144;147;147;158;146;116;148;183;172;186;161;172;168;131;181;119;221;141;188;37;0;4;114;121;223;184;174;218;203;237;219;113;131;145;173;165;177;85;188;175;172;183;156;175;199;166;181;146;159;172;138;89;87;102;86;90;122;216;4;10;146;137;176;162;145;156;152;137;141;145;149;177;171;196;143;191;119;150;224;164;137;221;78;67;183;19;157;245;180;161;138;231;184;187;249;205;188;184;185;185;163;186;180;194;225;245;255;35;4;87;250;231;252;83;242;251;224;247;253;92;130;251;218;238;246;75;155;252;165;123;253;63;250;105;148;239;236;249;186;83;198;250;186;148;134;211;72;72;77;100
65;70;63;68;68;82;77;93;63;143;65;97;246;210;126;233;245;247;211;228;209;203;204;207;203;203;203;204;204;205;206;206;208;207;206;208;211;212;210;208;208;208;209;209;209;209;209;210;210;209;209;208;207;207;206;206;207;209;206;236;200;55;79;164;195;136;91;26;139;237;165;72;178;168;72;104;105;73;163;146;84;102;90;98;100;96;102;95;100;98;133;171;131;103;116;110;108;108;108;108;108;109;110;111;109;110;110;110;110;111;112;113;113;112;112;113;114;115;115;114;115;115;115;115;115;115;115;114;114;113;113;114;117;120;121;121;119;120;121;122;122;122;122;122;124;122;125;129;130;134;150;135;100;77;116;109;163;3;26;28;30;27;25;26;27;29;33;37;36;33;31;35;40;38;39;47;59;50;55;54;66;27;26;27;34;21;32;15;40;85;57;75;64;69;20;184;146;145;148;149;140;147;162;184;175;52;103;168;154;135;159;145;149;143;117;161;163;145;149;139;134;128;138;164;161;159;168;187;140;137;143;115;46;183;214;182;202;203;186;185;187;194;196;184;228;121;42;140;181;197;109;28;69;28;73;135;123;189;174;156;95;161;146;113;205;89;155;196;175;184;165;185;181;182;181;183;182;182;184;174;246;83;5;69;44;44;62;90;209;196;179;188;194;187;207;191;146;171;201;188;181;182;204;153;168;89;40;9;54;147;138;175;170;167;115;131;138;140;143;138;155;148;149;157;138;118;160;191;175;178;142;150;135;136;174;116;177;172;189;57;0;6;102;141;163;162;126;99;128;160;63;150;100;126;210;145;181;32;161;183;131;127;137;76;45;193;172;180;172;179;119;44;115;210;156;117;98;229;7;3;150;140;176;170;172;187;182;139;123;130;147;196;184;154;133;253;3;10;143;203;153;175;152;144;165;47;137;221;212;111;160;234;214;202;182;185;178;181;182;167;150;192;176;168;201;234;250;17;2;85;249;234;248;84;247;215;160;209;228;76;141;250;250;248;250;84;179;245;184;144;253;67;250;102;149;246;233;249;191;89;206;252;174;147;126;172;97;113;67;58
62;78;84;74;61;66;18;66;65;128;156;50;82;232;214;127;229;247;237;224;219;209;199;205;208;210;212;211;208;207;209;211;210;209;208;207;207;207;207;206;209;210;211;211;210;210;211;212;209;209;210;210;209;207;206;205;209;204;205;245;180;46;86;156;189;141;79;21;142;238;154;87;161;174;86;106;101;75;185;128;92;84;73;92;96;107;100;90;124;144;134;108;117;149;146;78;108;109;109;108;108;108;109;110;108;108;109;109;110;111;112;114;113;113;113;114;115;116;116;115;115;115;115;115;115;115;115;115;115;114;114;115;118;120;120;120;117;118;120;121;121;121;121;121;124;122;126;129;128;130;152;133;91;74;110;107;157;5;25;35;31;28;26;26;27;28;31;34;32;31;30;34;38;37;40;48;47;51;63;54;57;20;26;31;33;19;35;16;31;97;52;74;71;79;25;168;158;144;146;145;147;144;154;177;175;69;114;161;149;126;159;146;152;129;108;161;160;141;144;129;140;136;148;134;156;156;169;188;111;119;136;121;30;225;187;85;171;221;214;205;199;178;184;186;229;149;85;121;179;202;121;16;61;30;77;154;112;175;163;152;126;177;152;48;85;10;49;236;167;173;178;181;181;182;179;180;179;182;186;177;245;87;5;77;58;47;53;91;216;199;182;192;194;186;206;188;173;151;198;190;186;222;176;159;167;105;44;10;43;146;142;165;172;174;120;112;145;135;142;163;160;147;157;158;138;101;136;166;175;154;136;165;150;139;164;143;46;101;182;42;0;2;94;132;160;130;1;4;34;13;4;124;101;60;217;162;222;14;63;135;95;114;131;76;6;112;162;136;147;213;97;4;149;222;198;186;145;225;10;3;136;138;170;162;131;131;121;140;146;126;133;142;171;116;39;189;43;7;8;135;197;176;156;168;183;74;116;237;173;131;226;182;171;186;186;185;194;185;192;188;186;208;185;179;177;220;239;3;0;82;252;236;245;80;249;221;143;188;205;71;149;249;219;187;223;72;174;252;188;158;252;71;252;106;140;244;235;251;195;88;209;252;171;152;128;193;82;122;86;92
62;62;50;79;73;115;24;49;60;134;154;158;92;48;204;240;135;192;251;238;224;212;195;203;200;203;205;204;201;200;201;203;209;209;210;209;208;208;209;210;208;209;210;209;208;207;208;209;208;208;209;210;209;208;206;205;209;199;202;253;157;41;87;145;157;134;63;39;164;241;123;97;173;167;82;110;103;80;204;135;93;61;87;105;84;88;101;144;154;113;107;164;237;181;104;117;107;109;110;109;108;108;109;110;107;108;109;110;110;111;112;113;113;114;114;114;115;115;116;116;115;115;115;115;115;115;115;115;117;117;116;117;118;118;118;118;116;117;119;121;121;121;121;121;125;123;125;127;129;127;150;126;91;76;108;106;150;5;24;36;30;29;28;28;28;29;31;33;28;30;32;35;39;36;36;43;48;54;62;50;48;22;27;23;31;20;33;18;27;99;54;72;68;79;23;164;164;142;150;150;146;142;152;178;171;76;123;156;146;130;156;151;148;117;105;161;170;149;154;132;138;131;157;143;142;153;178;184;121;127;148;131;30;139;130;105;133;141;194;196;187;194;186;195;221;173;124;171;178;193;125;9;60;34;80;137;126;184;168;148;131;187;154;3;111;95;5;229;173;174;180;174;181;182;179;178;178;182;187;178;245;73;3;96;74;43;37;94;216;194;183;191;191;186;204;189;136;151;217;199;167;225;98;179;156;112;42;11;34;140;137;153;166;179;161;112;135;124;139;170;156;168;157;176;162;65;129;147;83;116;134;142;146;130;158;150;33;71;204;75;0;9;88;141;188;189;60;30;88;79;72;76;124;25;127;101;176;59;94;172;167;165;179;133;51;58;138;121;84;200;100;2;137;116;116;188;171;218;38;7;113;148;171;145;126;152;153;184;181;192;211;109;137;126;2;70;66;78;53;2;163;200;127;170;190;75;105;240;134;165;223;190;183;190;191;184;184;178;189;187;189;194;184;193;168;210;226;1;0;77;255;237;252;75;245;252;192;222;221;83;138;253;208;172;204;71;168;251;189;183;253;75;252;110;134;240;237;251;191;77;203;244;174;159;108;206;68;135;64;85
71;77;45;68;66;96;31;48;45;144;154;128;143;102;41;147;238;170;155;254;232;229;212;197;204;206;209;210;209;208;207;206;204;206;208;209;210;210;211;212;207;208;209;208;206;205;206;208;207;207;208;208;208;208;207;207;207;200;201;252;134;52;93;125;152;130;47;53;161;242;115;123;193;165;82;114;100;83;217;147;88;103;109;73;95;141;148;132;110;155;241;246;193;162;135;97;106;108;110;111;110;109;110;111;109;110;111;111;111;111;112;112;113;113;114;114;114;115;115;116;116;116;116;116;116;116;116;116;117;118;119;119;119;118;118;118;115;117;120;122;122;122;122;122;125;125;124;125;134;130;149;121;96;81;110;108;145;3;31;32;20;22;25;28;31;35;38;40;30;33;35;38;39;35;33;38;54;48;53;56;53;27;25;21;28;25;27;21;31;87;62;72;74;77;15;172;163;139;149;144;140;140;151;183;172;75;126;156;149;146;150;159;146;125;109;153;182;157;156;148;167;156;152;118;135;125;141;168;149;132;136;141;48;107;55;41;81;49;48;114;154;155;142;145;150;192;176;148;191;185;127;38;62;39;80;129;132;183;162;132;75;152;125;0;143;245;4;138;223;158;172;179;179;182;179;180;179;182;186;175;247;75;7;80;44;42;48;96;214;189;183;189;187;186;201;189;90;168;194;191;226;195;51;178;154;112;40;13;29;135;129;155;159;159;176;134;122;148;144;159;163;184;160;183;187;50;138;167;122;150;164;162;170;112;126;200;112;119;223;116;3;4;68;140;166;199;137;109;185;177;144;119;146;104;127;110;166;164;150;135;131;132;130;136;124;157;156;138;107;147;114;59;101;88;104;157;100;224;79;2;102;146;147;163;109;163;146;152;168;157;161;143;122;51;28;72;102;128;101;19;87;183;67;67;113;36;130;203;100;216;171;167;206;184;183;184;181;187;185;176;179;188;188;202;178;205;212;2;0;68;254;236;242;90;249;234;188;242;250;77;143;249;220;205;189;64;181;247;170;201;249;73;249;112;140;241;239;252;194;74;205;241;183;165;102;186;86;94;41;121
168;170;162;146;123;29;15;50;50;137;140;128;114;160;141;60;114;232;164;170;251;236;223;197;199;199;201;204;206;205;202;199;202;203;205;207;208;208;206;206;207;209;210;210;208;208;209;211;207;207;206;206;206;207;208;208;208;208;203;245;120;71;103;107;142;124;47;62;144;244;117;114;188;176;106;119;87;83;222;140;110;117;98;113;167;120;128;161;246;244;161;85;85;138;141;97;105;108;111;112;111;111;112;113;111;111;112;113;112;111;111;112;112;112;113;113;114;114;115;115;117;117;117;117;117;117;117;117;115;118;120;121;120;120;120;121;115;117;120;122;123;124;124;124;126;126;122;125;140;134;150;119;97;80;109;109;142;2;42;31;25;27;29;29;28;28;28;29;36;38;39;39;39;34;33;38;54;39;49;71;60;22;21;31;27;28;22;24;35;74;69;73;76;67;4;179;162;142;154;142;142;136;141;183;180;81;127;154;149;156;140;162;144;139;112;138;191;168;156;151;178;172;148;108;123;126;126;144;143;137;141;167;42;139;178;125;81;91;56;58;126;147;125;131;142;123;92;127;203;182;122;65;41;26;79;153;134;166;153;118;44;124;105;2;106;249;8;24;238;164;184;180;177;181;181;182;181;183;184;172;250;69;9;81;32;37;51;96;220;191;189;190;186;185;197;187;207;215;191;182;244;90;85;177;163;115;44;19;33;137;128;170;178;162;174;148;92;147;133;182;176;167;170;165;188;62;129;199;185;186;187;187;191;108;92;243;123;143;209;111;5;1;71;132;155;193;126;120;183;145;109;85;147;140;142;133;149;180;128;132;133;142;140;127;153;125;131;161;111;129;149;161;137;147;133;115;53;208;96;5;100;148;147;180;124;82;94;113;107;110;127;149;93;110;139;157;138;116;128;91;94;170;72;46;89;21;138;189;3;237;191;199;185;185;183;187;224;219;193;184;191;194;181;186;190;204;203;5;1;61;251;234;239;104;252;205;147;205;246;81;126;252;223;232;244;72;154;248;158;220;252;80;250;113;142;233;233;250;194;75;208;238;184;161;96;189;63;88;106;75
138;137;137;155;140;16;5;67;59;138;143;132;147;132;127;132;67;69;206;174;211;248;245;228;214;219;216;220;217;225;226;218;207;216;215;210;209;213;205;210;208;211;204;208;205;210;204;206;206;204;209;211;209;201;211;206;208;211;204;241;104;94;103;98;121;105;47;90;158;244;129;40;104;192;98;119;88;81;239;146;91;131;126;110;122;174;247;246;156;78;56;89;96;135;123;113;105;108;110;111;111;110;110;110;112;113;114;114;113;113;113;113;113;113;114;114;114;115;116;118;117;117;116;116;116;116;116;115;116;118;120;121;121;120;120;119;117;119;120;121;121;121;123;124;125;128;125;129;130;141;148;121;81;79;113;107;135;1;43;31;28;28;26;23;24;27;29;27;31;37;38;39;41;35;31;37;43;35;52;70;51;22;19;29;29;26;26;23;41;59;54;59;57;85;4;160;173;141;153;150;144;134;148;183;172;85;124;153;130;159;151;159;153;146;131;135;178;163;157;137;151;172;159;145;124;152;137;131;140;153;146;179;52;95;181;202;171;155;161;147;153;147;143;141;150;135;90;119;205;184;144;57;46;36;55;132;144;156;161;127;60;133;102;2;97;241;9;16;105;248;157;179;178;184;179;178;181;178;186;170;249;63;9;81;42;38;43;95;223;189;194;190;187;188;199;186;194;175;177;222;192;32;111;166;171;112;50;3;43;135;112;172;180;156;158;163;96;111;134;187;171;177;165;155;182;89;85;201;189;185;177;176;186;123;91;240;125;147;220;109;8;5;70;146;150;201;128;113;174;147;96;91;172;141;150;157;153;172;123;177;173;144;171;149;185;155;135;182;98;134;155;154;108;119;134;144;70;191;109;4;95;139;146;182;162;146;123;115;100;103;103;99;98;119;146;136;127;145;147;139;122;165;143;155;147;63;114;202;5;229;191;188;189;183;193;223;105;116;221;178;168;187;213;228;195;221;214;4;1;58;248;243;242;105;243;211;160;164;203;52;110;251;193;180;219;46;154;249;145;237;252;80;247;119;150;227;240;251;193;89;219;230;188;156;97;213;22;64;129;79
130;139;131;129;122;26;15;57;52;138;144;126;139;128;129;134;110;153;251;172;223;253;241;242;216;211;210;210;209;209;220;222;234;214;222;220;231;227;223;227;230;223;219;225;219;219;217;213;214;211;218;209;212;213;205;202;209;190;216;250;98;94;109;87;133;94;49;76;146;250;127;4;30;213;87;120;97;64;245;135;89;117;82;153;248;216;123;65;47;69;79;75;71;163;127;104;108;110;111;112;111;111;110;110;112;113;114;115;115;114;115;115;113;114;115;116;116;116;116;117;116;116;116;116;116;116;116;115;118;119;120;121;120;120;119;119;121;122;123;123;123;123;123;124;123;126;124;128;130;139;144;117;85;87;110;112;128;1;40;31;29;31;31;29;29;32;35;36;31;35;35;37;39;31;28;38;45;45;57;57;35;22;25;26;29;27;25;19;37;56;49;51;66;83;5;156;168;141;150;145;149;136;138;186;177;88;125;144;123;154;163;164;152;158;138;152;178;170;167;158;158;170;143;126;135;128;110;103;111;119;125;158;56;114;135;191;230;192;188;178;155;149;142;149;158;152;112;129;195;171;140;23;45;38;65;132;132;173;163;148;23;114;103;1;72;254;3;52;6;194;209;156;179;182;181;184;173;190;174;177;249;73;6;78;55;57;55;80;213;186;184;191;191;188;187;189;187;196;182;254;121;78;133;152;190;127;61;18;51;131;121;179;167;163;156;188;141;109;155;189;180;183;157;175;189;104;69;187;196;178;172;164;179;101;83;214;103;134;229;131;2;6;45;128;148;196;129;115;168;141;102;99;171;140;154;163;163;168;129;173;171;176;155;95;118;132;144;183;73;97;129;138;97;114;135;155;92;196;127;4;76;141;148;162;175;180;188;192;192;189;190;184;146;145;148;141;117;117;145;165;109;172;137;145;146;83;86;191;16;222;181;181;183;179;187;226;5;9;233;153;177;219;169;163;206;248;229;3;5;42;253;243;243;86;243;248;241;248;252;65;98;252;191;170;198;46;170;249;148;239;248;83;251;120;161;238;240;249;186;101;227;222;188;157;111;204;27;41;119;159
139;142;132;132;124;23;10;52;33;131;142;119;133;128;136;138;110;67;201;193;149;153;148;143;139;137;144;145;158;167;179;175;177;193;185;183;198;196;205;197;200;217;209;220;221;210;233;220;219;226;218;231;217;229;233;224;227;221;238;239;58;83;92;78;120;103;59;77;145;237;113;4;47;209;104;118;93;87;225;145;123;64;209;243;154;37;59;82;71;102;133;152;86;147;118;101;112;112;111;112;112;112;111;110;111;112;114;114;114;115;115;116;114;115;117;118;117;117;116;116;116;116;116;116;117;117;117;117;120;120;121;120;119;119;119;120;119;120;121;122;123;124;125;126;127;131;129;133;134;142;146;117;91;101;108;123;120;3;39;36;23;26;28;26;26;28;31;33;33;34;33;37;38;28;27;41;47;48;58;51;26;22;31;27;28;27;26;18;31;49;49;58;72;82;7;153;168;144;152;145;145;140;139;189;179;81;118;144;120;146;160;153;143;161;119;132;180;157;159;162;169;179;161;162;191;188;183;158;155;165;168;178;94;130;193;170;164;160;149;173;189;184;176;190;189;176;128;117;182;175;161;20;50;41;58;129;131;174;153;168;5;81;107;20;34;253;32;49;85;4;249;197;163;187;171;184;182;177;189;171;252;65;5;65;45;69;24;97;226;189;179;189;186;191;191;190;179;193;253;129;96;113;98;168;196;127;59;20;45;121;123;176;183;165;135;169;165;139;174;185;174;193;173;176;188;155;77;172;203;181;166;154;180;132;118;218;155;134;237;138;5;7;51;148;147;194;143;137;179;142;100;79;170;157;167;162;163;177;162;177;171;171;142;153;186;169;151;181;157;131;137;161;128;131;139;155;92;201;146;4;71;151;144;177;151;158;172;169;173;169;181;187;174;162;140;152;142;131;148;175;121;174;139;148;144;109;69;195;57;229;187;194;197;193;197;245;6;56;252;175;162;239;125;57;57;123;127;1;30;18;239;247;243;114;242;207;202;200;238;158;108;244;250;247;246;51;137;247;143;241;246;90;252;107;161;237;238;250;179;112;232;211;196;157;107;203;27;69;95;69
137;133;131;143;129;18;10;66;32;141;151;123;131;126;131;124;144;112;16;161;194;96;91;92;97;92;98;96;82;72;72;79;64;77;84;91;85;91;101;122;122;131;123;147;141;159;155;174;173;173;196;170;198;186;186;203;192;200;203;234;30;99;99;95;120;101;42;90;160;242;103;5;55;213;86;122;76;128;204;123;125;154;225;40;10;76;105;120;163;186;157;156;92;120;116;117;114;112;111;111;112;113;112;111;112;113;114;115;115;115;116;117;116;117;118;118;118;117;117;117;116;117;117;117;117;117;118;118;120;120;120;120;119;120;121;122;120;121;121;122;123;124;125;126;125;127;125;129;130;138;140;111;85;103;94;127;100;2;32;33;26;28;29;28;27;27;29;30;34;32;31;37;38;26;27;45;45;39;51;53;31;23;29;27;26;27;29;19;27;44;55;79;69;83;4;151;173;146;155;151;143;142;146;178;181;76;105;149;106;139;147;139;142;163;111;125;194;142;151;156;166;165;143;159;166;161;171;164;159;158;160;199;152;111;192;175;148;144;143;110;154;177;174;181;181;192;150;105;173;190;185;43;48;37;35;133;130;171;167;186;37;66;105;17;35;235;109;14;121;56;32;221;180;154;190;177;172;176;185;171;248;91;3;79;48;56;36;127;206;189;205;180;193;174;190;186;191;247;149;97;163;175;111;150;198;125;55;12;29;115;121;164;176;174;129;144;152;129;175;182;179;167;168;163;184;149;41;141;206;198;163;140;151;148;117;202;176;118;228;143;6;2;43;137;142;189;144;130;159;131;111;86;158;168;165;158;150;174;178;171;177;141;101;145;196;185;157;180;176;173;165;174;122;123;144;143;99;194;150;2;55;154;135;191;159;161;172;172;170;161;166;179;159;142;151;172;132;123;150;164;122;172;165;146;126;144;82;173;99;224;181;188;191;189;192;248;3;93;249;170;169;227;204;138;144;174;125;10;28;35;229;198;195;122;237;233;239;245;231;253;215;234;213;208;248;133;122;247;151;245;239;90;250;99;159;227;237;252;174;118;231;202;206;157;107;228;19;67;81;9
131;133;132;136;118;15;13;64;35;149;154;128;131;130;132;119;121;155;47;221;252;201;203;208;201;211;198;177;171;210;195;166;157;164;160;145;139;123;133;95;98;84;114;95;94;80;77;77;80;85;77;99;85;80;98;97;107;98;117;220;15;106;109;96;128;81;38;110;158;249;85;2;33;177;118;124;63;138;209;86;182;160;40;52;147;168;152;153;144;151;130;133;109;130;126;95;113;112;111;111;113;114;113;112;115;116;116;116;116;116;117;118;118;118;118;118;117;117;117;118;116;116;117;117;117;117;117;118;118;119;119;119;120;121;122;124;126;125;125;124;124;124;124;124;131;133;130;134;135;142;145;115;81;105;85;136;85;2;33;34;30;30;29;30;30;29;28;28;31;27;26;34;37;24;25;44;40;32;43;51;36;25;26;24;25;25;28;21;29;45;59;88;64;86;4;154;177;145;154;155;149;145;150;160;185;85;95;151;114;156;155;145;148;156;115;131;194;142;153;167;159;159;106;116;132;132;133;123;113;110;99;162;98;117;202;180;221;207;208;211;187;181;167;188;181;163;131;114;173;191;183;50;47;32;18;141;147;150;156;195;85;44;91;50;69;235;121;9;93;117;48;29;234;223;167;180;185;188;190;166;241;76;8;67;45;43;45;108;207;200;180;191;188;194;171;182;253;113;60;140;158;144;123;135;207;137;67;16;20;117;122;161;160;176;129;142;163;96;173;177;177;155;164;154;191;130;33;110;204;207;163;127;128;130;81;183;165;114;227;165;2;10;40;131;141;194;153;125;139;121;124;95;146;174;154;167;142;165;178;163;178;136;119;149;192;195;157;171;147;181;165;168;125;129;174;152;126;190;165;4;30;158;138;181;164;156;166;181;176;172;168;184;178;141;153;164;147;132;146;163;123;154;174;154;133;156;71;151;153;227;185;185;188;187;194;251;9;83;247;168;194;197;197;166;169;188;135;26;3;56;251;197;203;111;252;222;252;237;223;251;202;203;248;239;225;253;204;244;164;243;228;84;251;104;164;230;238;251;171;123;228;193;210;158;107;221;14;21;81;153
133;135;135;137;117;17;12;55;32;149;145;127;126;133;135;123;127;141;37;223;227;152;195;190;190;195;197;200;178;198;198;217;211;230;212;236;226;228;220;248;252;252;233;231;217;234;224;191;212;200;182;177;158;162;168;166;147;135;140;220;16;101;105;101;118;77;64;117;156;236;46;7;7;171;134;122;66;159;150;165;176;44;138;187;149;155;146;149;178;159;193;185;119;108;128;135;112;112;112;112;113;114;114;114;115;115;115;115;114;114;115;116;118;118;118;117;116;116;117;118;116;117;118;117;116;116;117;118;118;119;120;120;121;121;122;123;124;123;122;123;124;126;126;126;126;128;125;130;131;139;140;110;82;109;83;150;77;5;40;38;28;26;27;29;30;29;27;27;30;27;26;35;38;26;25;42;39;37;43;44;35;30;28;23;25;24;25;19;34;54;60;78;69;83;5;165;175;148;154;158;150;149;160;157;180;90;95;154;106;140;143;145;153;160;141;149;177;145;144;173;150;175;120;123;128;151;163;155;157;161;123;172;102;87;220;155;168;185;177;179;184;192;180;180;180;171;145;129;184;185;171;47;62;39;14;132;136;165;160;161;76;42;97;55;64;184;129;42;93;88;108;43;16;168;234;176;172;176;169;172;251;78;3;95;43;64;52;95;220;185;198;194;183;178;224;253;115;1;178;161;138;136;132;128;207;142;61;21;16;114;124;164;177;157;131;129;183;103;174;190;166;183;180;156;195;142;61;73;206;211;155;121;159;137;76;191;178;95;212;160;2;4;39;141;143;194;155;128;144;127;126;75;132;193;153;165;129;169;196;165;180;144;153;162;194;201;145;161;155;186;169;172;128;70;144;161;89;182;193;4;21;160;139;178;177;154;158;177;171;176;172;186;180;112;142;185;150;133;156;177;140;157;174;169;149;152;50;170;180;215;190;187;189;184;189;243;3;75;250;179;180;197;208;236;238;231;128;2;1;65;254;244;157;96;243;223;223;238;220;252;216;207;251;238;229;248;205;252;154;227;230;91;250;99;157;239;239;247;170;125;222;186;209;158;135;205;41;48;35;148
127;127;131;140;121;20;16;61;39;155;141;129;119;129;125;117;127;154;43;198;232;177;205;177;178;180;187;189;173;191;189;207;125;95;115;96;177;187;138;100;106;152;108;189;239;120;197;209;158;246;193;219;237;236;200;204;215;215;204;224;10;91;89;103;110;76;72;113;176;213;25;7;4;134;141;113;93;129;163;198;57;127;176;138;158;154;180;182;182;174;195;173;120;115;118;133;112;113;114;114;114;115;115;116;115;115;115;114;114;114;115;115;116;117;117;117;116;116;116;117;118;119;120;120;118;117;118;120;118;120;121;122;122;121;121;121;121;120;120;121;124;126;127;127;128;131;129;134;136;143;144;113;80;107;78;157;66;3;39;31;28;28;30;33;34;32;31;32;31;28;27;36;40;29;25;39;39;42;41;36;32;29;26;26;23;28;28;17;35;64;66;72;77;66;9;174;165;155;154;160;149;152;162;166;169;94;103;150;114;123;145;154;148;150;144;135;174;152;131;164;140;162;142;144;156;150;147;129;139;149;127;191;138;82;218;181;177;189;184;185;175;180;181;187;198;164;130;134;194;189;165;47;71;47;11;116;134;167;156;164;91;25;75;38;69;167;141;52;72;105;83;82;56;17;111;249;191;190;179;190;247;51;2;8;1;2;4;69;233;188;173;170;213;247;203;96;91;89;118;142;139;152;132;112;203;135;28;21;19;107;124;162;181;151;145;115;172;125;168;189;123;152;149;153;190;169;83;79;202;230;143;100;183;154;83;179;204;77;203;160;7;7;30;142;138;184;142;118;141;127;129;71;116;210;154;150;111;170;212;162;161;154;167;154;190;216;137;143;157;216;200;134;117;58;130;100;19;154;213;1;16;145;133;176;173;144;153;163;156;160;155;156;174;64;113;215;42;42;93;95;101;161;166;136;84;122;27;161;189;197;194;190;194;188;192;234;7;81;252;174;172;189;200;196;195;229;128;6;9;77;245;250;154;107;248;221;245;238;226;229;207;207;246;221;224;245;225;226;160;218;236;99;249;86;137;243;236;247;175;112;203;187;213;155;103;198;80;173;140;158
128;133;134;131;106;12;15;60;37;155;138;134;120;131;126;121;108;110;53;195;221;184;179;196;193;191;196;186;177;196;194;202;169;211;231;221;172;147;229;190;184;211;203;105;231;159;151;182;103;183;144;145;173;198;203;198;193;185;200;229;5;95;88;102;101;64;71;123;185;179;34;7;6;107;176;109;112;115;188;130;84;165;140;173;178;193;207;184;190;193;213;201;120;126;143;124;113;114;116;116;115;115;116;117;118;118;118;117;117;117;118;119;115;116;117;117;117;116;116;115;121;123;124;123;121;120;121;122;120;121;123;123;122;120;119;118;127;125;123;123;124;125;125;124;125;128;127;134;136;142;142;110;82;108;80;163;63;2;41;29;25;26;30;33;32;30;30;33;29;27;26;35;40;28;23;34;36;38;34;32;30;22;19;29;20;33;34;16;33;70;74;75;79;45;8;177;152;159;153;159;153;151;151;172;163;104;113;136;115;112;162;174;146;144;149;135;182;159;133;166;148;135;147;144;153;159;171;135;144;157;127;161;151;97;220;172;159;182;170;176;171;171;174;178;187;127;79;91;195;196;162;46;60;46;7;110;136;155;142;169;111;15;75;46;40;123;114;56;63;82;97;71;115;72;9;119;218;227;229;165;233;165;102;167;174;146;153;204;202;198;224;253;221;113;88;173;131;40;121;170;154;140;132;116;208;131;2;21;28;105;125;156;164;166;141;111;159;141;162;141;126;149;148;157;175;189;69;68;182;249;135;75;175;160;86;159;211;76;198;160;2;16;13;132;139;191;155;129;142;118;126;75;114;218;159;154;115;166;212;157;152;154;163;157;198;219;127;148;143;173;191;153;152;22;98;120;6;134;227;1;8;131;141;169;177;141;152;148;143;150;155;150;204;69;44;204;22;69;77;68;75;164;169;131;37;101;20;166;190;181;187;180;187;184;196;233;2;68;246;176;164;195;208;199;204;214;105;11;1;86;254;251;152;107;251;211;236;210;248;251;222;220;245;249;224;247;218;218;195;225;235;97;249;85;127;242;233;250;182;96;183;191;220;151;112;218;1;59;95;68
139;146;142;129;113;17;11;71;33;153;151;128;133;134;144;127;135;150;70;184;217;184;203;192;184;176;196;188;176;178;188;224;144;108;149;130;184;184;134;201;205;87;150;140;228;186;166;215;142;182;229;127;182;192;175;190;189;164;169;231;1;79;101;101;101;59;88;114;200;159;28;14;2;134;158;111;115;142;146;95;146;119;176;207;201;190;188;205;197;188;210;204;114;98;150;109;114;117;112;112;114;113;112;107;113;113;112;113;115;117;119;120;118;118;117;120;122;118;116;121;118;117;117;117;118;118;118;117;121;122;121;119;118;121;122;123;126;126;122;123;121;117;122;122;122;123;124;130;128;138;136;106;85;107;74;175;47;7;47;29;25;28;28;31;34;32;31;35;30;33;25;33;33;29;22;31;34;36;25;23;28;25;24;25;24;28;34;13;36;72;75;74;79;12;39;174;144;146;151;163;160;156;141;167;164;119;95;151;94;114;166;170;156;145;149;147;167;164;139;163;155;140;148;139;157;176;188;118;133;155;140;163;156;90;219;194;130;169;169;171;165;173;172;147;148;117;70;43;205;184;178;60;48;55;23;107;136;148;154;166;108;12;99;53;42;92;86;48;71;105;103;43;52;55;33;94;58;65;126;99;106;167;172;197;185;206;211;148;79;162;176;45;69;94;134;162;126;56;136;173;124;153;142;107;213;147;2;34;21;96;135;144;171;170;139;127;146;158;155;149;146;144;143;171;173;197;103;100;168;245;132;67;164;170;97;138;207;88;174;179;2;9;4;120;140;201;158;115;156;129;122;86;107;214;152;167;133;150;190;167;152;157;169;167;187;205;141;153;133;147;185;152;144;45;100;111;21;117;244;3;2;145;134;170;181;132;160;146;164;154;157;165;187;97;15;167;6;45;60;60;65;160;175;151;22;121;17;153;199;181;180;182;188;178;195;231;10;65;248;169;179;219;211;228;254;244;123;1;10;70;253;251;151;87;249;238;240;251;191;193;185;216;245;212;242;249;201;232;205;215;227;92;252;89;113;249;232;243;196;79;158;196;221;157;73;196;60;75;120;2
132;149;135;129;108;13;13;64;39;160;158;126;133;133;147;128;144;184;90;173;239;183;188;196;186;181;196;195;184;193;185;204;216;137;250;244;120;154;209;163;199;187;205;148;198;136;166;128;104;204;217;139;188;191;154;199;166;186;157;191;16;66;85;110;92;64;99;116;197;153;27;25;24;110;155;124;127;163;126;117;163;151;223;203;194;194;184;179;186;192;196;216;143;78;146;106;115;115;107;104;107;106;103;101;98;100;101;100;99;100;102;105;103;107;105;102;103;104;102;101;103;104;104;105;106;106;107;107;99;101;104;104;106;108;110;110;107;113;115;121;118;113;116;116;128;136;135;148;144;145;143;111;91;98;80;170;34;7;36;31;26;32;33;32;32;31;31;36;34;31;24;29;32;29;22;29;30;33;24;23;28;25;25;25;25;26;33;14;41;65;74;77;72;6;48;189;133;142;147;158;148;151;159;171;172;117;85;178;127;130;167;159;151;157;140;134;164;179;153;175;153;154;155;134;170;172;169;109;120;134;124;144;157;77;208;195;145;159;151;176;173;163;182;159;142;112;79;19;199;182;182;49;33;52;27;115;132;148;158;174;116;9;73;60;67;91;41;69;69;73;34;98;124;117;128;185;142;99;143;198;217;6;1;5;4;1;5;57;149;121;116;119;156;148;135;140;155;106;104;162;134;159;147;106;193;155;10;20;6;85;141;149;164;162;136;125;146;159;152;146;150;144;133;156;174;185;129;118;117;219;137;83;138;143;98;153;216;89;165;180;2;16;10;133;123;186;163;111;150;157;141;76;105;208;163;158;141;146;198;178;145;161;173;168;185;212;149;154;143;136;196;162;145;35;98;106;29;97;246;4;2;133;135;163;182;129;171;166;170;164;164;167;189;103;13;151;46;66;86;64;64;161;174;154;21;138;32;146;207;186;178;191;180;175;197;219;2;69;250;178;179;215;65;1;23;244;255;12;1;50;254;252;185;120;251;159;206;235;172;208;209;234;173;133;153;243;228;245;167;192;237;86;252;79;88;251;236;251;194;67;163;208;222;177;36;157;57;95;218;13
130;152;130;130;107;9;16;60;24;151;155;122;131;127;139;120;117;168;98;145;251;179;183;195;189;185;194;196;172;195;198;205;128;117;131;91;216;149;152;191;176;113;161;174;176;233;160;129;252;185;181;158;180;212;153;188;167;160;183;188;18;72;76;93;89;75;113;121;200;150;30;45;48;104;153;128;139;166;135;156;221;148;204;214;205;198;193;205;200;195;186;215;168;108;163;147;151;150;143;143;150;150;145;148;145;148;150;147;144;142;144;147;143;152;150;143;146;152;151;147;149;150;151;152;152;152;154;156;158;161;162;160;158;157;155;153;155;157;156;160;161;159;165;166;175;174;154;165;165;168;168;138;134;119;101;178;28;20;34;38;19;28;31;28;27;27;29;34;35;26;27;30;39;33;23;27;24;28;22;24;28;26;27;27;24;24;25;22;44;58;66;74;81;3;69;190;118;148;159;144;166;135;150;176;170;105;85;182;149;136;164;155;149;163;129;133;181;156;110;177;159;161;157;161;180;178;182;161;179;186;175;182;181;79;201;206;168;168;154;179;180;162;174;127;115;104;93;4;197;179;190;51;33;55;23;110;136;155;161;170;116;2;48;66;58;14;34;70;59;33;157;215;218;220;218;196;198;221;207;172;245;52;89;249;249;220;77;130;182;229;171;215;201;198;185;205;209;254;215;117;137;146;152;112;189;165;28;16;6;76;144;140;166;169;153;135;145;152;145;150;161;159;136;156;168;166;141;130;147;230;157;128;159;165;130;160;223;110;155;194;9;13;3;132;128;175;164;115;153;159;132;70;102;211;186;158;128;135;198;180;152;164;174;168;177;199;148;155;141;120;198;173;148;30;122;134;44;76;251;7;4;122;142;161;197;113;141;168;165;154;150;158;174;126;27;114;106;91;90;68;60;153;174;159;31;151;26;132;205;199;178;183;187;170;180;213;4;84;226;172;173;249;29;24;3;17;119;1;30;21;55;111;218;209;252;209;188;167;183;200;158;192;206;225;212;225;203;244;112;231;226;91;251;92;113;223;246;244;210;44;103;215;215;178;49;179;40;77;139;81
134;149;132;133;112;9;17;62;31;158;155;130;132;126;131;120;134;166;116;117;254;213;211;198;196;203;187;188;183;185;187;213;198;205;191;185;231;187;179;214;205;127;138;200;203;195;213;122;198;200;167;192;206;160;155;189;178;144;197;194;22;80;78;87;82;71;107;112;196;128;12;37;37;124;139;140;158;154;138;196;209;154;214;195;188;200;201;208;210;201;205;204;162;143;152;152;152;147;141;138;142;135;125;130;134;136;137;135;131;129;130;132;130;138;136;129;133;139;138;135;138;139;140;140;138;138;140;142;142;145;147;147;147;148;149;148;163;160;151;155;159;161;166;165;145;160;161;165;155;162;179;175;181;152;110;180;11;16;26;26;22;33;36;32;32;34;35;37;27;16;30;30;38;29;16;20;26;27;22;23;25;23;25;23;28;29;18;30;39;46;47;53;39;9;108;160;133;150;154;168;173;127;136;178;167;114;100;176;171;154;169;169;152;151;114;131;176;163;114;178;142;152;142;146;169;177;164;124;113;127;137;138;179;86;187;210;171;173;163;164;174;172;177;119;120;93;85;11;200;176;195;58;41;65;18;100;127;143;152;169;143;30;56;54;14;145;167;12;57;66;193;167;208;188;208;203;203;202;209;197;226;68;9;14;6;19;8;96;125;171;198;222;208;217;217;225;197;172;239;187;123;152;144;104;195;162;32;17;18;69;142;119;170;170;160;155;174;177;151;142;166;174;149;170;165;164;153;161;135;190;141;132;146;145;133;145;211;138;146;189;9;3;2;123;121;167;174;123;149;129;124;96;101;186;161;173;147;137;172;190;147;177;201;185;193;211;168;155;154;119;164;164;162;40;151;142;55;67;253;8;4;117;145;162;184;136;142;166;147;153;156;162;182;150;58;58;102;82;74;71;58;126;177;181;45;142;26;114;199;195;180;175;193;165;171;217;2;72;244;179;175;254;32;44;62;103;255;9;20;39;90;1;20;144;171;181;189;205;201;185;184;217;212;217;208;191;174;193;183;217;208;181;201;135;249;203;214;252;185;165;188;153;230;150;66;143;59;30;45;42
136;137;132;133;116;9;16;67;34;157;142;133;130;134;137;143;126;161;132;108;225;228;223;229;234;240;250;255;251;246;241;222;235;242;251;250;242;231;233;231;223;252;229;216;229;221;228;218;185;231;237;209;202;203;204;210;196;199;198;200;61;72;68;87;93;80;114;122;216;121;7;31;13;129;142;170;222;158;202;242;243;250;231;200;215;188;220;191;213;223;246;248;230;205;221;229;230;220;218;220;224;221;213;223;216;218;218;219;219;220;220;221;222;224;222;218;220;220;219;220;224;225;224;223;220;219;221;223;220;222;222;222;223;225;229;228;224;224;223;228;231;228;229;226;235;225;221;222;230;234;216;173;172;155;106;177;3;18;41;38;28;37;39;36;38;41;39;37;37;22;41;34;33;26;16;28;58;54;44;41;36;31;31;25;29;28;18;35;56;60;75;65;36;8;152;149;144;139;147;133;98;238;162;164;180;103;106;170;166;156;157;173;163;166;147;159;182;186;136;184;148;172;166;162;199;213;191;150;136;162;167;142;178;121;177;213;182;182;175;171;183;170;175;157;174;108;81;20;194;177;198;55;31;69;19;94;133;151;167;165;121;0;53;58;6;208;178;2;52;115;155;199;193;181;189;194;201;185;203;190;253;59;2;46;33;29;19;101;246;214;226;219;230;235;222;219;218;188;179;191;117;155;161;100;188;153;33;12;18;57;145;112;173;167;147;141;163;173;160;158;166;170;159;170;163;164;147;170;149;178;163;164;166;149;166;169;169;128;154;201;12;12;5;94;132;154;167;123;162;154;170;113;93;137;135;172;132;142;164;147;140;144;161;147;157;163;156;165;156;139;148;163;167;27;151;133;53;64;252;12;3;112;139;156;174;156;133;169;161;164;160;169;184;154;112;49;70;63;68;79;59;112;174;202;55;113;49;101;209;187;188;190;188;176;191;234;5;74;236;161;160;251;29;46;149;65;38;23;20;18;252;216;161;195;250;230;155;139;185;182;185;245;242;244;247;251;187;251;252;237;241;242;191;126;186;214;242;247;140;209;245;150;215;148;129;206;171;41;31;71
131;128;125;132;113;7;13;67;24;146;127;130;129;138;135;147;105;123;153;125;64;19;27;61;72;37;45;41;44;82;118;140;119;114;129;137;140;145;150;151;155;147;169;169;182;216;182;169;174;205;225;218;214;231;212;203;235;205;219;202;61;62;68;82;80;72;111;124;227;104;2;18;39;118;121;117;120;116;203;191;165;99;127;181;186;181;162;161;141;137;137;171;177;38;65;78;79;57;55;59;63;65;62;73;79;78;78;82;87;91;92;91;90;90;88;88;90;87;85;89;81;81;81;79;76;76;76;78;67;67;65;61;59;60;61;60;61;67;69;76;76;72;75;74;72;70;80;77;92;101;97;46;23;50;71;162;8;25;37;24;26;32;34;35;43;47;45;44;55;36;54;39;27;26;22;47;96;85;69;60;49;41;40;31;24;21;20;35;78;86;119;83;46;3;159;151;142;142;173;96;102;228;197;179;158;108;93;164;182;176;156;166;157;163;152;138;173;169;122;172;156;170;173;182;183;185;178;187;188;202;194;178;181;141;144;183;176;170;159;166;187;162;164;170;182;122;104;45;176;181;205;59;17;65;13;82;129;132;154;161;129;4;61;54;1;164;161;5;31;115;191;188;169;188;178;177;196;186;196;182;253;67;12;70;53;55;56;123;234;197;231;119;94;190;153;125;194;214;184;144;125;152;146;130;178;165;48;8;12;43;148;123;173;181;164;157;163;152;140;138;163;158;168;169;179;169;129;150;171;174;181;181;178;150;178;170;193;119;151;211;2;8;11;107;134;146;185;144;155;152;195;132;73;184;176;150;146;156;161;177;144;138;150;138;145;145;149;162;144;150;162;175;176;17;147;144;46;61;252;24;3;107;133;148;181;157;113;153;174;161;147;168;165;129;100;45;78;91;78;89;56;131;165;193;70;87;53;94;201;183;174;183;175;176;190;231;4;76;249;191;177;251;47;43;105;205;62;2;33;6;254;246;202;160;131;236;252;253;178;151;183;250;229;227;246;239;154;252;233;234;252;216;228;231;203;235;232;236;193;178;88;169;232;127;84;185;212;48;52;79
126;132;115;137;106;6;12;62;33;155;134;134;134;136;125;130;107;130;153;159;151;91;69;117;111;111;93;2;11;107;110;149;147;139;140;124;138;137;139;131;142;121;121;138;107;112;128;136;138;115;103;116;113;115;122;140;148;51;211;186;44;81;75;70;66;69;115;124;228;83;2;13;20;171;81;128;59;132;216;135;107;170;213;200;172;196;168;174;171;138;108;145;197;30;80;144;126;87;80;79;75;73;64;68;60;58;57;60;65;69;70;69;67;68;67;69;71;69;68;72;74;73;72;71;71;71;72;73;82;84;84;83;83;85;86;85;83;85;85;91;94;92;97;96;95;104;111;98;104;103;126;59;23;42;103;146;3;24;28;25;27;31;33;39;48;53;54;56;56;38;59;45;23;30;26;60;101;85;66;55;44;39;39;29;24;25;18;37;76;95;124;60;34;59;170;142;146;138;149;79;112;158;148;188;180;114;94;179;187;188;177;184;172;176;170;146;160;181;155;180;165;160;165;168;169;164;156;165;146;148;151;169;177;139;139;179;175;164;157;160;169;165;165;166;156;111;110;61;165;181;208;75;19;62;6;75;141;142;166;157;118;11;63;62;21;189;172;2;41;108;210;158;175;187;182;179;186;185;181;179;243;72;3;68;38;39;34;124;227;201;196;96;121;143;171;159;130;222;185;139;139;151;148;138;173;184;59;7;19;35;139;130;172;174;146;153;178;177;177;168;169;165;178;183;199;187;124;146;166;161;184;177;166;142;183;178;205;129;134;232;15;3;4;107;140;143;179;143;151;154;178;131;64;182;192;158;152;145;162;221;145;185;211;196;193;210;187;147;157;138;168;171;190;35;148;152;41;53;250;37;3;101;136;145;174;175;146;133;162;157;154;172;169;149;99;60;58;52;47;90;60;127;164;184;78;85;41;88;207;199;180;181;189;179;201;213;2;6;184;217;221;247;55;30;47;144;130;7;32;5;101;241;212;203;191;114;126;232;251;196;166;250;232;225;239;229;192;246;247;220;250;214;229;247;238;236;230;235;248;211;126;207;191;167;109;106;47;7;62;83
124;142;109;143;100;6;13;56;36;157;135;128;134;136;128;129;123;136;166;152;149;99;107;113;89;39;76;30;36;149;139;183;165;157;153;164;166;163;161;164;153;167;168;170;174;156;179;153;162;173;172;168;169;157;166;170;165;28;240;167;37;87;71;80;67;79;128;127;225;68;4;13;22;189;115;102;75;199;193;166;225;161;145;138;145;157;208;204;199;179;157;146;197;46;55;136;133;88;86;95;97;103;95;96;97;94;92;92;95;97;97;96;100;103;101;101;103;101;99;101;100;98;97;98;99;101;102;102;95;98;101;102;102;104;104;103;108;105;101;110;118;118;117;109;109;119;116;113;134;125;147;45;39;41;130;130;3;30;24;31;28;30;31;36;45;48;50;55;53;39;66;58;33;43;36;72;94;76;56;47;39;38;43;32;21;32;15;51;74;112;126;48;16;107;165;135;151;153;136;57;49;154;162;178;172;118;115;187;132;145;163;182;169;170;174;162;166;181;156;177;180;168;176;177;197;206;197;194;178;195;183;176;155;125;169;212;183;168;172;161;170;171;160;174;172;117;86;28;167;177;200;87;27;63;7;85;126;137;167;149;112;25;55;47;3;116;85;9;24;114;187;176;184;171;182;181;170;188;179;178;250;58;7;68;41;49;22;128;226;205;168;108;130;148;215;132;173;203;168;159;168;157;168;119;169;188;55;5;33;34;124;126;177;181;146;153;175;170;176;167;190;188;182;191;192;187;110;140;175;157;177;168;161;151;191;180;184;150;109;226;24;2;3;98;133;157;184;137;157;173;173;153;68;164;182;163;149;149;158;198;146;170;177;175;167;193;177;154;176;130;182;164;186;35;136;154;38;42;247;43;3;93;141;146;182;174;166;129;172;163;162;180;174;136;73;85;70;61;66;91;73;88;171;197;71;99;43;81;213;192;187;180;192;164;215;175;2;31;1;1;59;254;40;31;73;142;80;2;38;35;1;10;242;221;231;198;176;125;165;250;250;206;245;252;236;235;160;251;235;239;244;192;225;242;232;216;216;219;252;189;170;183;198;191;192;208;66;59;77;88
113;131;126;141;95;11;16;53;44;154;135;130;125;138;140;138;124;145;177;154;149;92;76;120;109;57;65;18;10;147;137;171;161;151;153;160;159;158;158;154;163;159;157;159;161;163;166;169;158;160;161;163;159;168;168;188;162;46;247;167;51;80;49;79;58;79;121;125;213;68;2;2;28;173;125;84;149;208;177;178;116;105;171;178;168;127;125;192;203;194;172;161;209;85;32;159;141;90;88;91;92;90;82;85;92;85;83;83;83;86;88;85;91;93;93;89;89;91;90;87;94;94;93;92;90;89;89;90;89;94;96;93;92;96;98;97;97;97;95;101;113;114;101;100;109;106;107;119;115;118;144;58;42;60;122;120;6;27;39;24;29;29;21;38;43;39;39;54;66;70;75;71;48;38;39;59;85;74;51;39;47;48;36;27;27;20;23;73;69;123;122;54;30;134;148;135;130;156;152;110;92;112;159;186;169;127;112;160;127;135;162;187;186;179;161;162;161;185;143;165;176;173;174;182;173;180;177;184;190;196;202;166;177;133;167;197;171;170;159;174;175;186;165;145;156;131;80;0;156;193;198;93;17;57;21;86;135;132;158;151;121;80;91;111;66;59;69;56;15;102;196;175;177;157;188;172;169;175;178;180;242;55;6;67;49;35;33;127;220;185;195;210;144;84;72;199;221;177;182;168;166;168;156;141;166;188;51;6;22;30;139;123;160;161;148;161;191;182;185;178;188;189;189;191;189;195;100;136;191;177;186;170;170;159;176;175;214;156;121;209;25;1;12;82;128;161;181;146;166;157;185;154;66;186;202;144;145;151;150;210;150;167;193;184;192;194;174;129;163;139;179;161;183;30;118;159;34;28;249;42;4;87;139;141;180;169;175;135;176;161;153;169;158;118;72;83;65;64;74;75;56;89;173;187;70;86;38;89;211;198;223;235;236;223;253;169;5;50;55;39;1;254;47;50;51;110;68;26;29;34;164;53;218;67;194;253;219;186;158;116;211;253;215;207;254;236;176;253;239;247;250;209;229;243;222;221;216;235;245;195;162;182;187;175;187;192;50;86;86;78
102;131;129;136;100;13;19;52;35;155;137;128;132;138;121;130;125;135;172;163;144;105;85;124;133;112;101;19;7;149;126;183;165;155;156;162;159;159;162;160;161;160;161;163;164;163;162;162;164;163;162;160;162;164;170;178;143;26;249;151;43;85;31;74;47;72;124;138;201;44;7;5;61;173;108;88;218;174;159;159;190;221;193;168;187;197;136;76;160;237;200;172;176;101;22;151;143;92;86;88;89;88;89;91;89;87;87;88;86;88;90;89;88;90;92;93;93;93;92;90;90;90;90;90;90;91;92;92;90;93;93;91;93;98;101;100;95;98;98;107;111;106;106;107;111;110;105;120;113;127;138;54;44;51;121;108;2;26;31;29;26;26;21;37;44;39;44;59;65;65;66;75;50;36;34;69;79;62;42;41;51;46;30;24;22;23;16;60;79;108;104;49;33;137;157;143;127;138;146;147;148;128;137;181;193;131;107;139;114;118;154;179;181;205;194;161;187;203;162;196;184;175;170;186;186;185;181;178;189;180;189;200;162;133;161;188;182;180;137;173;185;145;178;165;159;119;96;5;140;193;220;91;12;60;27;81;126;131;169;157;125;37;44;85;77;74;82;64;35;123;186;172;152;144;181;177;180;183;181;174;245;59;6;63;48;40;36;126;222;176;194;189;221;197;187;228;172;178;185;173;169;169;163;130;168;192;58;11;23;24;134;124;176;173;127;150;189;197;190;188;176;174;184;200;194;197;115;123;203;179;181;180;182;152;174;195;211;121;119;217;32;2;6;79;134;134;182;161;176;186;221;134;52;133;219;168;150;140;155;181;154;182;216;204;209;216;196;149;174;140;190;184;176;29;107;139;33;39;236;60;10;82;135;136;197;172;220;142;151;163;135;170;159;123;59;41;75;54;52;27;34;135;185;169;52;52;43;82;213;205;96;54;79;63;78;51;33;35;68;19;55;248;41;62;52;98;71;12;27;1;180;105;164;18;9;103;244;246;199;181;124;134;229;253;218;170;129;246;232;233;253;207;223;218;249;221;218;223;249;173;172;187;195;184;185;206;54;58;85;107
96;128;131;129;99;5;20;58;43;161;141;133;136;125;112;159;126;115;166;141;134;101;86;99;119;113;102;17;4;145;117;183;164;154;156;161;157;157;162;162;162;161;163;165;165;163;161;160;167;166;162;159;169;166;182;174;111;6;253;136;52;96;21;73;29;79;133;142;172;71;18;2;72;180;90;145;222;153;168;192;156;114;144;213;193;167;216;169;22;99;247;209;182;114;22;164;148;97;88;89;89;86;92;91;86;86;90;91;87;87;90;90;89;89;90;93;94;93;92;93;90;89;89;90;91;93;93;93;91;92;90;89;92;97;100;99;96;99;99;115;114;104;114;106;112;114;105;122;113;137;132;52;60;53;122;92;2;31;28;38;29;28;28;38;46;37;46;59;56;55;54;75;45;39;37;79;80;60;43;48;52;39;27;29;26;25;20;70;88;110;99;44;64;151;149;136;134;140;138;142;144;133;128;182;195;130;86;108;88;57;84;130;150;175;138;76;164;172;127;193;186;194;196;202;192;187;186;195;196;202;203;217;188;138;173;198;177;180;139;164;166;171;150;152;173;108;85;0;138;187;218;84;13;61;19;61;128;130;171;158;141;11;25;82;103;116;137;63;31;179;186;182;178;170;185;175;175;177;183;173;243;58;6;58;48;48;42;129;214;179;184;160;192;192;186;200;179;181;190;162;171;195;169;148;170;203;72;21;30;23;134;131;169;161;145;151;85;114;152;108;92;68;79;118;117;123;95;114;138;160;162;141;162;138;142;162;145;8;176;210;54;1;4;66;132;136;184;96;89;103;121;50;45;93;43;153;160;126;170;128;112;116;77;59;67;76;90;137;157;110;111;169;160;15;157;184;93;97;237;85;4;65;135;154;183;188;146;118;171;142;155;171;160;106;88;119;55;64;32;133;108;108;199;124;167;109;33;89;213;230;4;3;5;26;126;136;65;38;50;4;87;251;9;57;21;89;78;3;38;2;180;44;162;134;109;1;7;155;254;226;213;170;106;146;248;254;188;170;169;199;153;101;251;226;230;218;218;229;254;152;177;183;181;188;180;214;51;45;111;117
84;114;136;139;106;5;20;53;38;157;134;132;137;131;134;186;118;136;191;170;134;115;83;105;109;78;80;24;8;139;130;182;162;154;157;162;158;157;162;163;165;164;162;162;163;164;165;165;166;168;162;163;169;168;191;170;110;4;251;121;69;75;11;81;2;87;130;140;166;71;16;2;95;184;58;198;172;158;183;141;92;114;99;79;160;181;148;232;196;16;90;208;218;103;11;161;152;98;89;91;93;86;94;87;87;86;89;89;85;85;88;89;94;90;88;90;90;88;90;94;93;93;94;93;92;91;92;93;93;94;92;89;90;94;96;95;98;100;98;119;121;110;123;96;108;115;112;121;115;141;131;51;61;60;128;88;10;39;27;30;33;30;34;40;44;31;42;51;65;59;58;79;36;39;36;66;76;57;45;45;40;25;22;34;26;13;31;83;79;122;98;26;67;158;140;135;140;134;137;143;129;134;133;178;169;132;66;109;88;82;99;120;120;100;51;39;146;140;58;115;107;110;107;59;166;202;177;129;61;134;151;97;171;105;140;168;150;155;146;159;163;162;186;119;172;143;104;17;157;196;207;98;32;60;10;65;139;134;165;160;161;12;39;78;104;156;228;56;15;139;181;173;180;177;182;176;175;175;181;165;239;58;6;55;47;50;41;131;208;179;179;179;183;182;172;197;184;176;193;130;36;146;167;118;153;200;75;16;26;18;128;125;169;144;131;148;98;125;169;123;101;94;97;111;102;121;129;138;93;167;137;29;70;115;126;146;162;6;210;197;38;5;0;74;132;157;200;61;49;81;78;61;98;104;27;136;186;134;152;137;101;110;34;43;60;79;87;141;158;81;65;147;174;5;185;201;190;151;229;96;8;74;135;149;206;74;0;114;190;170;133;185;176;37;138;188;72;185;32;190;150;50;212;111;216;153;43;76;197;247;156;54;31;104;146;136;47;35;68;3;134;254;16;47;28;83;69;8;27;1;184;37;248;57;155;163;55;3;54;226;239;228;205;133;102;188;248;252;243;253;209;154;247;219;238;208;210;229;249;160;180;189;177;178;185;195;45;66;120;111
101;109;130;127;89;6;26;60;32;158;134;129;132;144;145;143;115;135;187;149;135;101;84;127;125;73;70;23;12;127;138;181;161;155;161;168;163;162;166;166;168;166;164;162;163;166;168;169;164;171;163;166;164;169;188;157;61;12;250;87;78;78;42;69;5;68;155;143;179;68;13;2;109;150;102;224;168;167;170;175;217;207;219;213;126;162;196;159;233;201;105;79;199;160;4;168;156;92;86;89;96;90;97;88;92;88;88;87;84;85;89;88;96;91;89;89;89;87;89;93;92;94;96;95;92;90;92;94;95;96;96;94;92;92;94;94;96;100;99;118;124;115;132;95;103;114;121;120;120;140;135;50;48;66;125;73;9;32;31;30;29;27;34;40;41;28;40;46;71;53;57;82;36;41;44;64;76;60;48;42;33;24;26;33;25;7;50;74;80;132;91;11;69;163;133;137;140;124;139;144;143;132;144;177;168;149;54;110;102;74;110;134;119;139;128;99;164;173;71;110;109;107;115;20;152;216;191;158;88;159;172;60;116;66;67;102;153;141;137;148;171;173;187;81;108;134;95;22;129;229;220;92;12;74;30;58;135;131;156;157;157;3;35;42;11;114;189;60;3;104;202;180;171;174;177;177;180;179;181;163;241;59;7;54;42;42;33;132;215;178;181;179;186;171;174;193;162;179;218;123;32;97;175;101;133;195;76;8;23;17;127;121;158;156;144;135;119;143;187;149;79;91;102;119;112;117;119;129;115;169;171;93;129;141;124;163;157;7;148;187;54;22;0;61;135;148;188;95;87;131;123;104;86;105;60;122;187;152;174;119;119;120;60;82;77;87;108;129;176;78;110;133;175;8;121;129;70;60;197;110;8;64;124;148;191;82;13;150;200;187;176;204;145;43;75;116;46;58;24;116;123;39;167;136;131;92;34;36;162;247;246;252;137;59;144;187;67;35;49;6;155;254;27;61;36;76;69;24;23;4;183;35;227;14;80;172;181;123;26;4;123;239;248;226;185;120;124;197;238;247;254;245;242;214;237;224;226;236;235;161;173;186;189;173;192;207;40;56;97;81
107;106;131;136;91;15;11;51;42;158;144;137;128;143;134;107;137;100;130;84;163;106;92;113;124;84;77;14;12;121;128;177;158;153;159;167;164;162;165;164;168;168;167;165;166;168;168;167;162;168;164;169;166;174;186;141;74;35;249;85;99;52;28;55;9;59;160;153;153;31;12;2;81;152;140;212;161;140;206;229;184;196;194;176;232;120;199;210;188;241;245;125;190;187;2;171;168;90;87;86;94;89;94;89;96;91;88;87;85;88;91;89;93;91;90;91;91;90;90;91;88;91;94;94;92;92;94;97;96;98;99;98;95;94;95;97;93;99;102;117;124;115;136;104;103;115;126;119;125;138;141;43;27;65;122;63;8;24;35;34;26;25;32;42;41;32;45;51;61;35;45;74;44;38;46;71;80;64;50;43;36;33;29;23;25;16;71;49;107;136;78;6;88;173;129;125;132;132;148;130;139;121;144;159;164;150;48;90;81;75;103;113;112;136;125;124;146;184;91;123;132;128;156;53;182;216;172;188;172;182;194;108;132;113;105;131;185;133;136;151;152;193;130;85;98;117;93;19;117;204;189;105;11;57;16;65;136;135;160;161;150;15;43;38;11;131;173;99;2;125;197;163;184;183;179;176;178;179;180;168;240;54;5;55;41;34;26;140;207;177;174;168;176;177;186;185;167;183;210;92;79;96;169;136;124;199;83;9;27;21;132;127;148;149;153;124;110;155;194;118;93;89;97;123;120;107;93;126;119;156;170;97;117;142;134;152;173;1;114;184;65;6;5;53;134;138;155;116;97;120;120;96;83;91;69;82;62;111;168;111;77;83;52;69;78;76;97;111;149;76;112;109;123;46;96;117;51;11;164;86;3;62;130;139;179;91;2;144;116;81;82;109;122;116;66;42;53;17;32;46;48;51;145;125;87;42;12;90;112;126;247;219;254;199;70;65;55;37;58;2;162;247;38;48;41;79;72;6;8;19;179;12;220;48;49;88;107;154;176;81;1;29;151;255;250;217;171;113;138;200;237;252;247;237;214;211;214;249;228;148;187;176;184;183;191;192;45;82;86;70
137;114;124;135;84;9;4;101;52;147;146;137;125;148;134;120;116;117;152;122;169;104;89;130;112;84;90;16;14;135;123;178;161;154;159;166;163;162;165;164;166;168;168;168;168;169;167;165;166;163;168;168;173;180;182;120;81;55;248;62;90;56;37;65;9;72;171;113;3;2;132;2;91;108;158;177;122;193;207;115;188;170;202;181;161;241;106;171;188;167;223;205;153;183;11;152;180;89;92;86;92;87;87;89;92;88;88;88;87;89;91;90;90;91;90;89;89;91;91;90;89;90;92;93;94;95;95;96;97;97;98;98;97;96;97;98;94;95;102;118;128;114;132;110;108;119;126;121;128;139;145;31;16;59;124;67;27;32;30;25;27;26;30;44;38;35;46;53;52;36;43;56;46;25;29;60;67;51;40;36;32;33;28;15;21;23;75;37;134;133;62;3;111;168;130;124;126;133;149;138;142;137;148;165;163;145;73;114;102;83;126;141;115;128;123;121;129;174;90;118;127;118;142;58;161;212;162;175;175;161;184;127;139;99;90;142;207;165;170;154;119;90;119;109;131;133;109;16;115;183;180;116;12;63;17;54;134;121;144;147;142;39;42;46;1;129;195;99;1;127;206;174;177;176;176;177;178;180;173;167;236;46;3;61;49;32;20;146;205;183;173;178;179;188;177;153;160;181;210;117;54;109;158;114;120;200;85;8;26;16;129;130;143;148;150;135;117;145;159;123;99;97;103;108;103;118;100;130;117;144;149;101;129;135;129;143;170;16;106;192;62;1;2;54;136;140;155;124;95;110;111;100;83;71;94;95;43;104;167;125;37;89;88;69;55;63;67;103;161;103;109;108;92;56;90;113;81;10;168;81;4;61;139;123;195;114;2;191;22;19;36;49;118;119;64;25;67;48;31;57;51;87;146;87;97;68;15;84;163;17;149;248;232;223;254;172;8;68;70;4;104;255;50;63;27;72;75;14;15;31;161;18;212;38;72;77;69;90;121;136;147;70;6;37;202;255;221;216;164;125;152;216;237;254;254;234;199;243;218;144;202;182;180;183;185;198;51;90;91;53
159;120;119;141;86;4;8;169;64;147;147;123;119;160;134;120;125;127;153;114;164;101;86;112;108;73;94;21;9;145;120;178;170;161;164;170;167;167;171;170;165;167;168;168;168;170;168;165;172;160;171;164;178;179;173;98;64;51;249;59;93;69;33;60;13;48;199;105;35;62;150;35;2;84;107;89;193;232;33;30;227;174;181;207;191;182;231;105;206;169;182;221;179;215;2;144;181;85;95;88;94;88;85;92;86;84;86;88;86;88;90;88;90;91;89;85;85;89;92;91;94;92;92;94;96;97;95;93;98;96;95;96;97;97;97;97;98;92;101;120;135;116;126;108;114;123;123;124;128;142;146;23;30;61;118;54;26;35;30;30;30;28;28;43;32;32;41;48;39;41;46;39;47;22;22;54;50;38;34;33;31;35;36;27;22;27;76;49;151;136;59;3;157;159;120;133;135;124;125;137;122;127;128;184;165;123;65;116;91;66;135;161;116;141;157;144;156;188;102;129;136;122;131;63;161;213;162;181;177;165;185;137;131;95;95;148;195;158;175;168;143;41;141;125;125;137;90;20;114;177;193;123;7;72;24;39;147;118;139;148;157;75;46;56;1;143;198;107;1;118;209;171;184;178;176;174;175;179;172;172;234;42;4;70;57;31;13;143;195;176;178;181;177;173;179;165;164;180;203;131;66;90;166;97;122;202;89;10;27;13;127;134;143;152;151;143;110;151;158;140;99;93;113;120;106;119;91;123;130;160;134;96;143;131;125;154;179;88;105;176;85;3;7;52;141;127;165;124;89;121;104;80;71;63;116;113;51;112;146;156;119;112;100;118;110;139;96;119;157;83;122;119;123;58;88;100;63;3;182;91;5;48;147;125;171;105;8;176;36;64;90;69;104;112;82;16;46;29;40;40;52;86;115;110;69;63;61;64;203;181;75;27;213;248;243;199;6;50;53;11;115;253;25;56;27;80;71;11;12;46;145;16;206;66;78;69;87;79;58;42;121;145;153;44;1;95;253;243;221;197;159;116;145;213;254;247;254;244;203;134;171;181;192;173;190;203;58;86;82;49
150;104;119;142;89;8;4;160;89;141;120;138;140;145;128;120;126;133;153;99;161;84;103;123;120;78;80;25;4;135;134;176;167;159;163;164;162;163;164;169;166;167;168;169;169;169;168;168;173;162;171;172;178;173;158;75;82;51;252;73;95;38;26;50;48;64;126;78;69;54;4;76;18;6;129;125;187;230;13;39;245;168;214;138;200;168;224;173;104;221;190;167;171;207;2;152;179;82;95;86;95;84;86;92;84;86;88;87;85;85;88;92;89;91;90;85;83;87;89;88;90;92;95;96;95;94;95;96;99;95;93;96;98;97;97;100;96;102;101;116;147;117;121;100;120;126;119;120;128;145;150;26;33;57;128;46;20;32;29;32;35;25;37;46;31;30;42;39;36;42;47;57;34;27;27;62;65;50;40;39;27;29;21;20;23;48;64;52;157;124;37;23;190;132;135;131;130;123;128;126;121;126;135;193;166;124;89;118;104;102;125;125;124;153;122;121;122;184;90;109;136;130;139;76;169;218;168;171;173;174;170;150;125;103;93;152;187;172;166;177;124;64;68;80;89;113;136;21;103;183;181;118;10;43;20;37;142;116;138;132;154;58;25;36;9;131;182;125;1;119;209;164;180;183;177;175;175;177;175;164;231;46;5;65;50;38;11;145;200;173;170;181;179;169;186;172;174;184;198;124;95;103;164;120;129;186;86;16;25;2;131;129;140;154;148;138;113;146;162;130;119;94;104;123;100;105;103;126;119;169;159;107;139;140;124;137;152;133;107;171;94;3;1;61;130;126;161;120;78;109;125;96;65;80;122;115;80;111;141;140;141;134;92;130;112;111;135;149;161;88;103;125;93;84;91;114;79;3;179;88;2;49;148;130;174;120;84;180;35;21;42;64;110;121;106;75;60;26;30;66;59;101;144;119;83;29;64;55;166;64;148;199;9;124;249;220;0;15;44;39;0;239;80;87;52;73;66;21;3;45;150;16;215;59;94;76;65;83;91;66;104;110;133;165;137;12;1;160;245;229;216;197;154;125;164;222;240;252;254;209;160;140;172;199;191;203;57;53;75;57
159;109;113;132;87;9;5;144;94;148;118;143;140;150;141;119;126;124;153;107;173;89;104;125;119;77;75;17;3;139;132;177;167;160;165;167;165;167;166;170;169;169;169;169;169;169;170;170;171;163;167;182;174;174;155;76;89;78;245;63;84;28;47;44;36;90;131;86;43;19;17;11;65;56;1;85;201;243;61;8;251;168;242;119;124;245;157;236;130;109;244;190;147;217;20;110;189;76;89;84;93;89;88;89;86;89;91;89;86;85;87;91;89;91;89;85;84;88;91;90;91;93;95;96;95;96;98;100;100;95;94;97;98;97;97;100;100;101;102;122;151;111;116;96;127;118;108;129;116;137;150;38;21;55;133;54;19;28;26;32;36;30;40;46;35;35;42;40;35;46;53;57;33;32;37;71;66;40;38;36;33;41;26;24;12;70;59;55;152;113;20;60;181;128;132;131;132;128;133;131;134;127;129;167;155;123;97;113;92;90;128;133;125;130;108;122;132;179;82;110;129;124;134;77;156;214;169;176;178;175;171;148;117;90;111;173;176;162;164;188;114;108;120;54;86;108;114;77;102;185;172;118;19;61;26;32;139;126;153;138;151;46;19;33;6;127;194;113;3;121;205;175;177;173;179;182;169;171;170;165;231;44;7;45;43;36;15;144;195;179;179;171;180;183;181;158;149;187;199;141;71;115;171;124;128;181;75;20;27;9;125;127;149;155;145;141;121;136;141;135;121;108;113;124;104;122;117;127;116;144;167;104;119;144;132;136;156;113;105;177;83;4;8;42;134;134;158;124;98;109;109;93;84;56;98;117;86;116;150;136;121;134;76;124;100;45;85;144;152;85;84;153;111;71;100;118;57;6;184;99;5;44;137;131;170;130;101;179;29;40;66;88;104;129;116;54;25;23;34;27;24;73;126;147;115;35;95;26;190;207;76;89;127;6;102;240;1;61;255;253;183;196;41;44;100;65;49;20;9;49;155;13;221;43;80;74;77;72;84;79;98;96;107;110;142;172;107;16;43;194;239;214;219;173;136;131;163;223;236;254;254;220;154;176;172;174;50;50;82;81
161;122;136;140;78;14;12;75;50;184;135;128;141;150;128;131;133;115;150;110;176;84;97;121;130;79;77;22;5;134;122;182;164;158;165;167;167;169;168;170;171;170;170;169;169;170;171;171;169;171;166;186;167;179;128;76;78;101;249;46;91;26;36;49;31;94;133;81;72;59;29;3;3;174;42;6;203;232;68;14;249;162;227;186;27;228;215;171;242;73;109;252;150;198;29;111;194;66;90;94;96;96;89;84;86;89;91;90;86;85;88;91;88;91;91;88;88;91;92;91;95;96;96;96;96;97;100;102;101;97;96;97;98;97;98;100;100;95;101;126;154;102;104;78;103;121;104;130;109;132;156;36;13;48;126;50;23;33;29;28;31;32;38;40;34;34;37;35;38;48;54;52;28;31;39;67;72;37;42;33;32;38;21;18;16;86;33;74;158;106;8;79;175;130;133;133;134;131;135;130;128;120;128;152;155;127;104;104;91;80;121;137;138;136;114;125;122;186;95;143;136;110;139;87;162;218;165;172;178;178;178;157;104;104;132;179;178;171;158;195;142;68;83;41;84;92;119;58;97;188;167;116;19;63;25;28;142;124;152;141;159;42;25;47;21;118;182;87;6;119;211;174;184;175;171;175;173;177;163;171;226;41;4;73;52;39;13;133;191;166;179;170;174;180;180;164;167;190;192;134;94;128;140;114;126;185;87;22;19;2;113;124;153;159;147;141;128;137;133;146;137;129;126;129;110;126;116;120;115;149;183;117;123;152;136;129;144;117;118;177;84;2;13;31;134;130;160;135;99;109;120;97;78;75;103;103;63;103;134;133;118;152;77;123;135;80;87;141;147;77;92;125;84;62;84;91;50;13;174;99;2;48;141;122;160;120;107;166;9;46;43;51;59;85;120;76;100;99;104;119;99;86;118;119;97;67;79;34;180;204;240;171;105;87;9;59;9;107;251;252;239;247;204;58;1;86;103;21;3;47;159;15;216;50;89;68;75;70;87;87;83;68;91;99;92;117;140;145;94;27;95;224;240;207;213;181;133;149;181;189;201;254;201;95;142;165;92;50;69;61
160;123;126;130;75;7;6;53;54;163;130;140;137;153;129;109;134;130;168;102;165;98;111;115;134;71;70;19;7;145;130;176;165;159;164;166;166;170;170;173;171;171;170;170;169;170;170;170;176;164;173;190;149;189;106;80;63;116;253;46;105;13;34;58;54;65;130;85;89;85;32;20;47;152;137;1;137;254;71;25;224;181;198;225;53;120;243;165;210;233;121;46;141;222;53;104;211;66;89;91;82;91;94;96;88;90;92;92;91;92;93;95;92;95;97;97;97;97;96;93;100;100;100;99;98;98;99;100;101;99;97;98;98;97;98;100;98;92;100;127;150;92;86;43;101;140;114;128;119;128;165;42;12;45;120;37;27;33;33;25;30;38;42;40;37;37;37;38;42;46;52;49;27;27;36;60;61;31;37;31;30;29;25;22;32;99;35;110;131;63;11;135;166;131;134;135;135;132;135;128;120;120;136;158;161;133;103;99;99;80;107;129;131;132;100;96;137;194;77;140;137;108;146;78;143;207;162;173;180;174;173;157;100;117;130;157;156;165;151;182;107;50;95;61;98;85;129;70;94;191;172;118;21;52;25;38;150;119;140;143;170;35;18;47;20;108;214;85;2;123;224;161;174;174;177;177;172;172;151;170;224;32;1;2;28;26;3;129;203;161;176;181;168;162;182;183;183;166;218;134;105;118;150;113;124;174;87;13;33;2;115;118;141;154;148;130;117;139;134;142;138;126;127;130;121;118;114;125;118;179;184;127;138;154;132;129;157;115;114;164;105;2;7;48;135;131;156;127;97;124;139;98;92;55;102;135;71;126;166;136;122;154;111;141;118;123;123;133;169;102;116;113;118;87;83;93;115;72;169;110;7;47;135;140;155;122;140;163;35;42;41;57;108;107;112;126;106;121;111;126;140;99;135;144;120;115;63;36;170;172;165;199;245;218;203;101;3;3;40;176;255;240;232;255;143;15;64;42;2;50;128;36;233;51;65;64;93;89;86;84;93;90;86;77;81;87;92;111;135;124;96;66;155;247;213;254;232;140;132;183;194;231;195;166;219;252;218;38;54;107
153;133;118;132;99;5;24;154;94;150;126;153;136;154;136;122;134;122;166;108;169;99;107;123;124;69;80;20;2;135;134;169;171;164;167;166;166;171;172;175;170;170;171;170;170;169;169;168;169;173;179;167;161;202;71;112;65;134;252;56;109;0;62;55;51;76;134;85;90;54;15;47;196;108;180;97;1;247;166;47;224;182;180;239;124;18;189;246;172;205;236;81;110;252;33;93;218;68;88;94;83;93;94;97;98;97;97;98;100;101;101;100;100;102;103;103;102;102;101;99;102;102;102;102;101;101;101;101;102;101;100;100;100;99;99;100;101;97;99;122;140;87;76;14;158;147;121;120;120;115;158;52;9;48;123;27;28;24;31;25;27;38;41;37;35;35;35;38;43;46;58;55;31;26;39;64;54;35;34;37;37;23;26;18;59;77;23;118;118;53;10;156;151;129;132;135;134;133;136;128;130;130;136;161;161;137;96;101;97;81;106;144;137;144;110;111;145;191;79;131;135;119;139;72;133;200;166;175;177;170;170;172;101;100;129;196;191;184;168;178;175;116;132;62;97;93;131;111;103;191;174;123;35;49;32;44;137;113;136;146;171;27;14;47;12;114;187;75;2;96;252;170;180;153;157;162;157;167;149;139;219;44;46;79;53;11;11;147;176;164;166;176;177;178;193;185;173;174;218;139;130;107;140;102;122;166;88;19;45;5;108;116;138;152;151;129;108;141;143;139;130;122;128;126;126;108;110;124;126;187;170;122;128;149;127;133;165;81;131;154;98;3;10;44;122;143;165;122;99;121;128;109;84;0;82;163;115;128;167;123;59;114;93;125;73;119;109;98;138;126;113;119;136;74;97;94;115;97;163;103;4;47;123;131;152;150;114;205;152;154;124;151;121;132;80;102;137;91;54;130;139;77;116;128;152;115;94;28;182;165;194;206;167;180;242;247;2;55;52;9;31;191;255;242;254;247;122;6;3;67;131;24;193;66;83;80;80;79;84;100;88;93;93;87;84;76;75;93;86;82;112;109;36;127;136;80;119;186;229;132;120;151;173;156;135;182;200;6;39;93
143;142;128;131;88;3;7;125;43;167;145;136;142;158;119;121;132;114;160;115;173;97;92;122;128;67;83;32;12;125;138;181;174;166;168;166;165;171;171;172;171;171;172;172;171;170;169;168;165;179;182;145;180;184;50;134;64;151;250;49;115;0;56;54;65;86;114;61;122;80;2;40;190;100;96;149;11;97;209;42;212;201;161;239;159;16;87;220;215;175;225;221;118;210;102;81;216;73;90;107;101;105;96;91;105;104;104;104;105;105;104;103;108;106;104;102;102;103;104;104;102;103;104;105;106;106;106;106;104;104;104;104;102;101;101;101;101;101;95;116;130;93;82;8;211;163;133;118;114;117;155;46;7;51;117;18;34;29;32;25;23;32;35;31;30;30;32;37;47;50;65;60;31;23;41;67;57;45;35;46;46;25;22;11;63;62;58;137;107;40;26;186;140;130;133;137;132;132;133;125;134;131;126;155;161;141;86;97;101;81;102;151;134;135;99;104;131;182;109;129;130;128;126;93;152;203;166;170;177;173;166;178;118;118;120;156;171;187;166;149;182;154;122;69;91;90;137;97;111;186;165;124;46;48;29;31;128;124;142;145;161;23;24;63;37;108;180;114;4;12;221;223;189;199;181;155;164;160;161;207;253;30;133;253;243;212;53;163;210;181;136;148;155;134;129;147;178;251;171;112;171;135;111;120;123;169;88;22;34;2;98;126;144;150;150;137;112;141;153;148;123;126;130;121;125;107;107;115;136;174;171;127;116;145;126;123;163;43;187;206;101;4;11;39;120;133;169;132;102;119;122;113;68;3;118;165;138;120;168;108;4;78;76;134;72;139;97;14;133;117;96;126;116;83;153;126;144;94;184;125;4;57;140;120;176;125;4;100;194;162;172;181;148;98;124;152;129;125;78;171;172;96;132;89;133;117;54;41;189;172;184;186;178;177;181;227;2;104;169;57;0;16;43;183;207;243;254;3;2;61;112;22;177;84;80;79;80;95;88;83;95;98;90;88;99;93;83;91;81;93;106;92;75;216;168;188;188;173;163;177;148;139;145;132;106;87;34;32;105;95
127;119;120;130;79;19;15;70;49;186;153;120;131;164;145;132;129;134;173;104;161;115;100;112;114;45;47;9;22;122;132;174;170;164;168;167;166;172;170;170;174;174;173;173;172;171;170;170;177;166;186;149;187;135;66;132;58;162;240;42;124;10;31;65;70;70;131;75;115;71;1;60;181;161;67;70;154;6;75;87;189;211;164;231;169;53;69;122;231;190;184;222;170;190;120;89;224;87;89;103;100;105;104;106;105;106;107;108;107;107;107;108;112;109;107;105;106;106;106;107;107;107;108;108;109;109;109;108;106;108;109;108;106;104;103;103;98;101;91;115;123;99;89;9;205;209;136;124;120;129;166;44;8;60;109;14;34;37;30;29;31;33;34;34;34;35;39;41;50;49;60;51;27;25;42;59;51;45;36;47;48;32;21;25;73;53;66;129;70;7;69;185;134;133;138;141;134;133;135;126;129;129;121;149;165;143;78;91;91;72;95;143;132;136;108;109;138;179;98;104;126;132;123;98;155;196;166;170;177;169;145;163;139;105;81;93;101;85;48;61;29;156;131;103;111;95;131;74;106;180;159;127;41;41;25;23;142;138;143;144;157;23;23;60;47;101;168;89;40;9;93;179;184;179;206;219;219;204;208;204;249;21;4;1;10;26;19;188;223;231;211;214;218;240;226;219;214;139;53;137;162;141;133;108;122;171;87;6;29;15;114;131;143;148;141;136;113;133;148;147;114;127;122;121;126;119;110;114;139;175;183;144;125;140;133;104;184;34;178;239;131;3;4;60;141;119;156;130;110;137;130;107;59;19;155;159;117;122;193;97;0;52;93;153;59;162;130;1;153;149;125;111;116;141;208;174;182;68;200;139;5;41;130;129;221;146;5;117;180;145;155;166;184;56;192;121;72;116;113;135;139;49;157;38;193;156;45;38;178;167;157;184;194;177;189;206;2;181;132;133;194;136;1;92;114;140;156;1;6;75;97;4;189;88;62;84;92;92;82;84;89;103;88;80;95;89;80;93;91;91;90;82;50;216;180;176;213;112;7;158;218;199;201;190;224;179;31;122;79;3
134;124;132;148;75;3;12;103;52;168;140;144;150;141;124;122;139;133;162;100;158;111;93;121;113;77;77;13;28;124;142;182;167;163;169;170;171;176;173;171;177;176;175;173;173;172;172;172;170;184;182;134;219;104;61;146;59;168;218;54;123;0;37;77;69;73;122;73;123;59;4;107;217;117;165;21;197;159;45;63;166;229;162;221;208;32;147;100;167;219;190;203;190;189;120;86;218;92;90;103;99;100;104;112;102;106;110;111;110;110;113;117;115;114;113;114;114;113;111;110;114;113;112;111;110;109;108;107;108;110;111;111;108;107;105;104;99;104;90;118;120;99;87;6;166;243;115;123;125;121;169;50;10;74;113;17;26;32;23;35;34;30;30;33;34;37;40;41;50;42;48;38;25;33;48;53;54;50;44;46;39;27;12;32;98;62;68;144;70;6;128;162;128;133;139;144;137;138;141;133;130;135;128;147;166;140;74;91;88;79;106;136;122;129;113;109;144;189;87;102;141;133;123;82;154;196;173;168;165;156;139;178;141;115;96;44;8;20;4;4;51;165;117;110;127;123;123;53;93;178;161;133;34;38;30;35;139;127;124;143;166;30;18;49;46;98;157;88;42;50;128;94;7;5;7;23;67;48;42;49;178;22;3;41;19;1;73;142;104;79;77;93;61;82;89;106;95;75;83;171;154;142;138;106;113;187;120;5;30;19;126;126;149;158;142;136;115;129;142;143;123;134;118;127;127;122;100;105;133;186;184;149;139;131;143;94;193;54;106;169;123;4;11;54;139;132;164;123;110;137;125;126;48;46;171;163;113;111;175;119;102;146;153;152;70;175;126;58;149;142;107;117;141;44;94;204;81;13;198;109;6;50;122;137;197;116;22;156;122;110;101;124;147;18;131;22;21;46;46;49;58;35;142;32;136;95;27;41;179;153;178;172;186;172;196;207;4;209;65;171;252;215;32;208;172;168;184;1;2;56;96;4;175;98;70;81;80;78;87;97;94;95;86;88;95;89;83;85;96;80;84;93;29;227;237;165;221;171;1;184;207;175;161;177;231;198;38;121;41;102
121;139;131;140;81;5;11;120;88;166;158;136;121;157;143;118;127;126;155;97;178;97;108;127;94;114;110;3;15;127;134;168;170;165;165;168;170;173;175;173;176;173;174;174;171;173;175;171;166;202;150;151;220;71;34;132;39;186;195;72;118;4;50;63;58;89;133;68;129;52;1;132;208;142;208;75;2;253;163;2;105;251;161;202;222;41;117;118;167;208;198;209;164;193;159;77;164;111;102;116;103;103;114;104;105;107;110;110;112;113;112;108;108;109;111;114;112;109;112;118;116;114;113;113;114;113;111;110;115;113;111;110;109;108;107;107;103;93;107;118;112;98;65;8;160;231;146;105;118;116;166;62;18;78;112;16;26;27;28;25;32;30;30;29;28;29;34;39;46;38;49;41;23;37;56;55;52;53;60;47;21;23;19;50;90;37;89;150;38;14;149;148;130;143;129;146;139;137;135;134;135;139;138;162;159;143;68;94;96;90;117;136;132;124;116;121;116;172;113;128;137;122;132;107;162;188;170;166;172;159;134;177;142;115;77;89;89;73;99;116;184;184;111;73;126;129;125;26;94;179;157;133;22;40;34;35;139;137;130;139;170;55;19;53;42;105;167;82;38;50;173;169;66;69;60;106;144;105;126;132;188;18;8;62;39;22;71;115;141;127;140;137;98;137;121;118;160;127;88;128;180;146;125;122;110;187;128;7;34;14;121;125;147;161;148;137;131;155;174;169;137;154;139;129;131;129;115;113;137;180;166;149;141;130;140;105;170;110;103;167;106;5;3;52;135;132;198;117;107;116;141;136;55;42;186;166;125;119;171;141;137;155;146;143;115;194;130;101;145;143;111;105;152;39;92;208;149;115;246;121;3;70;121;127;166;115;161;227;206;213;208;209;213;131;147;224;199;202;220;212;206;165;172;201;189;169;93;29;205;165;163;170;182;179;201;170;3;216;43;151;218;194;7;239;224;211;226;0;13;59;86;3;172;99;63;67;82;87;102;88;94;98;93;88;97;88;88;93;77;87;105;82;35;132;112;124;142;107;4;128;155;174;195;144;105;183;8;131;106;156
159;148;164;175;89;3;14;126;79;172;145;146;134;159;139;124;129;128;165;96;176;103;106;125;97;101;97;8;23;115;127;179;175;169;168;170;171;172;174;171;176;173;172;172;171;172;173;170;173;183;139;162;217;67;53;126;17;208;195;73;131;24;47;54;33;83;138;67;104;35;6;119;194;130;190;188;66;57;252;97;4;219;209;173;250;99;70;95;172;219;195;212;173;182;152;101;134;113;109;115;109;106;111;113;111;111;110;107;106;107;105;103;109;108;103;99;101;108;111;111;110;111;112;112;113;113;114;116;112;112;113;112;111;110;109;109;113;101;107;119;109;87;47;12;174;207;194;115;83;140;166;44;32;74;121;12;31;30;39;28;32;30;29;28;28;29;33;38;44;49;72;43;24;27;51;67;48;64;61;46;21;15;29;76;71;29;113;125;18;40;159;150;127;136;126;143;134;134;134;131;137;138;135;154;156;142;76;103;103;101;107;138;157;164;165;140;146;168;127;130;137;136;118;101;155;184;167;168;183;169;132;165;139;123;105;172;200;190;202;202;179;148;130;68;133;127;124;83;123;193;174;147;41;50;35;36;139;133;137;137;166;53;21;51;34;137;207;88;26;27;165;189;68;70;48;100;143;104;127;120;166;51;1;44;54;1;105;138;118;111;130;145;117;138;128;156;177;101;59;149;201;154;132;113;124;177;85;1;32;18;121;123;147;162;148;134;129;149;164;161;144;153;143;127;135;127;105;105;141;188;161;146;149;131;132;121;153;116;116;190;109;2;14;44;125;131;206;115;117;130;153;140;52;33;187;166;124;129;192;127;126;137;146;151;78;179;152;62;177;135;86;160;232;131;185;234;249;235;222;115;1;45;126;136;201;185;226;242;204;194;199;198;215;218;208;218;215;216;206;196;224;250;243;190;218;253;209;30;180;157;158;179;170;169;200;178;6;192;47;162;245;177;1;148;161;199;180;0;0;60;74;14;182;97;64;82;84;81;94;86;95;106;87;101;97;81;96;88;90;86;77;98;117;12;61;251;252;234;101;95;173;226;233;132;64;201;1;140;108;13
98;15;7;8;6;19;18;5;55;159;116;140;136;154;133;130;129;129;170;98;173;109;104;126;97;111;98;4;23;128;142;173;175;169;168;172;172;174;176;174;176;174;172;172;172;172;171;170;184;166;137;183;206;59;68;118;5;229;171;59;149;51;38;27;23;100;137;70;117;38;1;114;202;104;213;165;159;64;188;217;17;44;250;197;219;159;74;96;148;228;197;205;179;175;154;115;111;117;112;111;116;111;107;119;122;123;125;128;135;143;148;150;144;150;151;149;151;152;139;122;121;123;123;120;115;113;114;116;110;113;116;116;114;112;112;112;110;106;106;113;97;82;42;24;191;193;214;127;54;142;168;37;21;67;121;9;31;24;27;31;32;29;27;27;28;29;33;36;38;46;71;34;30;29;52;68;69;91;68;44;25;11;43;85;70;29;118;97;14;79;170;138;134;139;134;150;139;140;142;137;141;140;142;155;157;136;84;113;97;98;91;129;170;193;190;130;127;178;112;142;142;113;146;96;160;195;177;173;188;173;137;176;150;123;91;160;177;151;144;134;145;127;151;70;129;133;123;114;136;196;183;143;39;46;28;31;150;126;140;137;167;58;21;46;38;137;218;95;7;13;168;187;53;60;33;91;140;106;129;112;161;36;1;55;40;10;180;190;189;223;127;130;102;120;136;163;177;94;39;135;194;145;137;108;124;191;93;14;31;13;120;134;145;160;143;127;123;139;146;146;137;139;135;117;138;132;107;118;138;191;155;129;151;144;131;104;144;131;117;172;109;2;2;56;142;137;192;114;118;130;160;164;59;9;207;140;84;123;192;109;83;120;123;122;58;170;132;65;187;86;62;190;205;87;154;170;76;13;186;97;1;53;131;112;191;149;106;68;70;69;79;79;85;78;49;51;54;44;52;58;47;95;117;94;114;100;212;40;156;171;169;191;195;173;198;187;2;195;70;145;228;194;21;3;9;2;5;15;12;50;73;4;174;104;67;80;80;83;87;86;104;99;97;92;100;101;107;86;89;94;88;106;75;57;248;252;252;239;146;86;212;233;232;137;99;210;3;111;42;106
17;10;78;74;32;9;28;7;68;164;120;143;140;155;133;132;129;130;161;107;171;110;101;132;83;115;103;7;11;110;138;180;175;168;168;172;173;174;176;175;174;175;173;172;172;170;170;173;189;157;146;201;187;53;62;107;3;248;162;64;158;49;39;33;24;112;128;70;115;28;2;174;164;122;204;135;182;160;75;115;180;19;92;227;247;153;11;53;100;210;183;176;179;183;169;99;116;122;111;107;120;115;106;116;115;116;116;118;123;128;131;132;133;136;134;129;129;130;120;105;106;108;110;110;108;109;112;114;113;115;116;117;116;114;113;112;108;116;116;110;85;93;59;49;206;191;193;163;94;146;163;25;18;94;127;2;23;40;25;29;31;28;26;27;28;30;33;36;34;39;52;29;30;35;58;56;67;93;66;29;21;14;72;90;53;41;120;84;9;92;166;138;130;131;132;145;133;134;138;131;137;137;148;161;161;129;88;122;126;117;114;135;175;197;152;71;135;177;135;146;143;113;143;92;146;187;175;177;193;167;123;163;154;122;105;156;168;149;150;154;165;151;136;78;133;158;110;71;150;193;175;125;38;55;32;29;149;119;141;142;163;64;21;45;59;141;217;115;13;33;180;186;53;67;45;99;153;128;141;125;188;37;2;55;39;9;22;1;1;103;154;158;104;123;124;169;163;106;41;128;201;147;130;98;122;197;101;15;27;19;117;125;150;163;146;129;128;142;142;143;134;133;131;116;135;132;94;116;153;197;166;131;160;149;138;109;138;136;127;192;108;5;5;59;134;132;160;118;114;121;149;160;51;37;197;133;106;119;200;102;77;118;99;99;101;210;132;135;201;71;70;193;201;93;143;184;119;50;187;86;10;57;130;125;190;163;114;101;142;129;119;120;137;128;119;132;131;118;136;119;119;103;130;134;175;98;224;38;153;162;159;175;186;150;211;212;4;214;81;150;223;180;37;83;21;106;69;4;15;50;81;19;162;112;71;83;89;94;84;96;92;86;109;94;86;99;87;98;85;92;104;77;47;102;203;253;202;18;205;110;157;220;217;103;76;220;7;131;4;106
19;108;180;180;97;7;9;43;80;158;131;138;136;157;136;128;130;133;146;119;170;106;97;137;96;130;93;6;19;128;148;176;177;169;168;172;172;172;173;172;172;175;173;171;171;168;169;178;181;149;156;202;166;61;48;96;9;248;133;66;165;43;46;32;35;108;117;71;97;12;5;196;174;120;224;156;158;213;137;16;115;204;9;80;250;191;12;82;70;195;192;176;180;174;187;114;130;123;110;111;120;117;110;114;108;106;103;100;96;92;89;87;79;80;81;82;87;95;100;101;110;111;113;115;118;120;122;124;117;116;114;115;116;115;113;110;112;118;120;106;72;92;66;68;218;180;191;197;129;139;155;51;58;104;110;4;29;38;25;33;29;27;25;27;29;31;33;35;39;44;43;37;20;33;60;49;54;82;66;14;10;16;91;82;23;60;128;61;2;117;156;137;137;136;140;151;140;141;145;139;132;129;141;162;165;129;92;124;182;137;126;113;158;204;141;84;142;144;127;127;143;123;126;92;163;188;163;165;187;167;127;172;126;102;123;152;162;149;149;160;138;144;126;102;129;154;121;115;146;186;174;123;34;47;31;41;135;118;145;144;151;72;25;42;49;148;209;119;13;45;166;173;53;67;47;90;149;136;129;118;170;38;9;63;56;45;7;44;25;4;159;176;110;106;128;167;169;109;30;131;204;154;116;94;124;187;97;1;21;22;116;124;149;159;145;132;134;150;147;149;131;133;131;126;134;132;81;106;142;199;166;110;164;156;132;86;135;151;102;190;109;2;8;41;129;140;153;126;124;125;163;159;47;73;192;130;85;129;212;82;92;120;125;116;110;156;99;124;161;80;77;154;190;81;103;203;154;66;186;87;3;68;126;122;168;149;120;129;146;128;124;129;128;129;108;103;107;92;111;107;115;95;132;124;148;128;183;62;140;157;167;159;160;180;231;102;2;157;54;164;225;183;32;69;21;129;79;0;21;41;83;12;161;102;71;96;91;91;81;100;109;108;85;107;102;108;105;108;101;108;65;74;251;124;175;247;117;0;160;244;187;214;225;107;79;232;16;176;70;84
8;138;125;131;74;13;9;105;81;146;136;129;131;157;137;123;133;137;142;125;170;105;94;135;89;139;85;4;11;125;142;176;176;168;167;172;173;172;174;174;173;178;174;172;175;171;173;185;166;145;168;192;154;80;48;90;2;249;127;81;151;14;44;36;40;121;112;60;92;6;11;185;165;105;211;125;135;200;242;142;9;190;241;6;136;245;60;39;84;195;203;194;188;159;191;140;135;122;114;117;119;115;114;115;110;109;109;110;110;107;105;104;111;111;113;116;114;110;110;113;117;115;114;114;116;115;113;111;119;116;113;114;116;116;113;110;118;115;116;102;72;86;65;93;215;138;194;190;133;128;148;85;67;97;96;11;34;21;29;31;28;26;27;28;30;30;32;35;47;45;35;40;14;38;58;46;78;90;70;18;22;41;98;64;8;95;149;32;5;161;149;134;128;127;134;140;134;134;135;133;141;132;137;159;165;133;94;115;184;132;128;108;158;203;115;69;161;162;113;138;155;108;122;93;150;180;165;172;189;165;124;166;136;111;145;150;154;145;138;144;137;128;110;89;127;148;115;102;134;173;166;127;34;35;21;41;138;128;145;142;148;84;29;26;46;151;216;135;14;68;180;162;59;77;51;86;157;152;129;119;172;26;1;64;50;32;26;58;59;0;185;191;89;115;135;177;175;109;33;131;190;155;108;96;123;181;101;2;24;15;113;134;144;152;144;134;135;153;151;155;135;136;129;129;130;133;83;108;156;212;168;102;167;157;136;113;146;167;115;177;114;8;3;50;133;136;152;123;128;109;162;153;38;80;190;144;65;116;177;108;112;102;103;98;112;129;126;121;141;76;74;151;193;73;72;172;140;63;183;80;5;52;149;140;168;139;120;135;128;129;134;121;131;118;98;104;111;82;87;95;99;66;148;122;144;117;184;99;153;154;163;178;174;201;202;2;33;77;29;183;215;171;53;59;28;114;74;9;21;35;87;18;172;101;78;95;75;89;93;99;94;103;117;100;94;81;79;66;104;120;13;171;243;68;171;252;130;6;19;91;231;204;206;123;92;215;6;97;17;28
42;164;118;135;67;3;2;122;101;164;149;135;138;163;139;126;134;138;152;121;171;112;95;130;112;143;62;10;28;130;133;180;175;167;167;173;175;175;177;178;176;179;173;171;178;176;176;189;152;149;187;183;146;89;60;87;6;254;104;81;148;25;53;21;37;136;116;42;78;0;58;215;168;119;225;133;127;181;195;238;101;4;251;200;5;160;100;62;100;190;185;190;195;168;185;136;138;125;116;116;117;116;115;116;114;113;114;117;118;118;118;119;112;109;108;110;111;111;114;117;115;114;114;116;118;118;117;114;119;118;116;117;118;119;117;115;122;120;116;100;88;93;71;127;205;112;181;168;160;124;150;82;36;128;105;4;29;32;40;21;27;27;29;31;30;29;31;33;46;37;30;35;20;51;48;44;81;75;41;6;20;51;69;34;4;131;158;17;23;176;140;137;125;127;133;135;133;130;128;130;146;143;142;158;159;135;94;104;188;152;142;124;176;213;135;100;143;159;106;142;149;112;118;114;155;189;177;175;184;167;137;179;139;109;129;126;125;125;122;125;129;119;94;63;110;121;99;57;133;171;154;126;44;52;25;24;145;128;141;142;154;78;25;22;50;141;215;145;15;79;193;149;45;80;49;87;166;158;129;118;172;25;2;65;68;28;18;50;74;0;81;204;111;105;131;167;169;115;62;119;197;149;99;96;125;180;91;5;29;14;111;125;144;149;147;136;130;147;147;152;144;140;129;126;124;122;78;93;139;179;167;147;175;136;121;125;133;136;148;174;92;4;2;45;140;135;163;126;123;100;150;146;50;70;134;152;151;146;142;114;113;103;89;83;98;117;139;150;146;75;97;175;174;70;65;134;129;65;164;90;4;51;140;127;153;136;115;115;112;116;113;106;119;102;92;98;100;90;93;88;100;50;165;64;126;69;226;109;166;160;162;160;153;193;205;3;54;84;37;169;220;170;50;56;54;121;84;7;11;44;94;12;174;116;91;91;80;101;103;107;104;128;101;94;106;89;194;150;51;107;53;182;248;24;196;245;110;1;60;7;209;254;226;116;64;211;36;73;18;2
66;149;102;124;67;18;9;89;98;165;140;129;136;161;138;131;132;137;164;114;171;120;98;126;102;156;68;6;15;128;131;176;179;170;169;175;176;175;176;177;175;176;167;167;177;176;175;187;143;154;203;178;138;84;68;83;1;254;86;72;138;34;59;13;51;129;115;45;74;0;105;210;164;67;219;166;165;195;207;226;237;71;7;246;188;7;53;92;82;191;188;193;193;177;190;146;142;131;115;110;116;117;114;115;124;121;119;120;120;119;119;121;128;125;121;121;121;119;115;111;120;120;121;123;124;124;122;120;120;120;121;121;122;122;121;121;117;123;113;90;93;97;70;142;202;134;184;159;179;95;160;98;31;153;88;2;36;36;24;25;27;28;31;32;31;29;30;32;40;32;38;35;28;57;36;46;95;83;41;17;27;58;49;29;14;141;126;3;53;181;136;126;133;136;141;139;139;134;130;134;139;147;148;158;152;134;94;99;200;183;158;137;175;193;130;97;138;178;111;152;149;120;120;114;147;182;173;172;183;170;134;160;123;98;108;116;115;123;124;125;113;120;87;56;87;80;89;48;112;176;167;129;36;50;30;24;136;116;139;148;155;55;18;38;49;143;211;140;24;75;180;149;24;78;45;88;167;151;124;111;181;11;10;60;60;33;11;52;69;6;87;218;91;81;120;162;178;117;69;78;202;126;83;102;122;190;91;9;25;11;117;130;137;140;142;128;113;127;128;134;131;127;124;123;126;115;71;73;142;158;142;121;130;141;141;104;136;137;131;136;94;10;7;43;141;139;160;100;80;93;144;144;37;47;184;150;123;141;133;95;96;99;101;114;108;124;101;115;145;60;76;142;157;120;94;119;122;75;151;87;4;45;137;135;143;143;108;96;125;121;100;116;117;105;100;106;104;91;95;110;92;75;164;47;77;64;184;71;191;141;159;169;166;197;220;2;22;78;41;161;217;173;59;67;40;116;85;0;16;45;88;24;154;114;87;91;105;105;85;111;109;108;112;122;101;128;236;251;62;241;155;90;224;163;235;21;6;51;58;1;111;245;228;143;122;204;61;57;49;41
38;155;98;120;67;13;4;118;89;159;135;120;129;162;137;129;131;136;162;114;172;124;84;106;81;122;73;19;16;123;137;169;180;168;171;173;172;177;176;173;178;174;170;169;177;179;172;175;141;170;214;149;143;81;72;90;7;254;94;99;89;6;42;18;63;128;99;51;73;3;129;174;180;63;201;196;195;216;224;205;201;219;69;5;250;193;3;116;71;188;207;193;183;191;189;150;143;126;123;132;123;124;133;118;119;121;124;124;124;123;125;126;115;116;118;119;119;120;122;124;117;119;121;123;124;124;124;123;122;123;125;128;126;121;122;127;124;127;117;93;99;93;89;137;201;148;203;151;179;105;161;113;56;168;64;2;42;33;28;27;22;35;30;33;27;32;33;38;41;49;38;28;40;48;51;59;93;54;23;24;31;37;38;25;28;143;95;1;86;193;120;133;132;133;135;132;141;130;128;131;137;147;149;152;156;132;84;96;153;157;146;118;164;182;114;57;153;158;109;137;132;103;109;89;147;170;172;185;187;172;134;153;120;99;107;134;139;133;131;122;135;118;59;58;86;61;70;47;98;157;161;121;35;41;19;23;135;131;127;140;162;46;23;43;40;149;199;138;36;77;161;135;43;59;49;103;159;154;117;119;174;12;1;50;81;38;24;54;54;7;157;181;109;104;99;171;177;103;50;93;181;112;79;99;127;195;76;10;24;8;136;129;134;137;133;141;112;122;132;113;107;112;118;114;125;108;94;89;79;116;157;169;185;181;130;53;112;134;134;146;75;1;4;38;129;136;162;65;61;106;117;116;41;33;149;95;73;118;116;47;54;54;38;32;45;87;89;112;109;58;83;122;93;55;73;80;59;41;159;90;2;62;123;122;129;122;97;96;95;107;94;119;101;102;107;112;108;101;91;95;112;101;134;77;60;69;86;76;229;142;151;158;153;160;182;6;52;96;46;172;202;179;64;54;39;120;77;11;13;34;88;22;161;123;86;97;97;107;95;103;124;104;74;97;118;118;89;103;158;248;97;95;223;248;217;4;76;63;76;49;15;73;229;182;225;174;68;21;45;48
4;141;123;149;53;13;2;132;83;170;113;125;137;159;130;130;127;134;160;114;169;118;75;99;194;122;45;15;7;139;140;175;181;166;169;174;174;175;174;174;177;170;168;176;179;179;176;163;162;165;193;139;142;90;77;104;0;254;92;91;63;30;48;17;86;122;94;57;73;0;135;169;183;52;210;237;211;211;203;210;195;160;243;58;63;253;136;43;81;189;207;181;197;190;198;152;148;134;134;134;133;139;140;136;137;138;138;136;132;130;129;129;130;129;128;127;125;123;122;121;124;124;124;125;126;126;124;123;122;128;128;127;128;126;125;128;139;124;116;103;111;95;85;156;199;148;189;142;188;125;171;113;52;180;53;7;37;27;26;24;27;18;25;35;38;32;38;36;43;41;29;23;40;47;70;80;82;46;29;38;41;40;40;31;54;146;75;5;113;186;133;126;132;134;131;122;131;128;133;137;151;131;145;153;157;129;61;83;153;166;157;119;157;173;94;46;150;149;109;135;126;106;104;105;130;128;106;116;130;112;101;126;108;83;94;144;148;147;136;144;149;116;34;42;66;58;70;50;112;162;158;142;51;46;15;25;138;145;133;125;151;46;31;35;4;141;192;111;31;84;143;107;72;51;55;103;144;130;109;129;164;12;9;53;71;29;18;56;68;1;153;179;102;108;120;144;155;78;53;125;150;120;83;69;120;189;89;1;22;29;131;119;130;144;141;139;126;135;126;120;128;125;103;114;114;96;96;116;93;92;81;31;71;49;52;72;91;92;232;220;45;11;11;44;128;132;177;79;91;103;80;81;59;111;103;153;223;192;158;134;110;136;146;134;124;142;168;178;188;87;122;224;202;157;214;167;144;121;226;116;12;78;118;133;179;126;88;92;75;82;93;71;87;76;72;68;72;76;77;77;77;81;107;79;68;84;58;53;127;147;147;124;154;138;129;3;9;72;16;157;205;188;68;69;29;127;71;3;13;42;100;30;193;116;95;114;96;100;104;111;70;87;136;67;132;102;6;42;251;254;149;143;223;254;155;2;88;52;56;61;69;79;179;162;176;158;43;14;45;39
9;142;122;142;48;5;13;111;92;159;132;130;134;154;134;131;131;134;153;114;169;121;78;113;252;236;57;1;37;151;135;173;183;166;169;177;176;175;174;176;178;166;166;181;180;178;177;154;168;182;205;121;141;117;97;88;49;251;76;101;67;40;40;32;88;116;84;48;67;0;151;171;193;84;209;229;189;173;183;206;203;121;161;252;26;120;201;53;9;173;221;189;192;191;183;156;143;131;132;125;128;137;132;136;132;132;132;130;127;125;124;125;131;130;129;127;126;125;123;122;124;122;121;122;123;124;122;120;117;126;125;121;126;128;125;126;128;121;119;95;95;112;67;161;210;155;178;138;184;136;175;91;42;190;37;13;36;28;29;27;20;48;63;26;27;26;42;36;46;45;28;29;58;47;66;76;69;34;27;43;42;35;32;24;82;141;74;5;142;168;109;136;122;128;130;123;129;130;134;135;137;131;139;154;151;131;76;47;134;167;141;125;147;156;122;71;135;137;114;143;134;123;112;132;136;133;112;129;146;108;103;139;108;76;91;156;177;171;155;158;134;127;123;97;104;124;116;18;143;235;152;139;47;40;16;21;147;130;138;147;152;33;41;28;1;153;191;104;55;87;105;87;34;39;38;83;151;132;106;109;148;5;15;54;64;28;18;63;61;0;154;161;114;113;116;133;106;62;69;123;95;134;120;75;132;201;101;1;26;30;120;124;135;128;136;146;119;117;118;127;129;127;109;124;103;89;100;111;104;101;92;85;111;103;101;104;72;55;247;227;33;1;1;68;126;155;168;69;118;117;105;79;77;107;37;151;238;183;116;206;151;143;142;142;142;141;191;205;220;144;212;238;242;172;239;243;243;239;251;39;2;90;93;162;246;187;194;170;148;146;146;165;190;177;174;164;119;102;99;96;108;137;209;227;192;196;173;97;182;120;143;110;96;92;128;102;1;104;19;169;200;178;78;58;16;137;72;1;11;41;114;34;218;107;87;102;93;108;109;98;81;216;252;206;2;15;10;2;67;105;166;151;122;254;129;4;57;60;62;40;85;86;155;179;144;168;10;48;45;55
4;146;118;154;64;2;19;34;41;185;137;141;129;152;133;128;137;134;147;116;172;122;81;130;238;218;47;5;16;129;138;166;181;166;170;176;175;176;174;174;177;165;168;179;180;178;171;156;162;176;203;121;149;106;93;91;78;254;74;96;62;43;43;35;94;123;77;35;69;2;168;144;196;127;172;192;167;141;175;190;186;157;95;222;207;79;88;110;27;48;251;199;195;189;197;160;141;127;123;121;120;122;122;124;119;120;120;120;119;119;121;122;119;120;120;120;119;119;120;120;119;116;115;116;119;121;120;118;115;122;119;116;122;122;119;122;117;101;101;96;85;114;38;187;201;157;170;141;177;146;183;83;35;192;27;15;40;33;30;30;9;87;99;28;39;49;53;51;51;52;17;28;66;50;59;78;37;20;34;49;41;40;50;57;138;131;24;5;166;141;135;124;125;130;134;133;134;133;134;135;153;130;126;154;148;122;78;36;128;182;146;140;165;168;154;133;147;152;123;145;129;125;119;144;144;156;152;171;179;124;104;158;107;75;89;153;176;153;162;167;156;153;177;130;166;184;123;92;148;231;141;123;49;33;24;21;131;123;144;147;145;24;43;12;10;149;178;107;76;93;86;45;33;61;33;90;154;124;122;121;143;1;17;54;61;33;18;60;71;0;174;169;110;114;120;113;95;71;101;136;95;138;124;78;129;152;68;17;19;18;133;97;129;136;133;100;113;131;120;122;119;118;123;135;112;118;118;86;140;101;119;88;42;20;82;104;91;2;138;148;34;1;21;77;130;132;127;89;110;88;71;93;91;53;38;53;132;136;28;223;243;222;206;210;240;242;234;194;132;139;182;131;105;49;118;152;149;158;161;15;4;63;107;142;204;201;250;248;237;221;233;234;242;232;234;212;188;199;151;158;184;184;203;227;213;240;107;99;254;151;200;188;182;195;222;220;0;204;57;179;202;167;101;67;19;141;73;2;15;35;125;20;221;109;96;101;99;108;106;108;103;143;174;162;4;24;17;42;1;1;80;144;90;252;133;1;48;56;44;20;68;82;116;228;155;190;4;14;44;54
26;154;130;156;47;16;12;3;130;170;125;140;139;149;123;130;135;136;148;122;167;112;71;135;239;236;23;25;26;132;147;182;177;167;172;173;172;177;175;170;172;167;175;177;180;177;161;162;170;188;191;123;145;89;84;95;70;250;69;94;52;36;38;39;91;119;84;48;57;5;191;134;185;141;123;195;179;154;173;176;197;170;96;173;223;216;61;89;135;8;65;239;204;181;193;157;135;121;108;119;113;103;115;109;112;113;112;112;112;113;114;114;110;112;113;113;110;110;111;113;114;112;111;112;116;118;117;116;118;119;116;116;120;116;114;119;115;97;83;97;90;101;55;221;172;175;168;144;181;155;175;90;32;186;25;12;41;36;24;26;19;76;84;45;65;64;43;48;55;46;16;46;65;52;52;57;37;25;36;41;34;39;42;43;79;88;5;32;205;123;128;124;132;129;128;131;126;124;128;134;134;126;144;153;151;126;70;87;125;133;145;137;122;137;125;110;131;149;118;145;133;137;141;151;122;138;138;153;162;130;99;168;95;89;95;167;179;174;199;192;184;184;92;99;130;125;128;108;101;133;142;126;59;35;29;32;132;133;136;134;155;16;22;20;8;147;186;112;67;93;99;31;50;48;20;119;163;131;127;114;144;3;19;56;57;33;16;55;54;4;145;178;109;118;136;139;102;54;86;140;106;125;110;89;144;168;54;3;24;29;137;104;232;128;138;68;107;125;110;111;120;111;110;122;112;135;99;60;98;148;135;68;97;117;107;122;70;46;79;114;35;1;2;57;138;111;95;109;100;98;66;55;36;61;16;51;24;97;69;91;170;189;204;192;188;160;106;83;96;44;36;59;63;50;68;65;45;70;136;13;9;69;136;113;90;138;200;191;217;214;210;207;206;163;171;192;247;238;148;169;180;214;150;74;102;198;65;77;227;173;191;181;192;186;206;195;0;194;97;160;186;202;72;54;34;139;70;3;19;30;137;6;220;96;90;107;105;100;98;113;84;151;200;116;1;32;32;35;42;5;78;158;126;255;130;1;62;59;31;37;86;90;99;231;171;216;78;12;79;54
4;136;216;193;45;14;13;56;245;142;127;134;144;151;120;135;135;144;154;123;158;107;67;139;228;254;2;21;18;139;135;163;178;170;175;174;173;180;177;169;168;172;179;181;181;171;158;165;173;210;167;110;139;101;95;89;92;250;59;106;65;40;23;49;94;95;72;54;24;12;205;143;164;162;102;214;179;172;170;176;200;169;102;184;158;236;200;70;100;132;55;112;229;194;188;161;129;120;98;112;111;98;112;105;108;108;108;108;108;108;108;108;108;109;110;109;108;107;108;109;110;109;108;108;111;112;111;110;115;111;113;117;116;114;116;120;115;102;73;88;93;75;105;225;140;198;161;140;187;162;158;104;24;176;20;9;40;37;22;26;25;47;64;57;57;50;36;50;52;32;28;72;59;51;48;30;40;33;41;37;36;45;39;34;16;19;10;67;177;107;126;129;126;120;120;129;123;123;127;135;136;147;143;137;151;119;64;120;125;112;131;129;94;101;104;79;136;155;118;145;136;140;150;138;113;124;127;138;151;151;117;163;84;104;86;155;150;189;151;63;68;78;26;60;89;77;137;148;68;149;159;130;33;34;24;36;148;128;128;140;162;8;8;28;28;165;182;90;64;88;91;54;17;49;46;120;129;123;122;134;139;1;14;56;54;32;23;60;74;3;56;166;113;109;112;119;102;56;73;116;68;106;100;76;108;218;86;1;40;29;92;101;252;79;148;57;89;120;116;102;112;108;96;114;113;130;78;76;85;103;117;96;148;205;109;83;59;4;162;216;49;7;10;67;130;141;197;154;187;221;127;3;76;245;177;19;46;122;59;86;101;114;124;107;104;90;44;71;89;85;115;82;72;67;84;70;73;27;154;26;1;54;127;137;92;79;150;160;173;190;183;162;125;112;144;180;190;121;156;199;202;175;112;15;29;190;197;134;196;173;181;171;186;171;199;200;2;179;91;155;186;187;62;72;37;139;71;8;15;22;144;10;230;105;100;119;114;115;116;121;130;138;214;106;1;24;35;26;41;20;23;1;1;214;193;1;50;39;53;14;83;85;131;223;154;191;170;5;1;1
18;7;11;11;2;27;16;6;132;169;122;146;139;160;116;128;134;150;155;122;160;117;68;126;209;234;8;14;37;183;115;192;181;171;176;177;176;180;176;170;169;179;178;187;177;158;166;165;168;200;138;109;156;86;111;132;118;254;63;84;67;58;28;54;105;84;50;44;5;46;192;143;134;200;87;201;180;168;167;185;182;193;118;162;196;185;208;160;25;135;250;12;148;209;187;166;134;135;108;109;121;112;115;116;114;114;114;115;115;116;115;115;115;114;114;114;116;117;116;115;114;113;112;112;113;112;112;111;113;109;114;116;110;112;119;117;108;80;64;85;89;63;142;207;124;204;146;137;181;171;160;119;19;176;16;14;37;37;27;31;21;36;56;48;47;53;52;68;43;26;36;68;51;46;50;41;31;37;47;29;17;19;13;22;33;47;24;113;200;159;168;155;160;157;160;173;166;171;172;175;167;148;129;143;160;118;72;128;122;141;125;120;122;102;97;85;153;155;113;132;127;135;148;125;114;124;140;143;143;153;132;133;87;105;85;156;141;208;124;1;73;64;61;75;91;102;177;64;122;244;158;111;10;34;17;37;135;121;136;140;145;8;14;29;55;145;140;56;70;91;60;47;49;82;66;127;142;146;128;124;148;7;10;55;52;30;26;59;72;1;72;202;101;93;136;141;75;60;76;107;70;119;111;76;120;230;83;6;19;21;117;118;192;98;166;84;105;120;91;106;88;91;94;102;107;117;95;94;85;78;59;94;114;44;53;55;34;10;253;254;58;0;22;83;112;148;199;90;158;170;62;4;95;251;221;3;18;217;41;11;32;70;101;77;69;60;15;40;170;250;47;95;109;77;87;67;30;152;223;7;2;69;137;119;134;88;72;88;94;89;103;84;67;28;16;18;40;56;159;149;94;106;125;143;157;181;28;54;187;187;177;163;184;167;202;207;3;173;94;158;216;213;67;56;31;142;68;10;11;22;140;12;212;118;108;113;104;108;115;134;80;1;0;3;23;40;18;38;7;42;21;24;12;206;254;5;13;47;50;34;96;65;204;205;186;206;208;35;115;161
92;97;73;89;26;9;23;19;23;153;120;159;143;165;110;115;126;148;154;124;169;130;60;94;194;230;21;2;44;189;108;178;181;167;172;177;175;175;171;169;174;184;174;191;171;148;177;164;176;213;156;122;167;52;125;186;122;250;59;51;57;54;31;70;74;84;58;51;3;74;179;168;106;220;59;179;208;160;164;189;177;191;139;185;168;183;203;165;134;4;222;190;81;153;222;183;137;148;117;103;126;124;111;122;121;121;121;121;121;121;119;118;129;126;123;124;127;128;125;122;124;124;124;123;122;122;121;121;120;115;121;118;105;110;118;109;78;64;75;75;69;90;174;178;141;211;144;142;166;169;166;116;22;184;17;23;35;35;30;33;30;39;42;27;54;65;47;51;31;36;51;67;61;41;32;38;27;23;24;14;23;34;21;26;35;23;5;42;37;28;22;36;28;25;26;34;26;34;35;33;40;50;125;143;131;121;78;121;137;129;143;138;125;114;104;69;163;158;124;139;128;120;110;68;89;104;136;133;119;136;145;121;91;85;83;158;126;183;117;40;88;71;66;76;90;85;113;3;206;255;135;89;26;43;17;44;131;123;140;146;152;7;13;66;97;152;181;113;112;139;104;84;139;97;39;129;143;135;144;137;172;23;12;56;51;25;19;44;48;1;104;182;92;100;135;123;93;67;71;109;100;113;92;74;163;232;37;1;24;29;150;122;100;129;156;52;38;112;98;81;70;61;78;58;66;76;90;43;58;64;48;19;40;53;37;20;24;98;49;211;116;1;1;82;118;200;81;29;102;40;9;53;5;7;5;40;31;188;31;26;13;20;36;20;26;30;23;77;163;89;24;82;173;131;137;28;16;199;232;1;4;48;146;187;116;98;122;138;124;127;131;126;128;150;251;253;250;254;245;254;253;252;248;252;249;222;20;45;172;176;170;197;164;103;199;199;1;165;128;150;110;149;100;25;32;143;53;5;15;36;134;3;212;127;93;102;116;109;105;147;122;6;26;41;32;23;36;21;42;30;19;41;3;184;253;146;4;53;129;120;146;181;222;175;188;159;200;177;183;178
87;178;148;189;54;4;33;182;73;136;132;147;145;154;117;118;140;140;156;114;159;129;66;115;185;238;40;9;50;177;111;176;184;166;173;178;172;175;176;171;179;181;179;188;157;148;182;166;172;212;132;101;158;57;120;133;128;252;68;37;54;53;31;69;60;99;56;51;14;70;114;207;85;238;67;175;215;147;155;177;197;178;157;173;173;190;207;137;170;90;74;235;233;114;144;223;161;137;122;115;125;131;120;119;125;124;125;125;125;125;123;122;120;121;121;120;118;116;116;116;121;117;117;122;123;119;118;122;125;119;119;113;103;107;110;98;51;60;75;70;65;82;188;163;177;190;136;141;165;169;177;111;36;169;9;24;44;31;35;34;26;29;32;44;72;56;78;52;36;39;46;56;52;32;22;31;36;24;19;30;42;46;41;35;2;2;114;146;111;136;161;137;134;145;136;145;135;150;155;156;174;172;213;193;165;141;66;135;120;105;128;126;106;105;100;45;173;145;119;147;168;151;127;102;59;97;138;141;136;143;150;116;112;84;95;148;143;153;118;30;87;74;76;69;48;164;234;55;114;102;146;123;13;36;9;50;130;133;132;149;152;2;9;102;110;126;197;95;67;103;86;58;91;88;64;134;138;141;159;129;138;14;10;53;50;29;27;46;45;25;159;170;90;78;124;121;115;110;99;99;93;118;75;62;138;188;46;1;30;15;148;119;126;137;162;75;16;31;48;84;87;70;91;78;83;90;73;65;40;44;61;72;43;42;24;35;51;122;92;148;71;1;11;86;101;196;65;61;115;64;26;60;48;22;19;55;92;116;59;131;135;81;54;54;72;100;93;123;115;75;61;30;20;16;56;17;9;82;203;21;1;65;140;188;137;148;119;78;140;237;146;85;141;126;114;84;87;94;114;148;169;141;168;159;147;125;33;78;233;171;172;185;173;158;203;211;2;148;144;153;22;143;144;2;22;144;43;9;9;46;112;4;212;142;91;122;121;117;103;133;152;10;15;29;29;32;28;29;30;28;42;32;0;191;233;213;41;98;108;95;142;223;199;176;182;178;177;110;124;86
120;128;109;146;42;3;24;209;55;135;128;142;149;167;123;107;124;137;149;129;166;132;90;138;120;192;44;6;42;186;108;172;188;169;172;178;174;174;172;169;177;182;178;183;148;158;178;166;189;208;95;129;165;55;97;119;134;253;41;13;56;62;38;83;71;89;62;30;18;65;51;209;98;218;67;150;188;173;160;175;188;186;156;165;177;181;195;161;155;168;119;86;230;214;109;167;173;140;128;117;118;124;129;128;125;124;123;122;121;121;120;119;117;119;123;125;127;128;130;132;120;124;127;126;121;120;125;131;126;119;115;108;104;115;114;94;48;46;58;50;84;31;174;145;195;158;117;125;168;177;175;118;47;164;4;26;37;45;31;32;35;23;37;59;80;84;111;76;37;43;45;35;24;28;30;22;23;32;52;56;29;2;5;21;96;175;223;193;180;179;144;167;158;164;157;145;166;154;151;150;161;145;96;150;173;105;68;108;111;137;131;123;121;106;95;46;182;156;122;124;111;82;106;117;105;128;152;133;158;147;162;123;96;82;120;144;138;123;131;41;74;78;81;55;99;195;129;89;124;127;159;120;11;45;18;54;127;122;132;142;136;1;9;90;76;151;191;101;92;100;50;63;105;80;75;138;137;134;144;142;101;3;23;52;41;23;23;39;36;16;130;169;84;64;130;92;86;65;72;80;54;65;62;91;135;154;40;7;25;20;132;128;125;143;171;61;12;30;35;40;84;80;82;85;78;41;10;59;95;64;61;63;46;35;35;57;14;59;130;133;1;12;2;77;133;104;111;80;115;67;20;35;45;33;28;23;72;148;122;156;163;163;177;180;175;171;140;141;112;11;66;119;86;78;84;106;24;83;183;1;0;81;129;102;126;104;78;70;98;149;122;129;131;103;85;92;92;91;110;79;100;80;60;20;6;52;26;59;223;186;165;171;171;162;219;181;5;168;134;176;33;168;232;101;3;145;51;9;8;40;112;7;140;148;110;108;103;126;112;134;171;19;23;35;31;28;30;29;34;34;26;48;0;185;245;179;54;129;140;64;195;223;170;189;179;184;184;128;174;100
140;122;146;168;45;3;22;161;65;141;119;140;155;169;131;125;116;150;158;123;160;134;90;140;38;70;52;14;29;187;110;171;188;170;171;176;176;173;168;171;177;186;181;173;145;172;174;169;193;189;106;134;147;91;198;116;144;249;9;25;84;52;37;71;80;93;89;39;29;55;7;182;163;200;137;103;207;164;153;166;179;186;163;167;177;191;203;160;157;142;235;76;58;234;182;101;154;126;119;135;125;127;123;129;126;126;126;126;127;127;126;125;126;127;128;127;125;124;124;124;127;125;120;119;124;129;128;123;133;118;107;105;112;118;96;57;63;80;54;53;67;56;245;213;177;147;113;111;134;160;174;132;144;57;5;33;36;51;22;28;30;28;30;28;30;25;34;23;22;25;36;35;24;33;49;49;56;31;5;2;24;95;172;213;190;164;151;113;72;119;116;92;100;116;130;110;132;115;121;122;131;152;144;144;161;129;71;128;125;121;128;132;106;106;109;27;164;160;136;150;159;132;121;64;79;139;146;136;164;177;158;89;72;95;113;133;130;140;129;29;64;61;51;51;64;24;10;62;111;129;159;110;11;47;19;54;138;118;126;152;134;2;44;121;112;140;189;144;70;84;72;55;85;75;88;129;134;127;131;167;96;1;32;49;38;24;26;42;46;1;167;163;105;125;100;72;87;76;81;76;64;65;61;104;143;134;41;17;19;32;119;133;128;138;156;48;8;12;17;11;46;69;65;86;87;60;27;79;120;119;127;103;110;128;151;146;155;137;120;129;5;14;7;81;137;135;132;102;133;35;13;40;29;24;36;14;51;132;112;107;103;103;107;118;135;153;149;152;83;3;102;170;133;149;138;172;51;60;156;1;0;84;131;117;134;125;124;138;147;161;148;142;109;123;132;139;126;116;142;133;110;135;105;109;104;81;17;71;131;189;183;166;165;162;218;91;25;244;132;182;13;89;120;121;2;141;82;1;14;53;108;5;102;168;105;115;113;121;129;134;191;7;13;30;33;22;31;30;28;35;35;32;5;170;227;200;49;93;222;55;173;215;190;165;176;187;174;91;164;123
138;122;156;186;39;2;23;38;93;182;137;134;144;170;136;121;126;136;153;119;172;129;70;148;111;54;54;3;29;192;108;174;185;169;169;176;177;172;168;177;177;190;184;154;154;178;169;173;198;181;110;133;156;40;164;123;135;243;3;64;53;44;55;36;68;97;109;87;67;70;26;109;207;177;202;168;166;170;162;180;180;175;150;163;183;193;192;145;153;123;220;214;81;96;190;130;102;127;128;125;132;130;118;130;123;124;126;128;129;128;125;124;123;124;125;125;124;124;125;127;127;128;128;125;122;121;122;122;130;119;114;115;112;101;77;51;53;65;60;63;57;51;74;118;114;117;111;125;152;148;165;124;100;10;15;28;49;28;33;30;28;31;28;22;26;27;22;25;17;29;46;53;47;35;17;1;3;5;72;175;223;196;150;123;147;126;112;93;54;63;64;82;80;93;122;117;111;118;130;133;128;142;155;137;158;138;47;92;84;100;123;115;97;104;100;66;164;129;100;134;168;168;168;140;80;144;141;144;124;110;69;7;50;110;45;90;89;103;95;2;43;25;41;25;33;82;45;81;114;135;161;101;18;39;15;55;131;137;142;149;109;1;40;60;19;48;106;102;52;59;31;14;40;77;99;130;141;120;124;175;123;1;25;46;46;29;26;42;31;24;155;166;126;105;106;108;105;70;102;106;84;95;90;86;151;140;37;18;12;42;118;130;146;141;150;109;105;99;115;120;129;148;134;142;140;152;143;159;146;154;176;167;174;164;165;138;131;144;125;132;20;23;2;90;131;131;110;105;147;31;16;38;50;30;39;9;26;108;113;110;100;114;111;104;108;128;146;154;57;3;59;88;81;91;104;134;12;49;172;13;6;96;126;120;139;125;119;112;89;70;74;90;112;109;114;99;100;105;92;95;98;158;53;29;64;50;7;150;99;185;182;170;179;166;219;50;3;29;110;213;95;12;40;207;4;141;126;0;8;57;110;21;70;205;88;127;131;81;30;98;232;5;16;29;38;21;30;28;30;23;18;22;2;179;207;208;72;67;252;30;169;211;174;194;190;184;164;80;156;123
148;128;141;180;30;3;57;35;99;177;126;134;150;170;129;121;129;133;160;117;172;130;83;111;227;194;58;4;43;191;94;176;183;170;171;176;175;169;168;181;177;187;181;137;169;174;166;174;200;180;92;135;177;16;72;119;197;252;7;37;52;49;50;23;27;52;50;56;50;51;35;26;162;182;200;168;195;205;167;194;183;214;178;154;180;207;207;172;152;128;229;250;195;53;98;154;148;118;132;131;133;131;155;133;139;139;138;138;137;136;133;132;134;135;136;136;136;137;140;142;134;134;138;143;143;140;141;146;120;118;121;117;93;67;64;75;43;56;72;43;60;81;20;16;23;19;33;65;147;146;155;122;55;40;38;30;44;21;30;28;30;23;30;28;19;34;42;39;60;49;29;16;4;2;43;109;174;212;220;169;116;114;134;141;142;123;107;108;116;106;102;136;127;112;121;124;110;120;116;123;122;115;138;136;154;123;37;86;83;123;123;107;121;129;106;91;161;137;77;34;52;114;139;133;99;104;116;127;85;2;8;9;34;116;75;66;63;106;101;6;35;31;25;53;108;116;44;97;123;144;166;89;21;32;19;64;133;124;138;151;111;21;45;57;50;53;92;74;46;78;75;63;63;92;92;127;123;88;118;168;140;1;18;45;49;29;20;31;46;1;70;135;126;99;83;98;110;71;104;113;99;95;81;89;154;149;19;12;9;46;122;130;139;138;134;160;182;174;189;187;180;183;170;172;161;162;164;167;155;141;137;141;152;140;138;113;98;110;118;108;1;25;2;96;135;115;111;116;181;33;31;42;38;27;42;17;28;112;117;104;118;103;95;105;91;63;89;137;53;13;22;10;13;4;11;13;6;84;168;1;0;97;135;120;96;111;128;114;114;120;120;130;122;109;125;111;110;131;117;123;99;180;56;9;48;59;23;173;99;190;183;164;173;163;226;54;2;49;72;203;126;1;83;225;2;138;93;5;12;60;123;25;82;161;126;107;93;193;38;75;242;2;23;34;33;25;36;29;6;109;127;14;1;170;212;195;103;55;247;41;175;220;174;179;188;189;152;70;179;132
91;111;152;189;40;5;53;57;84;133;84;123;150;163;117;129;119;141;167;117;153;128;115;53;186;251;14;7;35;187;106;180;185;172;175;176;170;166;169;180;180;181;170;139;180;171;171;177;204;162;96;134;178;52;62;141;246;137;3;69;75;52;34;23;13;23;10;13;22;25;26;8;48;152;170;147;152;154;139;147;180;168;149;180;210;201;185;161;143;129;234;215;233;130;86;130;186;158;123;129;139;141;140;145;149;147;145;144;144;145;145;145;151;151;149;146;142;139;138;138;149;142;139;144;143;135;129;128;127;116;107;97;72;42;33;42;46;42;49;44;31;29;53;44;36;37;17;8;61;133;120;105;78;10;34;31;46;46;21;29;26;29;37;42;46;47;30;14;1;7;2;24;113;187;190;168;134;101;82;104;138;147;134;123;114;114;110;106;123;108;111;135;131;101;99;104;116;122;110;135;141;107;142;139;162;140;43;94;103;151;147;130;108;107;107;71;159;175;62;54;40;5;94;109;120;104;120;124;78;1;25;37;68;88;85;104;85;94;97;32;68;52;37;98;162;104;35;83;126;152;172;88;24;30;19;60;129;123;149;139;114;88;81;87;76;94;121;79;72;93;83;67;69;76;88;158;142;99;125;146;153;11;18;42;39;26;24;33;46;4;82;171;132;124;114;128;114;96;105;98;111;105;78;118;165;151;8;15;13;51;125;133;146;164;139;155;149;133;137;121;127;132;129;137;144;133;125;129;139;144;135;133;139;137;133;89;95;113;119;119;6;16;24;119;114;139;106;103;155;1;26;40;47;33;42;22;41;118;117;103;103;105;107;109;111;103;118;135;29;21;56;45;50;58;58;47;16;118;151;3;6;96;136;114;115;103;108;108;131;140;115;119;116;126;122;118;123;126;111;116;103;160;62;35;50;71;40;139;92;194;190;164;167;162;227;54;5;68;93;179;123;24;54;179;2;124;13;16;30;52;111;27;99;188;99;56;127;252;97;28;214;1;24;56;22;24;40;32;1;168;254;1;3;145;212;207;77;87;248;63;177;218;185;150;164;173;110;16;189;147
66;99;155;168;29;3;48;64;95;153;104;121;144;181;135;134;119;127;147;122;156;122;127;67;149;219;12;14;34;189;112;170;185;170;175;175;166;167;173;179;184;173;152;158;179;170;179;178;213;142;107;137;175;52;16;152;241;165;132;127;51;62;22;22;24;28;28;19;26;18;19;20;2;100;148;128;122;111;127;105;111;101;102;118;109;109;128;114;112;89;134;112;111;141;124;79;97;110;87;84;59;68;65;69;56;55;56;57;59;61;62;62;59;60;62;61;59;56;55;55;39;44;51;52;46;42;47;56;58;57;53;50;46;37;27;24;41;27;29;42;51;46;28;42;23;44;26;21;30;123;106;111;120;64;57;26;42;38;38;43;30;49;39;12;4;1;9;32;83;155;207;209;188;150;105;80;113;132;139;138;142;135;121;116;117;116;131;126;112;89;103;105;118;91;93;92;104;120;101;117;142;123;136;150;165;110;40;91;57;91;81;89;96;109;108;73;165;153;80;92;130;74;91;102;108;112;107;91;37;12;20;7;83;87;56;102;71;48;93;30;21;52;11;16;5;46;52;41;134;160;176;104;32;32;13;60;133;123;144;152;121;82;54;79;57;87;115;92;97;98;91;69;68;71;84;136;130;127;138;150;179;29;14;40;34;27;31;38;33;3;134;176;119;139;149;161;154;122;148;145;141;168;157;160;170;140;12;19;11;62;126;130;140;166;145;150;138;136;144;139;140;145;137;133;144;151;143;143;143;148;138;137;140;131;136;101;100;116;124;101;10;19;14;106;118;138;103;97;103;5;35;39;39;26;35;15;55;117;112;100;108;106;111;108;108;98;113;136;36;18;57;43;43;38;32;42;14;125;140;1;4;101;128;106;106;108;109;97;111;135;117;108;105;133;117;117;118;107;102;114;112;161;62;42;49;73;49;113;122;199;177;172;185;172;231;59;13;62;82;207;136;6;44;188;46;116;1;24;30;21;60;85;90;174;73;118;176;245;115;25;199;3;23;108;28;19;34;30;14;113;236;3;1;140;211;213;72;110;242;84;169;190;194;164;169;162;120;18;189;155
51;88;163;175;32;2;52;60;90;150;107;116;129;170;125;128;127;133;143;117;160;130;127;102;83;124;30;6;41;182;95;182;184;167;172;174;164;170;179;181;186;164;136;175;171;170;184;177;203;133;117;135;160;94;3;100;249;69;41;12;53;83;69;55;60;49;48;29;30;22;36;45;24;108;180;165;168;152;165;178;166;173;159;152;157;171;174;140;146;179;154;173;169;162;162;125;89;73;84;94;86;42;50;52;60;61;64;67;69;69;68;66;56;60;64;67;68;67;66;66;74;76;75;70;66;66;67;68;46;72;80;63;45;40;41;45;39;42;43;42;43;57;48;50;59;45;43;72;69;70;55;69;65;70;82;66;48;32;32;1;5;1;2;29;87;143;190;195;192;156;128;128;130;122;123;137;139;140;130;134;150;144;125;122;129;113;113;125;128;102;101;97;89;69;83;89;90;137;115;102;138;142;147;150;176;137;76;115;111;107;109;122;123;136;126;106;172;188;83;56;121;81;96;45;37;48;44;35;6;24;55;66;93;78;103;112;92;70;103;93;81;91;93;125;115;113;117;123;124;143;156;106;32;34;19;82;110;125;131;157;129;89;84;117;115;122;121;107;114;111;134;130;129;148;141;133;134;168;154;166;200;35;5;41;39;30;30;31;33;0;154;153;112;114;131;127;117;85;122;126;111;142;124;111;161;120;16;16;2;72;125;124;145;154;135;142;140;140;141;145;161;162;159;145;133;145;138;131;142;149;139;134;145;135;141;94;120;124;127;107;13;4;27;122;122;147;108;112;106;9;36;39;36;33;42;5;58;118;118;104;106;96;105;107;111;98;107;133;31;17;45;21;50;42;34;42;6;92;121;1;7;111;120;125;98;93;101;115;115;118;107;109;108;105;98;112;110;124;136;132;124;167;43;34;57;54;30;121;111;206;179;166;174;170;232;45;18;21;83;193;93;1;50;212;127;116;20;12;23;8;14;153;85;135;83;224;135;247;160;31;184;1;7;147;41;16;30;34;3;119;245;8;3;119;225;216;73;108;227;82;166;182;190;156;142;148;157;12;125;139
89;103;157;176;23;4;52;65;91;150;120;119;125;169;118;134;126;144;146;115;159;131;141;104;75;105;51;4;35;187;95;171;180;164;173;170;157;173;188;182;177;144;152;172;171;173;166;187;201;125;123;121;134;172;73;38;253;212;64;53;40;5;4;4;25;43;69;90;88;58;64;76;56;55;102;108;110;127;131;121;132;129;129;140;141;133;139;139;149;150;174;153;146;137;148;118;91;76;43;52;130;83;76;69;71;76;77;74;73;76;77;75;80;80;78;75;73;73;73;74;79;77;72;71;78;86;81;71;74;72;68;67;67;78;79;66;56;60;72;70;83;60;69;56;65;70;67;59;49;40;37;35;28;19;1;7;3;1;1;37;110;151;198;215;208;186;154;124;130;133;139;142;138;130;120;116;123;144;143;135;135;123;113;126;125;118;119;125;120;92;92;97;127;90;98;113;115;134;115;91;131;138;136;142;187;131;77;133;116;123;128;134;114;98;103;129;169;161;108;91;114;114;138;105;105;96;86;93;114;117;128;122;118;126;157;138;139;176;161;152;151;163;158;158;172;176;175;174;160;148;188;84;10;30;4;72;119;131;148;152;124;138;162;176;147;152;137;110;113;127;125;128;139;139;136;142;125;162;148;151;195;39;4;41;39;31;15;33;41;7;156;160;116;113;121;123;102;83;116;121;120;112;95;105;148;106;17;15;12;71;119;126;140;138;135;146;144;142;151;146;162;160;163;160;144;133;137;145;153;158;160;153;173;152;132;115;129;122;134;93;2;7;38;118;128;133;109;116;100;4;43;33;34;65;86;5;72;111;116;113;105;113;113;102;94;99;105;117;44;23;27;40;26;9;13;10;5;99;97;0;17;124;117;107;118;124;126;114;121;145;145;129;128;125;113;107;99;89;86;76;131;146;12;34;67;57;44;121;116;214;184;186;179;181;225;48;23;13;86;210;79;7;46;213;135;106;4;28;36;15;18;195;68;151;73;230;125;252;157;15;190;1;1;148;35;16;35;21;1;171;248;3;2;109;232;183;45;137;180;72;155;174;174;114;106;131;146;59;91;114
136;146;158;166;41;1;60;52;97;176;129;116;114;155;125;144;141;146;129;127;165;129;124;83;77;103;46;7;39;184;99;167;176;166;174;169;156;169;184;184;171;148;158;172;169;172;167;190;207;115;122;130;141;125;58;77;254;191;210;238;245;223;172;104;52;19;9;4;4;8;4;7;7;4;7;4;11;17;10;13;34;32;32;45;54;54;45;52;44;20;27;22;23;14;40;46;64;124;86;56;43;107;104;62;57;57;56;55;56;60;63;63;70;71;72;73;74;76;79;81;65;64;60;55;57;61;56;48;59;43;37;40;45;31;44;33;33;30;31;22;6;19;6;12;9;4;1;3;0;0;1;5;1;1;7;32;58;74;172;232;192;180;152;136;126;131;141;140;139;147;143;144;138;130;132;124;134;140;133;129;138;131;116;115;126;122;124;119;120;109;105;101;127;103;95;124;123;117;108;111;137;133;139;157;186;108;44;114;95;89;76;81;82;86;95;120;168;139;144;124;119;116;123;129;142;143;141;146;149;146;143;149;153;142;165;164;155;161;154;169;185;165;162;171;165;157;158;153;144;151;186;79;5;41;12;81;122;126;153;164;133;124;127;115;111;125;118;100;110;124;116;112;130;102;102;143;133;144;129;157;171;32;11;35;34;34;26;39;45;0;143;142;95;139;122;120;123;95;118;119;121;120;107;112;144;105;13;15;14;80;120;131;142;148;141;154;150;148;162;163;165;165;150;155;159;157;146;159;162;157;158;149;172;152;128;130;136;129;139;102;1;6;36;117;130;150;104;116;78;6;53;46;23;81;106;10;74;122;130;149;136;119;107;107;107;104;112;132;99;21;54;121;81;44;78;96;54;145;70;4;22;116;136;107;80;67;71;94;99;78;69;77;91;96;123;142;151;158;156;160;174;147;14;31;59;61;73;124;123;188;140;147;150;151;210;44;25;7;103;208;73;14;19;202;146;99;3;22;22;28;4;209;71;140;66;214;152;241;179;10;198;13;5;112;38;15;45;1;58;150;167;3;8;87;219;148;58;138;126;107;161;159;149;124;150;180;192;191;190;141
153;142;153;133;35;2;47;49;106;174;109;115;129;155;123;125;133;134;106;121;149;128;130;99;80;88;48;9;40;188;98;163;178;166;166;162;164;181;186;180;153;147;164;173;168;174;171;196;195;123;110;129;156;68;44;104;249;139;154;119;142;175;223;249;246;242;197;182;136;102;97;70;53;40;16;11;16;15;7;10;7;6;4;5;10;11;4;7;8;3;6;6;5;2;4;4;8;66;97;51;22;68;121;97;32;28;24;24;24;22;21;21;17;13;7;4;2;2;3;4;4;6;6;3;4;6;6;3;3;5;3;6;6;7;3;4;4;5;7;10;6;3;11;22;22;36;50;88;117;131;147;178;193;204;224;240;234;219;195;137;134;143;142;171;143;147;137;129;140;150;142;142;132;123;134;124;132;136;133;130;132;128;119;117;120;122;130;124;119;102;89;79;118;101;86;114;116;109;93;118;139;133;141;162;187;109;56;126;102;112;96;98;114;110;98;119;182;130;159;154;157;163;152;155;144;155;158;170;173;173;161;173;162;145;154;154;149;148;146;152;177;149;146;155;144;134;139;144;129;151;182;73;2;38;9;95;119;119;151;156;124;110;125;118;120;132;119;96;111;133;128;124;124;112;111;136;131;158;143;149;175;30;13;39;41;25;12;0;0;33;147;136;117;154;144;136;125;104;133;136;134;136;129;130;153;116;12;19;16;87;118;131;150;162;147;162;158;152;162;163;164;159;155;172;157;151;147;165;154;150;159;149;168;148;119;128;126;119;133;108;2;9;35;113;135;138;97;143;75;8;53;40;25;42;55;2;80;132;126;135;118;105;96;88;76;73;108;151;55;8;48;125;131;132;158;166;140;200;57;4;30;117;123;121;116;134;134;136;140;148;173;189;188;173;191;179;156;151;138;146;159;136;2;28;87;63;61;101;125;200;187;184;178;187;233;39;8;1;120;217;69;21;10;209;137;82;2;28;34;19;2;192;83;103;96;186;205;241;59;2;112;21;1;80;46;26;47;4;77;132;150;19;4;90;222;186;29;80;222;23;196;216;216;196;206;202;182;195;214;117
125;129;152;144;42;10;46;45;102;166;111;116;116;136;114;117;128;145;134;137;143;132;134;109;86;71;56;10;39;198;97;162;183;170;161;156;170;191;184;168;139;147;168;172;168;176;172;197;171;98;144;138;117;100;223;122;250;157;155;157;147;148;140;150;172;181;202;228;238;243;239;242;220;205;183;182;164;155;148;134;130;128;118;103;95;92;83;87;79;87;85;74;70;70;64;53;35;2;12;15;12;1;14;2;4;2;4;10;12;8;7;8;9;16;30;44;52;55;56;57;59;62;63;61;63;69;72;71;92;72;119;103;101;109;125;110;117;152;147;162;164;200;217;211;225;227;232;226;230;220;199;201;181;189;168;147;150;106;147;149;146;154;136;140;144;148;128;143;144;148;146;144;130;121;130;127;130;135;138;133;123;119;120;121;120;121;122;123;112;83;87;91;126;108;101;106;107;127;92;117;117;129;143;158;186;106;70;108;101;109;112;118;112;113;113;120;171;145;157;156;159;158;161;143;232;228;190;168;160;156;152;160;165;155;158;153;155;159;163;155;153;168;166;143;142;155;152;143;146;156;178;70;13;39;9;108;117;125;158;151;128;111;130;128;130;140;119;89;107;133;129;125;130;118;112;132;128;154;142;143;196;36;8;33;20;8;81;97;142;181;169;115;134;148;162;151;123;110;142;146;141;140;132;129;161;127;5;21;17;90;119;132;152;165;146;166;169;163;166;162;161;162;160;170;168;163;153;157;157;157;165;153;154;137;123;128;132;121;139;112;4;14;38;112;117;142;121;150;56;14;49;36;29;65;94;47;86;128;126;95;96;105;112;104;93;89;108;119;27;18;7;7;18;36;20;3;25;155;47;0;39;129;111;115;140;169;163;160;159;149;146;134;114;97;116;126;133;150;143;134;116;145;19;32;87;61;77;105;114;199;183;167;177;175;208;43;25;2;116;213;59;21;1;184;172;153;1;16;37;14;9;201;209;249;244;163;247;221;173;165;150;15;0;156;82;3;40;4;81;232;216;30;1;98;249;218;55;54;253;1;104;254;176;213;201;197;205;212;212;67
130;123;172;159;29;27;38;54;101;164;128;117;109;159;161;170;174;179;174;143;130;128;130;115;90;67;50;11;35;188;109;162;180;171;161;155;170;187;174;155;142;155;171;169;167;176;171;199;181;93;144;138;130;103;245;149;246;148;184;136;156;153;177;177;172;187;190;184;196;192;186;187;212;219;219;236;230;233;241;233;233;233;230;217;212;213;216;205;209;208;196;186;181;179;173;173;149;117;105;104;107;104;103;112;112;111;116;123;124;119;118;121;146;152;162;173;179;178;177;177;187;189;190;191;195;203;208;209;209;205;214;218;210;220;214;224;227;211;210;213;205;203;183;193;181;168;187;155;153;158;149;152;162;156;160;179;182;138;163;169;130;124;147;131;144;141;138;138;148;140;149;143;125;121;123;130;137;135;134;129;121;119;119;115;126;131;124;132;118;79;92;94;115;109;108;103;91;119;95;108;121;139;151;164;189;97;93;121;107;130;124;122;130;128;118;137;160;165;159;155;161;149;164;144;100;127;126;130;152;153;164;162;160;151;160;162;161;153;165;167;171;176;182;176;174;175;161;154;160;152;165;48;20;34;4;99;124;133;153;140;137;126;134;124;134;148;128;99;119;143;132;125;141;126;121;146;144;160;152;157;195;39;8;44;24;20;174;222;193;163;142;123;146;151;148;148;129;112;134;140;144;146;139;131;164;128;0;21;16;92;123;137;153;161;142;157;162;155;158;154;145;174;160;139;169;162;142;148;151;149;151;151;136;117;131;135;134;121;150;105;0;14;44;124;134;150;125;141;38;26;33;59;58;131;166;125;111;131;168;152;145;147;147;144;156;154;139;96;86;105;117;84;19;9;20;39;20;145;35;1;47;117;118;114;115;148;151;156;162;156;157;147;146;154;165;166;150;147;151;133;128;121;1;30;46;31;101;107;108;195;175;173;174;172;228;36;19;1;138;223;62;29;3;176;197;233;1;11;34;28;1;176;198;173;163;139;199;214;216;254;254;35;0;175;164;1;47;0;139;255;255;57;1;111;254;190;210;204;206;188;186;163;176;157;162;155;150;160;168;120
132;140;158;165;23;11;53;47;119;159;127;118;112;155;144;154;147;143;156;135;130;134;129;113;89;69;26;12;29;154;124;158;175;158;150;155;175;186;166;144;152;163;170;164;166;176;173;209;154;112;121;114;105;67;74;69;252;148;176;33;150;156;169;192;189;184;165;131;168;208;208;197;173;188;183;189;192;189;192;196;210;209;214;213;219;228;219;207;223;226;225;227;231;232;229;231;237;244;250;235;254;252;247;239;244;241;241;242;238;231;230;233;225;219;214;211;209;208;212;217;212;211;206;200;196;196;194;192;185;196;186;181;196;178;179;176;171;170;201;212;236;220;222;219;208;213;157;167;187;147;178;172;159;182;148;99;190;109;159;144;152;150;164;149;130;143;144;151;150;136;150;137;117;120;121;132;135;131;129;125;121;122;123;119;120;129;121;124;115;82;84;69;86;102;99;108;89;99;108;116;124;130;141;160;175;75;95;141;126;148;133;130;146;139;114;127;156;154;152;148;168;159;158;154;172;197;197;183;182;165;166;157;164;152;163;163;166;157;166;166;145;109;129;158;157;154;153;155;166;163;180;41;25;35;15;106;128;134;147;132;134;132;143;131;138;150;124;92;112;136;128;128;128;126;124;144;143;162;155;148;198;47;6;46;25;1;143;172;133;148;152;125;118;165;155;140;126;115;133;138;144;142;134;132;175;125;0;24;17;95;118;137;153;153;144;147;151;145;154;155;150;159;149;132;156;144;144;161;155;157;163;178;156;124;134;131;128;119;169;97;0;12;41;122;153;140;127;149;23;33;28;76;100;153;149;126;118;123;163;161;167;168;166;159;167;166;166;129;107;123;156;149;100;118;142;155;110;148;22;7;59;113;126;126;121;162;169;154;147;152;160;152;149;155;141;149;151;154;164;129;129;96;7;52;40;15;90;73;96;206;186;203;194;180;244;35;27;12;177;205;50;18;0;172;204;215;1;26;37;28;1;137;115;95;106;119;165;136;97;140;146;1;7;103;238;1;37;7;142;227;249;41;5;91;247;238;240;244;218;246;244;236;236;238;223;231;226;217;224;252
127;126;170;160;32;22;46;42;115;153;124;131;128;137;109;132;167;158;158;134;119;128;130;115;89;67;10;19;28;127;129;155;177;147;142;162;184;183;158;140;157;166;169;163;168;176;174;218;139;114;129;134;118;100;41;74;249;168;169;72;174;176;157;198;160;63;8;18;29;37;119;230;198;194;188;192;202;200;205;209;203;197;199;198;203;215;173;186;209;210;208;199;198;198;197;191;196;200;195;192;191;191;192;195;191;188;186;185;183;181;182;184;187;184;184;185;182;177;175;177;176;178;178;177;176;177;178;178;177;173;176;191;162;177;181;174;206;237;196;128;66;65;82;71;135;203;229;181;164;186;177;168;155;211;42;12;206;108;158;141;146;175;138;135;138;146;116;139;151;143;152;137;116;123;131;132;128;129;127;123;120;122;126;128;131;131;129;121;124;118;119;109;99;119;114;129;118;114;129;135;120;126;149;171;172;84;88;132;139;127;131;138;122;131;133;119;167;152;166;155;168;159;149;166;135;138;144;138;147;157;152;155;161;150;162;152;158;158;162;155;173;147;159;161;151;165;164;149;159;163;184;33;16;26;13;103;127;133;158;149;130;125;139;124;147;156;125;89;108;132;128;135;131;120;119;150;151;156;148;147;193;50;1;34;27;2;131;183;147;159;139;131;132;149;136;147;124;120;135;138;142;129;118;122;177;107;4;24;17;105;110;141;150;144;152;152;162;158;165;164;180;167;186;206;207;183;173;163;140;136;117;111;104;100;119;131;138;124;185;84;3;15;37;112;131;151;147;115;7;41;36;74;112;148;132;122;124;146;176;151;145;155;163;157;156;148;164;142;130;142;154;124;87;141;159;138;140;179;32;0;49;111;149;148;165;166;159;151;149;153;156;155;150;166;153;160;157;151;163;136;150;120;59;92;108;86;116;61;72;155;101;106;120;91;133;16;25;6;150;127;37;12;8;156;205;177;4;27;30;20;13;154;156;142;140;132;187;164;127;191;176;7;1;55;246;6;16;1;162;202;220;32;1;49;226;138;143;155;149;165;172;173;149;173;186;179;183;183;187;184
135;124;174;138;27;15;43;49;118;162;117;120;127;126;88;108;140;149;147;127;103;119;133;116;94;61;11;28;33;120;126;158;181;148;150;177;186;170;147;141;161;169;170;165;170;173;169;216;159;76;146;150;129;128;138;129;247;136;167;146;179;134;183;175;53;7;86;92;69;78;26;91;232;196;195;201;200;198;207;195;211;205;204;203;205;227;163;211;210;205;208;205;206;202;205;204;204;192;197;207;203;193;197;183;195;192;190;189;189;190;190;189;179;179;183;188;188;184;183;185;188;190;192;189;184;182;180;180;182;178;186;180;181;191;173;238;201;78;17;46;87;59;21;22;8;16;113;200;172;169;166;161;151;193;149;105;220;126;169;145;145;156;147;151;147;139;153;142;141;143;147;133;111;119;133;123;132;131;125;120;121;124;124;125;118;113;127;120;128;134;127;128;129;137;130;132;135;131;121;124;117;130;156;167;166;113;102;134;118;138;134;133;133;128;116;131;173;148;163;153;165;161;151;164;151;126;130;134;152;181;153;155;158;148;167;154;155;152;160;163;155;140;153;157;158;161;154;161;166;160;174;28;17;29;9;93;133;128;158;154;121;119;141;125;137;152;129;100;119;136;125;130;131;123;121;149;152;160;153;145;194;53;2;34;38;1;101;170;154;153;134;114;140;158;134;138;126;119;128;136;152;143;131;136;161;78;0;19;16;117;110;153;156;142;160;158;170;160;154;142;124;113;100;75;46;39;55;66;118;145;150;152;176;198;197;200;134;109;171;55;1;22;46;119;134;168;122;43;26;54;28;73;155;142;123;129;113;133;168;149;166;158;152;149;163;159;163;120;139;139;156;128;86;156;175;130;122;206;16;1;73;104;163;150;148;149;154;151;152;159;158;155;143;160;149;153;150;144;161;149;165;138;130;158;141;84;141;159;166;176;141;124;114;126;156;51;1;7;137;97;53;3;2;109;144;163;3;27;31;23;0;148;119;101;99;114;124;141;125;152;211;21;0;58;221;21;1;1;223;179;220;42;0;44;255;167;161;163;176;176;183;188;208;189;204;205;201;201;187;165
123;138;45;154;70;1;78;37;108;166;122;133;126;146;142;140;121;139;158;167;130;123;130;113;98;59;22;24;36;121;134;157;173;150;155;183;178;157;134;153;163;170;168;171;167;173;166;212;108;98;150;127;115;153;193;166;245;163;172;126;155;159;195;79;17;142;161;177;166;132;126;45;176;223;205;215;199;199;205;202;213;207;201;202;214;211;147;228;209;207;206;205;204;201;199;198;198;202;202;192;194;194;205;200;194;193;188;187;190;188;185;186;192;188;187;190;185;187;180;185;185;177;186;184;180;186;187;183;187;172;172;201;185;153;251;161;3;70;129;126;128;46;74;148;140;132;62;121;188;160;168;159;162;160;177;198;170;157;172;157;161;141;155;135;130;120;144;146;137;147;136;131;126;117;124;128;136;136;131;126;126;125;124;127;132;132;123;134;127;106;113;117;100;117;112;120;125;115;121;121;116;129;141;162;169;103;117;133;116;134;135;139;133;129;110;144;170;160;155;150;158;158;159;155;164;150;170;162;152;161;160;168;159;148;159;158;160;160;163;160;144;147;151;159;162;156;157;167;176;173;154;25;21;30;22;92;124;142;148;158;126;121;129;129;141;135;125;116;122;134;124;128;126;113;127;141;145;156;142;146;209;22;12;45;35;0;127;182;161;133;147;124;131;151;145;157;118;122;140;137;150;143;125;145;177;79;1;29;23;102;122;144;168;153;149;139;126;131;140;140;114;142;175;182;172;190;189;174;183;163;137;95;52;56;50;44;94;117;151;42;6;12;62;118;137;146;49;24;79;51;40;86;161;143;134;128;114;137;164;147;146;152;145;156;151;153;164;121;115;135;144;123;103;131;151;136;137;199;1;0;81;113;159;150;154;157;163;160;153;151;149;143;147;162;146;153;164;160;152;158;166;133;126;119;142;76;84;220;223;202;222;219;203;216;246;50;1;92;229;203;186;146;140;157;157;184;9;18;34;28;5;177;166;141;146;134;136;128;125;161;214;16;8;68;221;144;143;130;207;178;252;55;0;54;247;196;207;190;197;205;196;196;176;175;168;177;185;187;190;196
125;142;2;240;101;1;70;51;114;163;127;132;131;136;135;132;134;124;135;168;141;111;117;125;98;58;16;13;33;125;133;158;173;147;169;182;166;147;143;160;170;167;162;163;168;175;176;219;66;116;142;137;97;142;160;127;248;149;174;140;147;180;173;18;188;248;212;187;202;198;152;115;81;239;194;201;199;197;203;214;194;216;199;202;219;194;161;229;207;206;206;206;206;205;203;202;197;196;200;190;199;202;199;191;193;196;193;189;191;192;190;189;190;187;186;189;184;188;182;190;180;188;187;184;179;176;180;179;175;194;188;176;171;239;176;4;99;153;122;123;56;43;234;156;179;200;197;155;158;169;168;163;162;153;165;161;165;137;162;147;153;138;151;139;143;139;149;143;136;151;141;139;132;130;131;126;144;139;129;122;124;125;127;130;114;127;122;114;90;70;89;102;88;109;108;114;121;119;125;118;126;127;136;167;176;95;107;129;118;128;125;130;133;136;112;130;163;153;152;151;158;155;161;163;118;128;138;143;154;163;159;152;162;142;164;165;159;160;172;156;156;161;169;167;158;161;163;154;160;166;154;23;18;20;28;118;115;132;153;157;127;126;127;130;131;133;112;101;106;133;132;129;134;118;124;139;149;172;145;163;188;2;16;72;65;0;138;177;138;164;120;120;137;155;153;79;86;116;133;133;127;110;81;100;162;65;3;13;20;102;127;146;122;130;159;175;165;159;164;166;156;138;122;117;98;98;98;93;60;61;78;92;92;110;109;105;107;118;123;28;7;10;78;117;146;121;45;51;65;66;54;42;21;91;151;123;121;156;156;154;153;155;149;156;152;156;159;115;130;137;137;109;98;123;143;127;144;169;1;1;73;114;159;146;153;146;149;146;153;149;149;138;153;158;152;158;148;147;153;157;159;129;146;121;122;96;102;169;190;176;177;175;183;181;240;37;3;106;240;172;186;212;204;185;226;192;1;22;40;16;1;224;215;216;217;227;219;233;199;208;238;14;0;75;255;201;213;208;179;177;254;73;5;42;248;192;211;208;211;191;177;195;202;211;207;202;198;198;198;195
127;146;37;212;99;1;69;44;107;148;123;125;133;129;132;128;126;133;135;145;132;127;129;116;93;58;17;9;31;125;123;154;150;136;180;188;158;147;145;153;162;165;170;170;166;166;174;218;42;112;126;139;109;92;108;97;247;163;164;142;137;195;145;48;245;221;172;155;154;184;179;139;60;224;220;198;206;204;206;204;219;197;205;200;229;172;176;225;203;203;203;204;204;204;202;201;202;189;196;202;192;195;192;198;192;199;197;190;190;193;192;191;190;188;186;187;183;187;181;191;178;189;171;195;195;181;180;183;179;182;178;180;193;235;14;80;135;130;129;105;23;249;254;212;190;199;187;166;154;174;174;158;162;161;171;156;173;134;161;148;152;146;152;139;138;139;146;147;145;146;132;127;121;127;129;128;139;135;128;125;130;130;126;125;126;128;114;107;101;95;102;97;102;115;112;119;125;122;126;121;120;140;148;158;173;102;117;115;124;127;129;140;138;132;109;127;173;155;151;154;163;159;161;158;150;173;168;165;162;168;176;154;157;153;161;152;162;154;152;153;150;150;154;152;151;162;165;152;152;155;138;9;19;14;25;118;125;134;156;146;118;120;116;117;157;161;99;97;126;133;105;117;131;106;114;141;149;163;137;188;119;1;20;82;110;5;112;179;147;135;133;128;144;168;74;18;53;88;145;123;50;30;28;91;139;48;15;10;29;106;124;133;125;97;75;59;42;42;65;83;103;106;100;107;103;118;134;131;126;116;121;127;117;115;106;103;94;105;88;17;11;9;94;110;135;91;8;35;34;46;40;46;34;13;112;126;114;150;155;153;149;150;151;151;147;157;154;118;125;133;136;105;104;123;141;123;163;129;5;11;65;120;163;138;142;141;153;146;149;140;148;143;149;174;158;152;160;160;149;157;158;125;158;148;135;91;105;190;187;178;175;175;177;182;237;22;1;88;224;179;184;176;169;169;201;206;3;14;43;13;2;221;202;195;191;192;187;195;181;195;235;15;3;77;250;177;190;193;183;187;254;83;2;29;238;174;182;174;184;181;187;199;198;196;183;180;177;177;176;175
178;178;51;110;27;3;64;41;123;160;136;132;136;131;130;122;125;133;128;135;135;132;130;113;96;62;25;13;31;126;116;162;167;156;180;165;128;141;149;163;164;161;159;169;168;174;173;200;17;126;138;135;136;117;144;128;245;175;149;147;108;231;97;105;199;104;105;123;148;139;224;159;84;169;224;202;187;215;209;213;186;204;221;201;235;162;194;227;209;210;209;208;208;208;206;204;203;200;200;189;221;196;195;208;195;198;195;189;190;191;190;190;191;191;187;187;183;183;175;187;186;180;203;176;178;180;177;177;180;187;192;169;244;102;51;154;159;121;121;109;104;253;158;148;173;162;135;186;146;197;163;155;162;166;168;166;169;143;162;148;159;153;150;138;132;136;141;150;148;133;133;122;124;129;123;126;129;129;126;127;132;131;124;121;129;133;128;129;130;129;130;120;130;126;120;130;133;124;127;130;126;126;137;156;177;75;104;113;128;113;112;126;121;108;98;134;147;152;170;170;159;149;163;172;173;168;161;174;156;146;165;163;150;146;153;152;155;157;158;159;158;138;145;158;153;158;159;137;149;166;146;16;28;13;32;128;118;131;150;138;110;113;117;116;152;174;88;74;106;130;109;121;125;103;116;138;133;136;135;196;47;2;27;99;141;2;50;174;153;131;139;111;137;181;66;22;25;97;186;92;13;18;25;122;121;34;23;14;37;109;115;120;116;108;109;123;123;116;113;107;102;115;103;106;104;114;114;85;104;99;105;115;112;111;113;117;104;119;91;26;22;17;104;108;135;93;7;37;37;37;25;55;60;31;118;117;114;149;149;153;144;146;154;148;143;155;150;125;127;129;127;96;115;132;139;105;171;116;2;11;77;132;154;148;158;154;154;148;154;156;156;144;155;157;143;145;141;126;111;121;136;114;131;125;116;72;115;215;193;184;179;167;162;153;164;130;55;130;200;159;163;165;184;179;207;201;1;41;22;19;13;187;182;172;181;180;182;174;170;183;231;14;3;75;250;174;179;169;170;172;250;89;0;39;248;196;183;176;185;180;181;174;171;172;183;191;195;188;178;175
147;162;16;179;25;6;54;60;112;150;125;126;127;137;133;125;127;125;120;133;139;126;123;113;98;56;20;7;27;126;107;164;155;163;187;161;142;149;152;161;164;171;171;180;160;171;184;218;6;148;138;130;113;131;137;110;242;172;138;150;110;226;101;85;149;110;79;160;132;151;248;150;114;171;245;189;216;190;197;190;226;212;189;218;215;135;219;210;210;211;210;208;207;207;206;203;189;199;202;205;196;188;197;193;202;198;192;191;193;190;188;192;190;192;187;186;184;183;171;183;177;184;184;183;182;190;185;185;192;163;180;185;237;54;96;126;128;148;111;112;120;190;101;131;141;131;108;249;140;206;157;165;167;164;158;164;152;142;167;143;160;149;142;139;138;145;142;146;142;123;129;98;112;129;124;131;130;129;124;122;125;126;126;128;124;129;132;136;135;131;131;129;135;125;122;133;135;128;130;134;138;122;136;158;177;50;95;113;120;103;106;124;126;112;102;136;165;151;155;161;173;175;169;147;149;154;149;154;150;157;157;157;151;160;154;152;156;157;143;154;157;165;147;147;172;161;139;150;136;159;123;1;24;8;34;117;133;143;142;138;115;117;120;105;118;133;83;99;101;118;114;118;119;114;135;138;119;112;119;133;8;6;31;63;71;1;23;140;128;131;96;46;67;102;80;69;18;44;145;78;36;35;42;94;115;25;19;12;33;109;108;118;103;106;102;104;99;93;96;91;95;98;81;89;88;92;100;91;95;92;94;100;103;101;104;105;102;114;78;11;8;16;98;105;123;63;3;32;34;45;48;49;6;63;139;96;93;130;135;136;142;142;150;144;139;148;136;114;123;139;142;97;107;117;134;116;177;89;1;25;71;128;157;149;147;152;149;145;137;142;126;106;125;149;142;136;143;143;133;150;149;125;140;143;106;64;145;214;182;208;175;187;198;190;207;215;244;218;192;177;191;185;184;185;223;194;3;16;33;25;1;192;185;176;182;185;186;196;188;197;232;9;1;72;255;192;206;199;188;167;249;92;0;43;225;172;152;169;193;192;194;188;189;191;200;189;181;184;196;205
179;122;11;248;92;2;60;34;126;160;130;132;125;142;131;120;124;129;125;128;133;126;127;111;100;51;18;8;32;135;98;147;161;164;175;139;144;143;160;171;162;162;157;167;155;172;182;197;3;138;125;140;110;131;134;115;245;168;141;148;122;195;124;104;141;173;142;130;139;251;237;133;116;155;234;188;204;231;216;214;196;210;209;221;212;154;232;209;206;207;205;202;202;204;203;200;206;200;203;209;172;172;185;183;205;199;193;195;198;193;190;195;187;191;186;186;188;186;172;184;185;190;177;192;171;178;190;189;188;181;179;204;203;28;117;122;128;117;101;148;110;138;159;156;152;96;198;248;155;197;139;166;163;161;166;168;143;130;169;141;154;145;142;136;133;142;144;145;124;120;115;73;93;125;131;136;132;132;126;122;123;124;126;131;131;126;125;129;132;130;127;127;126;123;125;129;130;133;133;128;132;137;150;152;158;54;113;107;112;111;120;127;130;120;111;140;161;148;149;143;143;148;154;139;137;163;156;143;146;161;142;149;155;140;159;170;148;161;168;151;139;142;161;170;165;172;173;151;142;162;101;0;30;17;50;115;120;142;140;138;103;112;136;140;147;127;68;103;114;120;113;126;113;103;122;129;118;111;125;119;17;28;43;33;25;20;43;140;119;133;90;58;75;63;79;94;77;47;66;52;82;51;62;116;116;25;18;15;35;110;104;113;103;114;106;101;96;94;101;94;94;101;93;101;93;90;99;105;100;96;90;90;98;97;102;99;101;108;69;8;13;34;99;114;144;58;10;37;34;37;55;48;15;105;166;121;99;123;143;127;112;109;117;120;125;130;116;93;117;118;108;76;108;122;126;101;180;68;1;25;63;115;149;140;131;142;137;136;125;144;143;138;154;151;169;171;149;169;173;147;147;124;101;111;105;60;146;221;173;162;186;181;181;190;176;185;174;173;179;187;199;190;134;103;136;136;1;18;42;21;8;188;200;170;182;169;169;162;155;169;233;9;2;75;250;165;182;187;208;179;254;106;0;36;214;164;152;174;199;208;208;201;209;225;212;210;216;227;224;213
177;70;69;253;127;0;78;37;122;149;121;129;125;144;133;124;130;127;125;128;129;117;127;121;101;53;26;13;36;148;101;140;186;170;152;137;142;141;152;161;155;163;177;175;164;168;191;198;5;141;135;148;110;126;152;120;246;165;143;147;116;201;112;134;132;145;170;132;166;247;131;185;63;208;227;229;240;217;227;233;237;196;210;234;186;177;228;205;208;210;208;204;204;208;208;206;207;196;197;147;170;158;164;172;198;198;195;196;199;196;193;196;189;193;186;187;192;190;175;186;191;196;187;159;234;225;198;223;214;196;164;217;202;71;120;126;115;122;101;128;133;140;187;167;158;165;254;224;147;183;138;156;154;160;166;170;143;128;165;133;151;146;148;130;121;135;147;144;103;126;110;94;109;128;134;133;129;131;128;125;127;126;125;129;130;129;132;132;129;128;129;134;128;125;129;130;128;133;131;124;128;135;140;155;141;49;112;107;114;114;113;106;110;106;107;144;153;148;160;154;143;144;164;164;158;154;151;164;156;153;143;168;140;140;155;152;161;163;167;166;162;177;190;184;174;174;160;132;136;165;92;3;27;6;57;123;116;149;153;133;60;63;91;125;154;153;87;93;121;150;135;135;144;120;125;124;108;103;118;136;18;13;35;45;52;27;34;141;118;134;56;28;68;60;80;66;78;59;57;68;83;61;81;110;114;25;21;17;42;112;105;105;108;118;103;96;95;93;98;87;85;91;86;92;95;98;86;78;84;87;87;91;99;89;96;94;105;111;63;14;19;38;87;110;129;42;10;44;44;32;52;52;10;161;198;147;156;185;197;187;196;191;188;187;182;174;158;138;106;108;99;75;99;98;96;84;187;68;1;8;88;125;136;147;147;151;152;160;156;162;145;127;157;138;139;152;149;144;129;131;135;126;140;138;83;51;159;201;166;177;180;171;201;211;199;196;205;218;212;193;191;210;222;236;253;229;4;6;1;2;1;216;223;185;222;216;226;205;186;198;247;16;3;73;254;169;177;171;180;178;251;127;0;32;252;216;224;202;174;176;187;186;175;174;198;177;160;162;174;181
155;51;88;255;112;2;67;51;133;152;126;134;133;145;134;126;127;131;128;120;117;114;132;120;92;45;20;1;19;145;103;143;193;166;128;154;153;164;155;157;149;153;172;163;166;168;197;192;16;145;132;159;100;110;151;123;234;172;130;137;147;177;132;75;136;132;158;133;171;159;168;87;100;221;242;226;70;36;56;100;233;222;197;247;149;196;220;206;209;210;208;204;204;208;209;207;193;199;228;173;125;180;193;186;189;195;196;195;197;196;194;194;193;197;188;188;194;192;175;186;188;189;181;242;173;63;63;70;132;206;202;212;196;105;98;136;124;115;119;92;172;138;160;200;144;160;235;143;179;161;154;173;164;165;152;167;150;146;167;129;150;145;148;127;123;143;153;135;101;135;100;112;119;122;132;136;129;129;125;123;126;126;127;130;127;126;130;129;131;132;128;126;136;124;129;133;129;129;129;128;132;140;138;162;131;49;110;105;119;113;110;112;128;118;108;142;150;140;155;163;161;155;159;146;163;143;147;169;147;164;169;154;167;169;164;129;142;117;107;111;68;86;63;44;74;94;94;107;132;156;72;0;28;4;58;116;131;137;128;108;42;47;37;51;117;119;68;50;49;90;114;131;109;111;134;132;111;110;110;140;15;8;41;43;55;29;43;127;117;124;72;26;61;66;47;44;46;54;48;57;49;35;55;120;109;21;18;10;43;113;112;105;104;114;98;92;91;88;97;90;94;94;89;88;86;92;85;90;81;86;87;86;88;72;88;99;99;106;51;12;16;33;82;116;130;40;14;41;34;34;58;39;19;183;190;127;152;187;187;173;176;178;178;185;183;179;181;173;195;193;177;149;155;134;128;129;216;41;10;22;95;147;173;147;130;123;118;114;109;114;121;124;132;141;128;110;116;131;116;122;137;123;82;65;80;71;155;221;174;184;184;211;166;65;51;57;51;67;49;44;39;32;69;88;152;138;50;98;153;127;32;124;109;76;104;123;152;201;189;209;249;20;2;64;254;191;211;201;192;191;233;130;3;17;244;184;177;212;221;216;195;183;175;179;168;180;182;173;172;184
155;59;53;255;104;1;64;35;139;158;136;144;130;147;144;121;133;124;124;127;117;106;111;121;82;40;14;15;18;134;81;102;171;134;125;153;154;164;161;175;187;179;171;167;194;189;199;187;25;149;135;164;112;115;157;139;229;158;133;137;132;152;201;84;103;116;140;143;160;145;91;96;177;238;236;30;66;125;115;55;98;230;230;231;145;237;209;212;213;208;203;206;211;208;207;213;179;240;241;126;221;220;206;195;180;192;200;198;195;195;195;194;195;200;193;190;196;191;180;180;197;162;247;152;18;63;89;92;75;117;209;208;222;131;139;123;126;130;121;118;95;176;175;166;190;195;184;167;195;171;151;152;165;160;157;155;149;153;165;132;146;151;139;138;131;138;154;123;118;113;108;117;122;122;132;140;133;131;126;123;127;130;131;135;131;135;135;132;130;131;130;128;137;124;121;130;134;129;129;136;142;134;136;161;131;57;115;106;115;112;129;119;134;109;108;158;140;144;157;149;164;157;181;179;177;174;172;149;156;125;139;120;93;76;111;136;124;152;185;165;189;194;197;197;196;192;182;174;140;145;59;4;35;13;69;123;109;127;147;86;28;37;37;42;50;34;46;46;42;53;41;34;21;43;126;124;115;119;124;147;21;13;33;66;84;22;50;121;113;126;68;32;47;45;46;50;45;40;49;51;40;29;64;117;95;18;16;12;42;98;116;107;76;102;98;94;90;90;87;91;90;90;92;95;72;94;81;77;85;83;89;89;84;82;87;101;99;117;50;12;27;35;83;123;138;37;19;43;33;33;40;7;52;173;132;135;148;148;161;164;153;156;160;159;160;166;152;162;159;175;161;149;192;178;170;171;225;2;10;8;63;161;180;164;153;164;177;179;170;161;150;138;161;169;165;157;128;170;178;131;106;120;182;213;214;153;182;245;211;210;251;115;2;6;4;22;9;27;11;8;9;16;9;5;1;7;67;89;110;123;78;64;66;65;79;8;2;226;190;144;222;11;8;69;240;155;177;183;185;174;221;141;2;23;239;171;155;187;173;174;183;195;202;202;211;201;203;205;175;130
62;24;7;250;38;2;60;45;105;127;129;122;124;154;139;140;140;131;133;138;127;110;102;103;104;49;29;15;11;151;125;121;164;130;188;175;169;159;128;150;141;156;167;181;164;159;181;198;22;170;128;154;118;116;144;138;246;146;120;133;144;142;182;138;114;90;80;69;78;99;124;175;213;237;129;41;160;122;102;135;51;191;237;215;164;224;222;211;212;210;207;209;212;208;207;214;180;243;232;145;209;205;193;213;167;195;204;193;195;201;199;195;194;197;193;191;196;194;182;174;193;221;189;16;88;122;131;126;143;74;140;212;242;172;122;141;136;147;119;119;103;65;127;133;137;125;153;180;142;142;162;166;166;155;154;156;137;148;164;136;151;150;134;132;137;141;153;120;125;123;116;119;125;127;133;132;136;138;136;135;136;133;129;129;126;130;130;127;126;129;130;129;131;127;127;132;133;131;132;134;126;145;138;151;125;61;118;108;115;106;116;114;84;27;62;170;137;142;164;134;130;143;125;108;79;116;113;109;153;133;156;203;204;199;190;178;164;131;101;108;92;90;67;54;53;57;74;79;135;144;54;4;24;12;74;139;108;125;134;60;7;26;32;36;43;43;56;51;51;57;44;50;24;49;132;133;121;117;122;147;16;11;29;54;80;34;54;120;117;113;42;20;50;50;46;38;47;45;57;53;50;25;65;107;77;16;22;15;48;90;104;96;104;108;100;100;89;91;91;85;103;89;88;96;98;123;109;96;90;77;76;83;99;110;108;112;118;111;48;11;17;31;87;127;111;26;24;35;16;42;63;9;77;167;89;95;136;150;148;159;157;164;164;175;168;159;163;157;158;157;148;116;150;161;171;189;177;1;22;9;79;188;152;163;172;183;170;160;163;169;161;128;239;243;217;225;201;155;122;126;95;97;100;76;71;49;67;88;51;59;162;68;55;50;43;18;35;19;28;36;29;22;3;16;33;26;22;10;9;7;19;74;93;78;81;2;32;245;186;162;249;21;5;67;243;172;197;196;186;190;254;159;0;7;238;205;190;191;174;193;192;165;155;168;148;150;150;150;159;172
75;95;23;125;8;18;59;44;45;57;58;47;50;84;73;74;88;89;98;101;88;81;95;113;110;60;14;8;32;128;124;162;163;136;102;88;75;76;113;99;120;121;49;60;43;46;69;29;26;181;118;154;128;122;134;138;236;134;135;145;148;134;183;214;134;123;131;134;129;143;182;224;205;241;86;85;127;99;102;126;64;147;242;184;182;227;218;211;211;211;211;212;212;207;207;215;186;211;247;218;197;194;215;194;170;204;213;198;193;194;195;201;194;194;194;192;194;196;184;167;193;227;101;51;101;106;111;114;115;100;87;236;184;233;161;124;143;139;147;130;136;112;82;75;73;139;172;178;157;166;156;158;157;153;151;159;135;148;153;141;151;150;132;129;141;143;149;123;114;89;73;95;121;128;130;128;123;128;130;132;135;133;130;132;126;128;128;125;124;128;130;130;123;128;132;131;131;132;132;130;136;133;136;163;115;63;130;105;115;134;107;49;32;13;85;169;73;93;134;129;134;169;169;199;177;176;175;176;165;129;123;114;77;45;50;49;41;52;67;87;88;114;117;131;137;125;127;119;122;135;46;9;20;12;72;136;110;130;132;56;11;31;36;35;21;31;43;33;41;42;26;41;27;45;115;117;110;109;122;153;18;12;33;55;86;44;51;124;125;110;30;21;49;44;49;44;47;47;56;43;51;19;75;109;71;21;26;16;61;89;103;99;99;98;100;106;87;93;106;104;93;86;93;91;92;115;119;120;110;117;124;120;121;120;104;95;130;107;31;17;18;23;54;99;100;14;18;30;34;44;55;3;51;175;138;132;141;159;152;150;156;153;133;141;141;133;138;148;139;178;134;144;184;197;169;182;153;6;30;1;70;201;151;197;189;188;182;192;178;177;188;140;119;80;15;23;58;18;34;89;38;77;96;80;81;81;70;50;34;15;50;123;161;162;179;189;171;184;161;143;159;156;138;46;21;22;22;28;25;16;27;38;50;52;86;8;58;252;192;216;253;19;2;65;253;208;236;225;217;201;251;153;3;10;231;217;198;216;200;196;201;209;220;228;225;242;252;249;244;244
178;193;186;125;7;14;63;51;189;202;150;166;150;144;152;109;104;95;86;72;49;37;50;66;84;39;8;17;27;103;133;122;59;63;124;127;169;222;176;173;190;111;1;1;32;9;0;1;36;198;135;152;107;124;141;161;243;148;147;134;148;136;161;190;207;189;174;178;192;206;210;199;224;235;62;94;122;120;94;121;70;163;240;154;201;228;204;213;210;212;212;213;214;208;207;213;219;183;178;196;243;254;226;134;208;204;197;197;202;201;195;192;197;195;197;194;190;195;187;164;195;241;53;77;86;136;105;94;117;93;129;228;169;208;222;186;131;127;137;122;108;119;117;166;192;199;182;160;166;168;161;157;155;143;154;175;130;148;148;129;132;151;141;136;129;127;138;140;128;97;76;100;130;136;132;125;131;134;132;129;131;130;131;136;132;132;131;128;127;129;131;130;123;129;133;132;131;132;131;128;130;134;130;158;125;70;101;96;119;99;69;29;38;1;91;143;184;197;172;145;142;106;51;78;53;47;36;24;38;61;106;120;110;103;118;111;110;119;111;122;90;109;107;108;110;107;114;118;120;125;39;12;23;13;72;122;108;125;126;58;23;34;34;34;38;40;50;39;50;53;39;46;26;41;100;107;110;108;122;148;19;11;28;49;95;63;47;110;124;108;31;34;52;36;47;47;43;48;52;39;47;18;84;111;63;17;19;13;72;87;102;102;103;97;91;98;92;100;104;92;96;105;117;109;96;115;115;120;130;108;97;103;109;96;79;86;126;123;15;9;19;42;74;137;128;55;21;27;13;27;36;48;47;127;125;139;132;143;155;160;144;159;141;157;126;148;114;136;130;119;85;68;55;42;3;166;129;10;8;3;88;193;130;150;127;134;110;117;120;121;101;9;9;4;3;19;61;11;22;10;6;27;24;10;5;15;17;20;74;48;25;30;19;24;25;38;39;23;55;105;74;31;155;127;14;23;26;29;22;24;37;28;65;48;74;2;54;218;154;189;218;9;4;47;235;153;165;147;156;144;207;143;1;0;192;195;166;180;173;173;181;182;174;163;168;161;154;148;142;138
118;135;145;152;29;5;67;25;178;171;126;143;146;166;159;155;170;163;168;181;183;173;160;149;106;28;28;21;8;127;154;13;40;184;252;137;205;226;114;179;174;120;2;24;100;190;36;18;32;198;140;156;140;185;165;170;244;119;141;138;133;144;183;157;175;203;212;211;208;203;203;202;193;241;96;60;122;120;135;111;52;217;234;144;224;212;207;212;211;211;210;212;214;211;207;211;204;220;194;147;120;112;160;200;219;196;191;200;201;200;199;193;199;196;199;194;188;195;191;168;203;235;70;80;122;91;119;125;130;52;172;224;184;180;183;245;219;181;150;136;150;165;189;198;196;164;163;164;170;158;165;157;157;161;148;156;133;150;130;146;130;144;127;131;127;132;131;136;145;149;143;137;131;127;130;124;133;135;132;129;130;130;132;137;135;134;133;130;129;130;129;128;130;131;132;133;133;132;131;130;123;131;128;145;112;82;104;111;123;90;64;29;27;1;125;150;86;57;49;38;56;86;98;107;106;114;117;95;103;104;124;120;109;110;111;87;88;98;84;99;75;82;91;85;90;105;114;131;130;118;36;11;21;12;85;123;111;120;115;54;28;28;29;37;46;36;51;39;44;52;46;43;16;41;101;113;116;105;111;127;8;16;37;52;100;70;48;116;118;95;24;42;58;38;41;36;41;52;54;47;45;25;90;109;51;13;19;19;80;83;104;107;105;114;102;100;98;105;103;100;101;108;107;106;100;130;109;96;72;71;82;103;125;122;103;104;117;132;26;14;22;42;88;137;145;98;82;61;63;68;87;107;114;108;91;111;123;127;142;149;170;156;174;162;166;155;112;52;52;56;81;127;148;206;253;234;50;1;64;94;56;58;73;77;67;120;102;105;127;110;98;81;98;120;133;116;109;84;119;90;102;85;67;81;70;45;21;33;26;22;26;22;23;14;8;12;5;12;21;46;74;30;62;84;21;29;27;27;33;23;19;37;61;43;55;12;127;234;170;187;217;16;2;25;229;152;169;157;168;155;210;166;2;1;176;206;155;168;171;166;156;143;152;169;153;157;158;160;166;171
90;66;101;109;46;33;70;38;204;216;131;147;150;129;138;139;124;126;140;155;156;149;142;135;91;35;25;5;47;145;146;93;125;200;212;112;150;212;130;162;182;129;7;23;14;69;46;3;37;198;127;128;103;125;96;149;241;144;149;131;149;136;153;164;138;162;168;172;183;182;187;204;189;236;165;59;118;122;97;58;132;238;227;157;230;206;221;208;212;211;208;210;214;212;208;210;204;207;208;232;226;218;214;213;200;197;204;204;192;190;198;199;198;195;198;195;189;196;193;173;189;223;159;28;127;134;78;98;76;118;223;195;192;196;176;170;191;208;240;229;226;229;222;192;174;170;175;175;168;163;164;160;140;161;151;159;151;163;122;150;139;138;117;127;133;141;131;129;134;128;117;121;131;138;138;128;123;126;127;127;130;129;128;131;133;132;131;130;129;129;127;126;134;129;127;129;130;128;128;129;135;129;139;165;95;64;90;88;109;91;51;34;38;2;114;155;114;115;132;103;121;117;89;107;99;71;89;88;85;91;115;86;100;80;97;91;72;85;91;88;88;87;101;91;89;106;110;124;130;107;32;16;19;14;99;126;110;122;113;53;34;28;29;39;42;27;50;37;34;43;47;39;22;59;112;115;113;102;116;132;14;16;32;63;111;64;39;131;117;87;19;40;52;40;42;39;44;51;51;47;37;35;102;116;44;16;24;23;73;77;113;119;110;134;116;94;78;72;69;80;91;92;75;71;71;118;112;113;114;130;138;132;129;120;112;126;153;119;24;17;21;18;85;128;100;68;89;76;88;87;97;96;111;84;78;105;137;129;125;135;146;146;132;152;125;64;91;193;251;252;250;248;197;142;94;37;1;59;108;113;87;65;83;67;76;74;29;22;41;37;69;122;115;135;120;99;79;83;118;114;71;88;80;79;78;81;42;11;26;37;18;22;25;37;36;23;39;37;25;31;52;55;28;15;29;18;18;23;32;30;24;40;61;53;24;2;171;194;160;174;212;20;5;41;248;178;187;175;181;167;208;177;2;1;160;192;166;169;170;167;176;176;172;165;164;174;179;174;168;168
68;90;88;76;134;44;58;50;72;76;54;69;78;64;62;67;53;46;38;24;7;4;18;31;33;37;22;1;47;67;76;148;156;192;169;187;185;208;169;181;161;136;0;37;52;41;64;29;47;189;116;137;114;115;85;146;245;142;150;126;153;143;145;157;168;168;163;168;186;191;193;209;200;195;240;130;53;93;101;144;227;235;205;177;225;211;220;208;212;211;208;209;213;213;210;211;212;208;199;207;207;199;196;204;199;203;199;196;199;199;195;194;196;194;196;195;194;199;192;173;197;202;233;120;29;104;139;132;159;209;194;178;179;175;196;194;180;185;178;188;185;189;199;181;191;164;160;172;158;163;163;150;162;145;149;155;116;152;146;156;132;137;136;134;131;123;130;139;131;126;121;125;118;108;117;127;130;132;130;129;131;129;125;126;132;130;129;129;129;128;127;127;131;126;122;122;123;124;125;126;102;116;127;173;98;50;69;61;86;89;47;24;34;6;114;152;102;90;108;95;104;95;80;98;91;80;90;88;85;83;95;95;82;82;95;97;93;93;91;93;93;88;99;93;88;103;112;118;128;95;22;23;17;22;107;121;97;120;111;44;30;27;28;31;38;25;50;36;36;43;46;37;19;62;106;99;95;89;110;123;24;10;9;57;123;70;34;123;118;83;19;35;41;37;41;44;43;38;40;34;26;39;110;118;34;14;23;18;57;73;122;121;102;114;93;84;85;88;84;90;97;114;124;127;124;145;128;127;127;119;114;118;118;98;92;123;131;71;0;22;28;19;77;144;97;94;102;111;86;92;65;77;48;14;34;84;118;121;124;143;152;134;148;145;87;5;8;18;62;61;32;24;3;8;3;6;28;27;4;10;26;16;27;26;13;11;21;22;17;15;9;4;3;14;2;2;4;13;30;37;64;62;47;53;48;44;26;30;20;16;34;23;28;34;22;30;27;26;32;56;36;35;41;24;27;22;31;32;21;24;32;37;48;60;7;36;227;182;170;172;204;17;3;49;214;146;161;168;159;152;193;165;1;3;182;216;162;159;168;170;178;172;175;179;178;174;174;177;176;171
102;114;80;97;132;3;72;107;52;15;55;51;51;64;57;60;52;42;37;39;41;44;45;42;28;31;44;41;26;45;87;69;86;206;198;212;186;168;159;154;144;65;9;2;4;2;14;1;21;162;100;130;102;118;109;146;244;134;162;131;148;157;159;150;154;160;170;175;184;188;185;194;203;198;197;242;214;176;216;240;227;236;178;190;228;206;210;215;212;212;208;208;213;212;211;213;211;203;213;201;208;198;207;196;199;208;198;194;207;201;192;203;196;193;194;196;199;201;190;170;197;189;182;245;170;120;104;147;200;208;185;188;193;191;184;186;192;187;194;198;206;195;192;185;171;166;162;158;155;155;153;147;146;153;151;147;125;146;117;142;134;132;140;130;133;117;129;133;126;126;123;132;136;133;132;127;127;127;123;122;128;130;131;135;133;131;129;129;129;129;128;128;128;126;123;120;120;123;125;126;133;130;130;169;59;30;80;31;19;31;55;46;32;4;137;141;109;99;102;103;92;79;93;93;84;89;93;91;87;90;93;103;95;100;98;89;86;85;86;89;90;85;90;91;86;102;124;123;135;92;10;24;13;31;112;117;92;123;111;33;21;27;33;32;40;29;51;38;45;50;47;37;24;75;120;114;112;102;114;113;6;24;28;61;119;77;49;131;115;76;15;31;38;37;32;29;36;24;33;26;22;37;107;106;29;14;26;23;59;85;132;117;123;131;120;126;133;142;146;154;149;141;130;117;116;128;116;119;113;127;124;114;131;143;137;141;132;87;11;25;17;32;82;189;137;121;111;80;130;161;183;216;239;211;218;200;157;164;163;145;67;74;120;113;142;104;106;120;112;113;104;154;100;2;10;4;1;7;6;2;6;19;15;7;31;19;35;30;24;34;26;26;17;25;29;17;28;22;46;56;68;76;55;35;22;29;23;24;31;32;19;28;25;26;27;27;25;41;29;34;65;37;13;19;22;30;24;24;27;19;22;36;44;71;3;70;216;134;146;147;222;20;1;65;207;142;140;136;132;131;179;160;2;4;167;174;145;151;162;149;149;150;159;161;169;167;167;170;170;167
79;58;75;66;54;39;52;98;119;124;116;109;90;94;97;84;83;79;71;71;54;46;40;41;61;55;52;75;74;73;66;32;23;200;190;157;175;149;117;130;116;80;75;85;109;59;69;57;82;151;158;151;106;142;172;178;247;146;183;137;155;155;143;149;164;157;167;175;176;192;205;195;199;208;203;205;225;241;234;202;183;243;155;205;224;210;214;209;210;209;209;211;213;214;212;210;199;205;210;210;207;205;204;204;199;197;198;202;203;200;199;200;198;198;197;197;194;196;194;173;193;187;185;194;213;224;218;205;193;184;180;184;189;187;183;181;181;190;178;186;197;193;195;185;173;174;174;168;164;156;147;154;149;141;138;134;119;142;121;144;131;129;127;125;125;125;124;123;121;122;122;123;127;130;129;126;126;123;126;127;128;132;131;136;131;131;130;129;126;125;129;133;120;124;121;120;124;121;119;126;122;126;128;154;46;59;113;82;118;94;106;103;45;21;139;144;95;102;90;79;83;101;89;80;78;86;86;96;77;92;79;89;90;98;98;90;88;92;93;89;97;90;94;95;83;96;116;109;138;97;12;20;18;30;112;115;97;112;110;32;26;29;31;33;30;34;51;40;50;54;40;35;15;69;113;114;106;99;101;116;21;9;39;77;135;62;48;156;139;72;10;24;25;20;28;33;29;26;27;32;23;51;118;91;26;19;23;31;61;105;134;124;126;140;118;128;133;113;117;120;116;117;123;108;107;98;97;123;125;108;107;105;95;46;55;134;108;55;5;27;27;12;64;62;82;156;250;252;250;203;169;146;93;96;104;91;91;103;74;43;10;45;75;120;126;138;139;148;156;112;89;91;98;79;82;97;74;92;77;83;87;57;62;97;67;32;22;21;27;27;15;27;31;26;27;29;27;30;37;40;40;35;40;40;44;33;30;31;18;19;27;26;27;30;25;27;29;23;44;25;47;49;27;30;27;27;24;22;26;26;20;36;39;59;2;126;201;130;167;180;242;43;1;59;254;218;226;236;241;225;244;228;3;2;191;195;150;153;155;154;158;160;147;132;143;141;133;138;141;143
20;11;17;4;1;25;5;3;2;47;58;25;36;39;21;39;31;28;41;30;30;42;51;61;45;65;79;83;108;132;130;145;178;177;173;186;195;222;239;210;231;195;220;254;193;243;236;238;205;179;189;226;180;175;187;181;242;122;185;178;141;141;167;160;141;156;177;179;184;182;192;194;201;204;202;202;199;198;209;215;216;245;151;215;216;213;218;218;214;213;212;212;213;213;212;211;212;214;214;209;204;202;201;200;202;201;201;203;204;202;200;200;199;200;197;197;196;201;200;179;191;196;195;185;176;173;175;176;176;176;180;184;183;181;183;188;185;193;184;190;195;189;191;182;181;172;159;146;150;158;150;145;157;163;168;169;152;168;136;133;124;125;126;126;125;124;125;126;123;122;123;127;129;128;128;130;131;127;131;130;131;131;125;127;128;126;126;126;126;125;124;125;120;125;124;122;124;123;121;126;108;127;123;166;59;23;60;90;108;133;115;122;121;85;136;150;109;99;85;90;87;91;81;86;83;90;70;77;73;93;94;91;110;90;85;89;84;82;89;94;94;91;91;93;92;103;116;115;125;77;6;30;17;33;110;100;101;126;117;36;24;32;37;33;30;39;55;42;51;57;42;32;25;84;129;110;109;118;140;146;29;4;40;70;138;40;57;142;130;71;19;28;31;25;27;38;26;33;30;20;12;70;143;105;20;31;15;32;79;104;123;122;109;107;99;115;106;118;113;121;122;116;120;122;139;134;119;138;83;64;64;74;68;41;60;120;129;31;18;19;12;18;99;28;8;3;36;39;13;3;2;2;3;2;4;13;25;14;7;38;48;40;18;21;30;29;17;10;12;33;46;50;61;84;93;88;100;103;116;130;117;93;88;83;54;31;27;24;27;30;20;27;23;20;22;25;24;29;38;43;14;35;46;39;46;25;28;21;35;23;27;31;23;23;29;28;27;35;42;50;50;36;30;27;27;27;29;32;33;29;29;40;63;38;4;203;248;244;220;200;254;48;5;52;248;191;201;209;192;197;226;228;2;3;236;250;226;247;249;242;231;229;242;239;230;221;210;208;192;173
57;67;78;91;108;142;124;91;87;83;85;85;121;147;146;176;168;174;180;187;205;210;198;208;210;220;179;165;179;177;170;161;155;143;162;182;157;161;142;147;166;67;136;149;123;163;86;154;166;145;146;181;149;137;168;167;252;105;36;73;185;173;127;159;173;177;172;154;175;177;190;200;200;206;203;204;211;219;220;207;217;215;148;232;216;218;214;209;211;211;210;210;209;209;209;209;208;210;210;208;206;206;205;203;202;202;202;200;200;199;197;194;195;199;198;198;196;200;196;172;188;189;187;185;186;189;189;185;187;181;177;181;186;188;188;189;176;181;180;191;193;184;179;161;175;164;163;162;168;181;185;186;182;163;118;80;52;89;100;106;121;124;127;127;124;123;124;125;124;121;124;130;130;126;128;134;133;128;130;129;130;132;128;131;136;132;129;129;130;129;125;123;118;125;125;120;121;121;121;123;129;119;123;159;32;47;98;79;88;78;41;50;32;54;147;146;104;83;66;85;79;81;72;80;86;90;69;87;86;80;89;89;101;90;93;95;90;99;103;86;82;90;96;91;89;98;118;132;142;71;1;28;8;45;129;119;98;107;84;37;28;24;30;38;26;39;50;28;27;35;27;21;28;84;125;109;124;108;119;131;12;9;50;82;122;71;39;137;131;87;61;51;38;54;61;52;66;55;44;28;12;87;146;83;12;22;19;30;61;94;144;121;130;122;140;122;143;121;137;132;127;128;122;111;128;139;125;142;148;174;178;185;187;172;167;188;138;5;6;17;12;11;138;139;103;90;65;66;111;96;8;15;8;6;8;4;5;8;6;7;6;9;6;9;23;17;16;15;18;16;9;12;3;1;1;1;5;1;12;33;36;47;45;26;33;26;28;23;24;29;23;26;29;27;29;29;25;27;34;38;19;46;64;38;44;27;30;27;21;28;29;22;17;25;29;16;21;65;34;51;47;20;13;1;1;8;10;1;2;5;1;2;1;9;6;108;143;144;190;179;222;130;46;109;246;185;193;193;187;195;213;207;9;3;198;217;179;197;191;193;193;194;209;198;209;211;212;218;219;219
205;216;209;192;176;171;199;190;180;203;204;236;206;180;203;200;156;198;202;201;164;170;172;180;157;169;164;124;151;133;177;124;100;164;153;149;161;177;167;191;189;194;216;156;185;142;148;173;154;183;150;162;159;147;166;167;230;251;220;59;12;61;110;93;110;168;216;224;228;213;204;204;203;195;187;195;201;199;205;207;234;195;168;233;211;216;215;213;210;211;213;213;214;214;215;216;208;210;212;211;209;206;200;195;198;200;200;198;198;200;199;195;197;200;198;196;192;196;193;169;179;187;192;189;182;179;177;175;179;179;180;181;179;177;179;184;179;189;199;209;205;204;217;215;210;196;185;165;145;119;63;12;10;6;16;69;98;132;141;142;128;127;127;126;124;123;122;122;123;121;122;127;128;126;128;132;127;124;127;127;128;130;128;132;140;135;129;128;129;128;126;125;118;125;126;120;118;120;121;121;123;116;127;146;18;42;64;53;61;60;41;50;11;49;150;135;101;90;74;89;82;93;87;81;69;92;82;78;82;87;94;82;110;95;91;94;88;84;83;79;98;94;94;82;87;103;117;117;146;70;5;37;5;40;103;98;112;119;79;38;32;32;28;19;21;32;37;19;20;30;26;22;42;77;110;98;88;65;84;98;14;19;34;71;144;41;44;162;133;80;65;62;54;66;77;92;76;69;70;85;65;83;111;88;27;18;12;37;84;107;133;115;125;117;69;76;121;130;137;130;140;153;142;121;138;162;156;165;164;136;108;111;86;73;85;95;90;63;80;104;116;85;96;99;95;81;94;125;129;100;46;61;69;68;72;65;58;58;68;63;85;65;40;25;21;19;28;26;30;24;19;26;29;32;28;28;30;29;41;32;29;39;41;55;23;21;26;22;22;27;24;26;19;20;25;27;26;30;39;43;45;55;78;45;35;28;21;25;25;29;24;30;35;24;22;28;18;70;40;57;31;9;50;48;53;55;49;58;57;42;61;66;82;118;151;158;166;166;177;181;167;170;113;75;218;189;194;184;189;169;182;200;138;152;212;190;190;199;198;201;202;200;205;199;192;191;205;222;215;195
165;161;165;165;170;165;171;161;134;157;176;163;153;165;162;175;133;170;168;135;107;182;195;156;158;168;196;149;155;147;188;143;78;128;174;169;184;213;183;186;186;194;168;120;179;146;118;169;142;163;137;146;140;135;133;147;246;117;171;247;185;46;41;67;26;31;29;50;101;177;219;231;242;245;247;252;249;240;239;238;244;190;204;227;209;208;209;207;203;204;204;203;200;198;196;195;197;198;199;199;199;198;194;190;185;188;189;188;190;193;193;190;189;190;187;185;184;192;197;180;165;179;191;194;192;194;200;204;198;211;226;231;228;227;234;244;241;225;208;196;173;145;116;87;38;11;8;12;5;10;53;109;152;186;204;208;178;170;148;114;134;129;123;122;125;126;124;121;122;122;121;122;124;126;125;122;121;121;128;127;124;122;118;122;128;125;122;122;123;122;122;123;121;126;127;122;118;121;123;120;121;121;142;142;20;37;27;47;40;54;43;41;2;47;142;124;90;94;82;85;73;84;82;69;89;80;74;70;80;78;77;91;92;96;92;90;94;91;89;96;82;81;94;82;92;121;140;133;149;63;1;27;5;58;115;136;118;122;88;64;45;25;28;43;38;43;40;32;33;37;23;13;22;99;114;98;105;103;116;154;9;11;36;59;163;22;50;153;121;85;67;46;49;63;54;55;48;72;49;48;69;110;128;104;1;20;27;24;31;118;138;114;129;145;98;123;128;144;137;143;146;143;125;120;130;112;86;80;73;61;33;52;67;64;62;74;92;142;115;79;102;130;102;96;81;79;78;86;89;97;107;128;121;124;112;112;131;118;120;125;89;99;109;95;38;12;24;27;22;26;30;23;26;26;27;21;17;22;38;28;24;27;23;45;28;25;26;25;25;26;24;28;30;30;31;29;24;28;37;41;42;52;72;66;41;31;29;28;22;32;30;21;19;27;30;19;27;65;57;40;7;73;185;150;147;132;162;152;146;159;163;165;167;160;149;126;71;59;111;126;138;109;78;66;245;210;201;194;195;189;196;207;227;247;233;223;229;214;205;194;191;197;202;216;225;230;221;185;150;142
155;135;156;167;165;168;143;171;148;172;165;164;165;146;173;174;150;157;164;136;135;161;157;172;155;152;150;132;149;122;165;139;83;159;139;182;180;192;194;154;125;134;146;152;114;110;80;148;133;118;127;111;78;127;144;161;253;141;95;105;162;191;200;174;173;167;129;77;15;11;10;8;17;42;69;102;141;178;202;201;226;191;237;246;248;248;250;249;248;248;250;250;251;251;251;251;252;250;248;245;246;248;251;251;253;254;254;253;254;254;253;252;253;253;253;254;250;253;255;243;251;245;234;224;218;214;206;197;190;161;128;110;101;82;48;19;5;5;7;5;4;11;32;48;87;118;165;192;205;214;209;204;178;157;131;128;113;115;123;128;131;125;119;120;125;128;126;123;122;122;121;120;122;124;121;116;126;124;126;122;119;119;118;124;119;119;121;124;125;125;125;127;123;123;124;121;117;120;124;120;122;104;138;124;1;42;43;46;42;40;41;41;1;69;158;121;90;101;93;91;78;77;83;76;81;79;87;68;73;82;69;90;84;107;103;87;91;94;87;88;79;89;111;93;99;119;133;131;152;49;1;26;15;63;75;90;101;114;78;44;49;62;61;46;61;69;63;52;40;36;24;19;37;122;122;119;130;134;128;161;25;14;34;50;120;31;51;151;130;57;45;51;51;59;67;69;87;95;85;89;74;91;116;66;23;19;19;24;3;142;152;128;139;139;155;146;133;115;122;119;116;92;80;111;112;40;13;15;39;39;37;39;33;41;40;19;41;38;19;18;25;21;16;49;23;52;51;27;16;27;33;14;3;12;17;37;74;70;71;49;49;54;70;73;33;20;31;25;27;21;25;21;25;16;23;28;27;12;31;33;23;29;24;21;33;28;26;27;26;24;24;27;24;23;25;25;25;35;48;54;11;33;36;54;31;18;34;25;33;14;27;36;23;23;27;25;42;36;33;29;4;33;101;67;59;53;68;56;92;92;56;72;102;114;100;116;107;98;194;163;182;134;65;59;139;146;162;175;185;182;184;177;178;192;208;213;199;202;232;241;240;229;198;196;160;134;124;135;160;182
159;137;146;155;161;160;126;152;153;156;168;181;161;163;172;159;135;174;172;136;141;149;153;163;145;186;176;112;164;153;215;121;140;143;81;151;182;169;156;175;128;83;110;137;87;121;147;164;165;155;185;173;154;192;180;159;251;155;136;127;110;118;135;141;156;179;207;233;233;234;210;189;162;139;104;76;42;12;10;17;19;7;32;38;47;51;62;66;71;71;71;74;78;81;83;83;92;93;95;97;103;113;121;124;119;117;115;114;113;110;108;108;95;90;82;74;55;41;36;22;16;16;12;5;2;2;2;2;2;9;27;43;58;79;103;121;158;177;206;232;246;245;237;235;217;202;178;150;141;143;135;130;135;135;131;130;125;130;126;124;122;120;119;120;122;124;123;122;121;121;121;123;123;122;119;118;130;123;123;120;119;122;122;127;121;121;123;126;127;126;126;128;124;118;119;119;116;119;124;121;119;111;136;122;8;32;35;57;45;50;40;38;3;88;147;117;95;101;89;87;89;81;90;84;78;62;79;85;86;73;58;111;100;98;91;90;94;89;94;113;114;118;126;110;142;152;142;137;151;34;9;28;16;62;55;70;104;108;82;52;47;43;50;62;64;80;74;64;52;56;53;51;83;106;117;139;108;121;145;152;21;13;26;79;129;17;42;155;140;97;98;101;100;101;101;89;88;81;64;59;48;101;140;21;2;36;32;10;16;148;133;117;118;92;90;93;96;103;115;106;118;93;81;113;100;5;6;15;37;34;30;23;27;18;12;24;8;15;23;19;22;29;27;9;26;26;15;9;14;17;12;17;25;16;13;26;37;31;74;78;38;31;31;29;22;17;30;26;21;26;27;23;25;28;26;18;31;25;55;53;20;21;32;28;28;27;25;26;26;23;25;26;27;25;25;22;20;26;34;36;35;48;31;22;13;7;9;0;8;3;18;11;9;16;5;7;4;12;7;11;41;93;164;182;194;230;198;204;186;45;19;59;80;97;99;91;75;92;122;118;103;78;114;145;193;205;175;178;184;217;210;210;251;221;178;186;213;192;168;131;110;116;128;150;166;181;203;201;192;193
147;161;160;146;154;142;134;132;124;159;186;175;134;211;198;178;174;187;158;161;132;136;189;180;175;149;132;164;188;160;159;113;90;98;123;112;143;145;135;139;146;188;205;180;194;179;178;182;190;185;179;183;195;185;175;181;245;157;133;129;118;127;122;144;138;133;132;145;167;186;202;216;235;241;244;250;251;247;247;244;245;240;225;214;195;179;176;173;163;156;146;136;128;121;114;110;99;100;97;91;85;80;76;73;79;76;75;77;77;74;73;75;84;83;86;97;100;109;128;131;151;160;173;184;197;212;222;226;243;242;240;240;241;240;237;233;222;209;192;179;178;168;150;146;122;135;148;147;147;143;137;144;136;142;140;130;128;138;126;119;115;118;122;122;119;117;117;118;120;118;121;126;126;121;120;124;123;119;122;124;126;126;118;117;124;121;120;120;120;119;119;120;126;117;118;121;118;121;127;125;121;118;127;108;5;29;39;51;42;46;44;48;1;96;148;116;104;102;83;79;98;92;98;83;102;73;70;76;76;64;52;108;132;130;128;126;122;122;123;124;126;129;124;103;142;139;113;118;137;22;20;30;3;59;74;115;131;106;65;36;48;44;34;34;61;75;66;64;66;79;68;52;80;114;112;120;91;88;113;145;9;11;39;83;119;31;18;174;138;129;95;75;102;86;83;129;172;227;245;252;251;248;201;16;9;9;17;6;45;152;145;119;83;112;124;146;135;116;137;145;141;126;105;115;95;8;30;27;22;12;14;6;23;29;24;22;28;26;25;24;23;18;26;31;25;17;20;31;33;34;17;31;23;36;27;31;45;18;35;35;31;39;47;36;38;15;22;22;24;25;21;25;20;25;23;28;15;26;60;58;24;18;25;19;21;25;25;26;26;26;29;27;29;29;31;30;27;30;33;31;29;35;36;14;52;88;78;84;59;61;58;42;61;56;26;63;131;160;180;204;219;216;201;170;171;128;78;73;94;52;66;111;90;74;87;88;83;92;117;154;165;195;220;198;185;191;211;230;247;222;224;182;120;78;75;75;77;87;104;133;169;195;200;190;177;172;188;201;210;218
167;147;157;186;161;151;172;188;88;193;188;169;138;152;162;166;171;155;124;120;98;160;169;94;87;95;119;146;141;133;134;157;141;152;162;166;172;180;179;173;172;167;196;164;165;158;157;166;149;171;172;162;175;196;187;161;252;158;137;144;117;124;132;118;115;138;144;142;151;158;164;181;174;174;185;177;183;203;204;210;210;218;230;238;240;241;242;245;245;246;246;247;249;250;250;250;249;249;250;249;250;251;252;252;252;252;252;252;252;254;254;254;254;253;252;254;252;242;238;234;218;206;202;197;188;177;168;172;158;165;163;166;158;148;158;162;152;167;166;165;158;152;155;159;159;147;137;155;153;133;123;148;139;131;135;141;112;110;111;137;113;117;127;121;117;120;116;122;116;127;117;118;117;123;122;125;120;117;121;127;119;121;114;119;121;128;122;121;120;126;120;119;120;125;118;122;127;124;122;121;124;119;141;96;14;32;40;48;45;50;48;48;4;102;154;111;121;118;103;97;110;109;116;106;103;99;102;99;108;129;140;149;144;137;122;106;103;104;96;82;92;92;79;74;98;124;135;139;130;6;11;32;20;71;88;109;131;125;98;41;6;30;50;32;64;64;51;50;62;54;52;24;82;123;122;118;125;124;149;192;37;1;38;66;91;44;31;139;198;126;152;231;244;243;252;250;243;209;144;88;42;22;42;1;3;6;52;59;42;28;19;26;92;90;37;30;26;55;72;58;59;46;41;41;17;4;4;5;4;8;77;58;5;2;6;31;25;26;26;26;25;24;24;23;26;28;28;23;22;24;25;23;20;19;23;34;46;31;31;30;36;32;35;36;34;29;24;28;28;25;25;26;25;22;21;23;33;27;38;30;12;25;32;28;24;25;21;29;26;27;20;27;25;21;33;33;26;37;41;29;32;32;31;5;81;127;98;111;98;66;73;74;80;83;100;138;166;130;98;90;68;50;93;99;134;79;80;132;144;213;221;192;190;191;207;223;207;201;212;195;190;186;185;230;251;244;218;200;133;90;62;36;47;92;151;178;180;195;203;197;186;177;180;189;212;204;207;184;136;105
170;151;146;143;120;134;138;96;54;136;134;98;91;89;99;140;131;141;127;143;131;140;147;147;164;188;186;140;149;156;171;175;174;172;177;180;167;153;163;185;160;136;135;107;128;147;160;166;161;165;185;177;164;177;179;170;240;180;129;125;118;119;129;141;119;133;139;131;167;166;175;175;184;184;198;194;193;200;197;207;196;198;199;197;194;194;197;200;191;191;192;193;194;195;194;193;193;193;193;193;193;192;192;192;191;190;187;184;183;182;182;182;184;180;172;169;166;163;165;165;164;162;161;164;165;165;167;169;176;175;166;166;168;169;177;174;171;168;168;159;164;153;143;152;147;154;148;144;144;144;138;138;131;130;115;132;127;122;121;116;111;124;113;122;122;117;123;117;121;126;123;119;117;121;118;120;123;118;120;118;119;119;118;126;119;121;121;117;123;121;119;117;122;118;114;120;129;119;120;119;112;121;151;80;3;35;51;52;59;54;48;46;5;116;145;118;118;127;124;111;113;116;133;139;140;129;127;126;132;124;103;111;112;97;85;86;93;102;116;129;121;123;126;102;143;175;155;132;130;14;22;20;9;69;80;106;130;113;125;125;77;49;56;47;48;49;41;45;45;37;56;61;117;131;133;142;157;142;152;195;40;1;48;60;85;53;39;37;5;101;167;183;183;140;70;31;7;1;11;17;93;144;185;228;211;199;169;91;108;124;99;97;217;143;101;124;124;127;126;126;104;113;128;116;101;117;122;143;161;180;192;162;187;120;2;15;24;25;26;26;25;24;24;24;23;26;26;23;23;26;27;25;31;25;25;35;41;33;37;37;38;34;36;41;29;23;30;21;23;22;22;24;25;26;28;30;14;43;44;23;19;25;19;15;24;21;27;21;24;21;23;21;8;12;9;6;7;9;6;3;2;3;2;24;145;182;158;198;194;181;190;128;85;134;156;130;90;108;87;107;83;71;165;156;181;114;37;65;66;173;176;171;175;182;162;158;183;193;205;231;242;250;216;171;101;78;53;27;53;76;112;151;205;210;187;181;182;172;166;181;205;209;194;181;159;115;92;98;121;149
140;121;111;105;100;121;161;167;127;152;176;154;188;209;186;138;164;188;169;169;180;186;179;176;174;168;181;170;183;171;176;158;175;158;162;186;188;166;160;174;146;167;192;176;165;158;163;169;174;184;198;171;162;190;186;173;238;189;146;139;121;123;123;125;126;135;126;138;142;149;162;177;175;172;185;189;191;192;189;201;201;204;205;204;201;198;199;200;201;202;204;204;204;203;202;202;200;201;201;201;201;200;198;197;199;198;197;196;196;197;198;198;194;192;188;183;181;181;181;180;170;174;166;168;168;166;174;170;162;169;167;164;160;160;165;162;164;155;162;160;153;154;156;159;144;146;145;138;137;134;131;126;131;126;123;115;117;126;115;122;119;125;120;121;120;123;112;118;116;113;123;115;115;120;119;119;126;122;124;115;123;117;118;126;121;120;118;119;125;123;118;117;125;122;117;123;120;117;119;118;120;121;154;70;15;44;49;38;36;37;42;32;3;120;127;117;127;124;122;116;130;135;125;114;95;87;87;80;76;62;57;100;127;127;128;132;135;139;146;153;153;147;142;130;153;161;148;154;124;1;22;29;18;57;56;128;130;116;108;117;114;111;123;119;118;130;122;123;119;104;67;19;68;124;130;132;123;114;120;135;19;1;43;54;73;48;64;66;4;1;3;7;1;4;22;36;36;94;192;232;205;157;154;114;132;189;195;182;191;196;183;178;148;218;238;229;234;208;185;233;241;216;215;212;167;199;232;184;161;159;159;173;144;206;104;7;24;25;26;26;25;25;25;25;22;25;25;23;23;26;27;26;29;24;25;42;40;35;35;32;37;41;33;38;25;12;28;24;26;27;28;27;26;24;21;18;28;49;33;16;20;16;10;0;5;1;17;5;6;12;10;7;24;24;23;31;30;35;65;83;104;119;159;193;201;182;184;183;137;120;162;123;81;109;86;75;47;35;42;43;51;61;56;30;53;52;72;121;175;192;173;169;174;205;222;231;252;249;202;170;112;82;29;48;83;128;144;167;192;214;224;199;189;188;190;195;218;217;210;193;165;131;110;108;128;136;163;174;170;170
184;193;180;172;199;200;194;185;180;174;187;154;167;164;175;177;177;172;158;164;174;169;162;152;177;157;150;156;156;173;186;170;181;181;174;169;183;197;187;164;166;183;191;189;185;183;179;168;161;174;174;165;178;183;166;170;247;188;119;106;114;140;123;127;123;124;119;142;160;156;163;168;181;171;175;180;186;188;184;190;185;189;195;197;197;195;194;194;192;194;195;195;194;193;193;194;192;193;193;193;193;192;190;190;195;195;193;191;189;188;186;186;178;180;183;179;178;179;173;169;171;175;162;165;162;154;164;159;168;166;161;162;168;169;163;153;162;160;155;157;144;152;151;141;153;142;144;142;139;124;124;123;121;123;138;119;122;127;105;123;115;119;122;117;113;121;107;123;120;111;127;115;114;118;115;115;111;114;118;114;125;120;115;123;108;124;126;127;114;117;118;131;126;121;130;114;123;110;130;118;111;118;158;46;2;30;53;58;59;48;63;8;26;114;146;142;127;118;116;110;115;111;88;79;94;80;87;96;109;113;118;154;129;133;137;138;137;134;131;129;130;153;125;123;122;133;133;137;101;6;29;21;26;99;88;153;126;123;125;130;115;118;134;114;75;63;36;41;56;89;115;125;149;168;125;146;139;140;159;177;17;24;34;60;77;30;27;101;107;101;111;117;114;129;139;122;115;189;190;121;43;2;3;6;36;125;124;134;118;125;76;12;120;126;61;63;143;152;130;103;109;173;194;163;164;140;84;166;172;85;70;199;58;29;158;22;23;24;25;26;25;25;25;25;23;26;26;24;24;25;26;25;24;19;22;45;38;36;34;29;30;35;24;30;33;21;25;30;25;25;21;17;19;26;32;34;19;33;31;25;22;57;137;159;132;124;84;81;72;96;147;155;164;139;145;180;172;166;192;186;170;162;128;138;157;83;69;88;80;96;132;110;74;94;94;101;90;84;90;95;98;109;131;151;179;196;216;208;182;195;220;229;241;221;183;132;88;41;20;50;73;95;144;204;217;218;198;175;182;173;186;195;205;219;199;156;125;119;108;105;114;129;147;164;151;148;158;161;161;167
153;167;146;122;142;143;143;144;158;148;169;168;169;157;175;165;165;175;193;199;181;162;176;190;169;190;179;179;166;174;171;170;178;183;179;169;166;173;175;170;181;180;167;166;174;188;193;183;187;191;184;204;225;211;202;210;235;201;143;145;116;125;128;117;130;143;130;148;104;143;152;149;178;173;173;175;180;186;185;186;188;189;189;189;188;189;191;192;190;191;192;191;190;190;192;193;194;193;193;192;191;190;189;188;189;189;189;188;187;184;182;180;175;174;178;171;170;174;167;166;171;171;159;166;162;150;160;159;153;155;159;155;148;147;157;171;183;164;175;156;152;158;147;150;133;131;137;132;135;133;137;131;121;130;118;119;133;125;116;116;102;116;104;113;111;109;117;120;118;108;125;115;114;118;116;117;115;121;119;120;124;125;113;123;129;129;119;116;120;127;118;111;113;110;107;113;110;111;117;112;121;132;157;22;8;53;83;84;43;44;47;20;36;104;113;117;114;102;97;92;99;111;117;137;123;115;133;152;155;151;141;137;144;131;124;126;121;108;103;107;90;76;58;104;122;117;117;150;86;1;19;30;24;59;48;142;182;136;70;61;83;78;80;97;148;183;217;249;250;250;247;248;241;188;120;120;120;111;119;144;3;17;27;65;72;29;34;147;139;134;134;133;124;115;106;96;68;125;33;6;29;12;6;111;161;98;77;105;159;164;80;50;100;70;58;27;74;110;52;11;6;11;33;113;148;95;17;29;207;52;45;182;121;24;90;28;23;24;25;26;25;25;25;25;24;26;26;25;24;25;25;24;29;21;20;40;34;36;40;39;32;31;30;28;29;32;27;19;17;24;28;29;28;26;20;13;30;30;26;26;33;73;138;120;102;103;108;113;92;88;82;76;96;78;87;118;104;90;100;78;96;77;58;97;148;110;144;154;165;137;125;182;194;192;206;189;195;201;209;226;208;204;220;195;199;210;212;241;235;226;172;134;74;15;29;82;108;129;155;181;193;216;213;171;158;160;186;212;221;208;187;163;135;100;73;80;108;125;137;142;149;151;149;147;161;159;160;152;146;148
156;162;172;179;168;146;157;174;157;166;184;176;157;170;191;138;161;166;162;159;174;183;172;156;166;183;187;197;183;172;179;183;187;180;184;194;191;177;177;190;167;178;180;178;175;182;193;197;207;220;197;179;180;184;150;66;219;220;112;125;126;118;126;126;120;134;135;150;12;115;167;162;162;167;171;171;173;178;181;182;187;186;185;185;185;187;189;190;185;185;185;185;185;186;188;189;190;189;188;187;185;184;183;182;179;180;182;183;183;182;180;179;177;173;179;172;170;173;163;165;167;164;156;162;158;146;152;155;158;150;150;149;151;155;161;172;7;6;143;157;149;149;138;141;138;140;138;129;127;125;123;118;132;131;111;113;128;126;116;118;121;118;115;118;119;118;122;119;117;112;122;116;115;118;117;119;116;118;113;116;116;124;116;125;114;122;129;120;125;123;134;139;138;132;127;147;150;150;149;149;146;137;140;26;59;82;65;34;36;49;39;41;41;99;94;120;122;122;126;139;147;149;141;147;138;139;151;157;136;128;143;142;134;120;102;90;88;93;98;100;123;132;151;132;153;183;169;162;41;6;32;26;8;12;1;54;103;115;168;230;253;252;253;253;250;240;202;147;92;58;30;12;10;31;104;105;109;100;112;157;25;11;38;67;47;13;64;156;113;87;76;68;47;31;16;1;5;12;48;46;8;21;18;137;108;45;62;53;61;32;86;112;69;90;99;110;104;49;57;103;46;16;9;84;111;175;204;120;144;121;90;135;110;47;11;12;23;24;25;26;25;25;25;25;24;25;26;25;25;25;25;25;30;22;22;38;37;36;40;40;40;36;47;32;10;23;31;19;27;26;23;21;22;27;32;34;23;30;20;8;9;24;85;97;94;87;103;98;99;104;114;122;105;116;120;124;120;118;125;117;83;31;50;122;167;158;174;83;45;62;84;124;157;174;173;169;168;177;173;160;173;188;192;242;240;201;158;116;80;36;48;71;96;165;215;216;215;218;199;180;183;165;182;189;221;224;212;173;126;95;90;104;111;139;164;179;179;183;175;162;162;169;169;166;160;161;166;163;163;165
194;183;171;176;175;182;188;182;186;201;184;169;175;170;187;198;197;189;179;182;191;193;184;186;172;178;177;182;179;187;205;192;192;194;189;182;186;197;196;187;171;177;189;194;194;178;154;134;119;105;102;110;84;60;75;83;226;220;130;150;121;113;132;129;133;118;144;143;54;119;164;148;161;168;171;173;172;173;176;175;175;176;178;180;182;183;182;181;182;181;181;181;182;184;185;185;184;184;184;184;183;181;180;179;181;181;180;178;176;173;170;169;169;162;170;166;164;165;152;156;156;154;154;156;154;150;151;155;148;150;159;155;150;153;158;172;10;14;155;162;138;144;140;141;134;137;132;132;133;133;128;134;120;128;123;124;122;124;109;118;120;102;120;111;114;116;113;112;118;119;115;113;109;109;105;110;128;127;130;131;135;142;140;144;160;159;151;153;145;142;137;145;137;123;138;100;131;88;110;92;91;91;103;24;87;95;74;57;14;25;38;16;60;111;126;144;141;150;145;151;147;148;146;148;147;138;117;117;101;96;134;146;139;155;162;157;161;170;163;146;145;124;109;52;101;183;161;108;26;12;32;23;33;21;32;54;7;2;30;70;102;115;81;47;12;2;4;10;20;28;50;77;122;101;133;109;118;128;143;179;30;11;32;58;47;16;59;74;17;10;2;5;14;11;14;31;5;121;161;102;25;9;59;120;94;18;82;71;50;33;46;37;40;112;123;91;88;118;140;104;50;83;53;76;18;11;101;129;141;104;70;110;119;46;17;29;24;25;26;26;25;25;25;25;24;24;25;26;25;25;25;25;24;21;25;39;45;33;33;30;33;29;24;18;6;1;2;1;4;3;3;4;3;0;0;0;1;3;3;6;24;28;86;126;141;186;194;226;226;182;191;152;29;36;36;39;51;58;46;27;11;17;12;51;85;45;42;40;97;138;184;180;189;184;157;172;182;200;215;221;223;238;188;107;40;16;36;74;85;141;204;197;199;186;180;181;173;176;198;209;208;216;220;175;152;116;94;83;116;151;154;154;171;168;141;157;147;157;158;151;151;154;154;154;156;155;159;161;168;170
181;190;172;166;162;169;174;184;174;170;170;185;198;171;176;206;195;179;181;192;183;185;187;193;192;200;172;178;186;186;184;186;175;179;181;181;181;183;190;194;186;183;190;180;180;184;196;210;219;213;210;219;239;248;243;238;211;192;144;170;133;136;134;131;125;119;124;136;160;157;132;164;153;156;158;167;174;176;180;179;178;177;176;176;177;177;176;175;176;175;175;176;179;180;179;179;174;176;178;179;179;178;176;175;176;176;175;174;173;172;171;171;166;155;162;157;156;158;148;156;154;154;158;154;151;151;148;150;152;152;158;153;155;166;166;171;187;187;189;150;145;164;143;146;137;147;135;129;126;129;119;122;111;140;116;126;114;110;125;128;119;114;129;133;137;127;150;138;140;147;139;144;144;147;147;155;145;139;147;139;140;133;128;121;95;95;72;99;73;83;62;81;49;66;77;43;62;53;79;71;97;108;109;17;84;103;110;116;120;109;66;16;46;140;140;150;143;152;135;135;127;124;112;98;99;101;84;107;114;109;153;176;153;155;147;130;123;128;129;124;123;113;123;112;116;141;135;130;35;10;25;22;38;1;74;138;78;22;33;31;2;10;30;39;70;83;111;121;128;120;120;123;126;124;130;125;124;130;119;105;1;27;30;44;54;31;41;4;10;25;31;24;22;28;31;28;14;68;87;82;27;27;153;82;75;70;73;120;56;4;23;4;6;58;55;11;10;58;97;84;117;82;81;76;68;89;63;127;161;79;102;173;162;39;6;28;24;25;26;26;25;25;24;24;25;25;26;26;25;24;24;24;24;23;28;37;47;30;27;24;34;38;24;74;135;123;112;131;82;84;91;99;102;99;96;97;169;164;164;172;199;196;212;208;193;184;147;103;65;60;56;63;60;51;66;81;88;100;94;75;94;106;96;126;159;171;195;210;221;204;186;191;192;183;219;229;225;204;150;122;92;57;41;60;88;128;164;205;213;199;176;158;165;175;181;190;199;216;215;175;147;111;95;82;100;122;148;168;154;145;154;160;143;158;160;152;159;155;144;141;149;153;150;147;154;152;153;152;154;153
165;179;185;183;161;163;178;204;173;174;188;186;179;191;188;165;176;163;184;176;163;178;181;185;179;185;182;183;190;182;176;184;183;184;193;198;191;188;196;205;199;187;181;191;199;196;193;194;206;183;186;193;186;183;183;185;192;198;127;75;169;116;126;149;149;135;138;153;131;128;151;136;150;160;153;163;164;176;168;173;179;174;181;177;173;177;169;175;178;175;170;179;178;176;179;181;175;172;178;176;172;172;178;173;174;166;174;174;165;170;172;167;175;162;162;166;164;162;161;168;163;146;162;149;152;158;145;145;163;134;142;137;141;149;130;146;162;157;147;153;139;149;153;142;124;134;127;137;131;137;131;131;132;138;125;141;131;129;146;139;141;119;137;144;120;137;133;118;130;108;113;97;98;74;91;75;80;58;66;44;52;47;62;51;52;68;61;92;75;86;86;114;97;139;115;121;126;131;135;146;139;160;102;4;67;99;109;94;101;72;48;35;68;143;130;137;111;113;98;101;111;110;118;120;123;110;126;126;130;101;158;140;133;132;136;137;143;149;147;148;158;155;157;152;137;140;144;122;10;15;38;30;28;1;92;142;138;94;68;107;125;106;119;140;127;126;124;113;127;138;142;130;121;108;91;74;55;34;14;4;26;33;25;41;44;37;59;15;25;35;29;26;28;23;20;19;24;5;67;64;119;100;78;60;73;87;73;40;31;53;40;49;26;41;42;60;69;47;51;21;30;11;57;41;17;28;49;121;78;50;102;178;147;30;15;29;27;28;24;28;23;22;32;24;23;27;27;26;26;24;24;30;30;27;20;33;46;26;29;31;26;14;7;83;143;130;128;114;98;103;112;101;97;90;86;87;145;134;119;113;93;86;106;99;86;104;127;112;102;131;111;142;232;209;199;195;189;195;207;212;210;227;225;216;214;201;183;181;177;194;226;228;221;208;183;134;79;50;56;75;79;116;175;203;201;208;189;157;150;154;164;190;193;215;197;192;183;129;92;88;104;128;155;167;165;161;161;164;177;173;169;172;173;160;153;163;159;158;161;167;171;170;166;162;164;158;163;168;165;166
184;187;187;192;185;183;176;178;190;180;187;190;181;181;184;177;204;193;193;184;186;195;189;191;189;187;178;187;189;172;180;203;192;188;190;194;193;192;193;193;183;181;191;190;188;187;178;183;185;175;188;200;203;211;214;213;223;196;154;40;163;33;154;117;76;150;155;134;156;149;192;141;150;168;162;157;158;151;158;154;167;170;170;174;169;175;178;175;176;175;175;172;181;180;174;167;176;181;175;166;172;171;169;170;169;172;168;163;171;164;156;159;161;157;157;160;153;164;150;156;155;152;145;136;148;166;157;147;126;152;183;172;142;129;138;175;149;120;130;144;156;155;126;124;132;151;148;139;146;142;119;132;133;91;111;104;72;103;39;27;93;18;67;57;38;86;29;41;50;26;49;54;57;47;95;62;79;76;106;101;117;116;130;118;138;145;140;136;147;145;145;139;139;151;138;147;154;156;137;134;130;167;98;26;54;60;23;13;12;28;37;55;96;92;127;125;91;100;103;125;137;121;104;86;77;41;58;51;56;51;146;154;144;148;148;150;153;148;141;137;126;126;116;117;115;124;125;77;7;22;31;19;20;27;101;129;103;107;98;106;114;118;132;128;129;125;120;101;92;71;54;35;18;14;8;6;6;11;21;30;12;29;24;46;38;23;46;30;23;26;21;27;34;27;25;26;21;25;61;56;108;51;8;33;11;44;109;14;13;26;29;35;23;3;32;18;64;91;43;39;10;18;40;29;20;41;91;159;68;15;101;173;98;33;1;34;19;28;23;23;29;25;24;27;27;25;25;22;29;25;24;23;21;23;34;36;60;27;26;33;38;15;1;44;40;29;43;10;33;59;80;77;70;74;68;69;114;110;107;125;105;83;117;137;94;140;171;146;121;107;76;69;153;161;162;162;175;183;175;175;169;164;161;163;174;193;215;230;221;198;162;111;73;59;63;37;86;110;136;156;178;189;175;152;159;159;157;169;200;228;226;205;185;151;97;92;109;113;135;157;159;154;145;142;149;155;151;143;151;151;146;144;147;146;148;157;147;160;169;162;150;147;154;161;157;150;150;151;145;144
182;181;179;185;185;187;181;180;189;185;192;193;177;172;185;194;175;192;192;184;184;178;175;188;179;196;186;188;193;189;202;204;191;185;185;187;189;191;190;185;194;193;209;204;208;219;206;208;224;217;219;208;192;186;175;162;173;205;159;119;189;29;126;112;31;146;111;20;80;190;66;103;142;164;135;137;155;128;159;147;152;122;149;147;160;137;138;146;169;141;147;130;140;158;159;156;141;142;158;159;146;131;147;158;168;164;116;143;152;157;151;145;117;157;146;155;151;120;133;148;117;159;124;142;148;111;134;141;119;147;84;93;151;128;151;84;58;144;114;126;44;48;129;143;130;14;42;129;70;20;62;87;56;10;73;91;63;98;53;69;116;55;91;82;66;129;72;121;104;118;120;121;138;131;142;142;147;147;165;153;149;145;152;146;146;144;142;133;157;142;153;157;160;143;149;134;134;127;122;125;123;149;85;44;47;58;39;71;55;32;28;26;97;124;137;152;132;167;138;124;136;87;45;59;79;96;145;158;161;126;139;134;128;135;122;117;113;103;107;111;112;105;92;112;123;129;123;62;6;29;30;20;18;63;118;141;102;120;118;115;111;104;92;64;58;43;27;10;4;1;6;11;16;18;23;26;26;25;27;29;33;39;22;47;37;22;34;30;24;29;21;19;22;23;28;29;23;12;82;41;56;67;24;26;19;93;84;14;30;25;17;23;29;26;20;11;22;33;93;152;66;15;74;108;105;94;67;133;135;9;98;186;58;57;28;24;26;35;33;22;30;38;34;37;30;30;33;28;31;27;31;30;47;21;26;30;53;19;1;1;0;14;47;131;155;166;180;179;177;105;82;99;93;107;104;81;133;130;115;119;107;101;139;159;142;118;82;47;36;25;70;115;172;174;165;162;177;165;152;180;184;210;228;232;230;208;161;121;54;51;57;70;84;108;147;152;160;180;174;167;176;167;162;184;182;193;209;213;174;129;105;77;92;107;126;153;158;153;158;149;143;150;152;147;144;148;152;153;145;153;153;150;154;157;158;158;161;160;156;151;153;156;152;143;139;134;135;136;134;135
194;194;192;191;188;190;195;200;185;185;182;185;190;198;203;197;177;191;184;188;198;192;187;186;187;193;180;198;206;191;197;193;198;198;201;202;204;211;218;218;216;216;219;205;194;192;184;185;185;173;162;143;135;149;160;164;186;222;151;155;156;97;142;132;102;149;115;26;90;179;20;13;168;158;10;23;142;184;105;40;147;132;145;113;81;144;121;155;63;101;148;114;170;67;91;137;116;158;94;80;161;109;148;94;33;120;140;130;115;18;102;122;131;158;31;17;116;147;163;12;9;76;171;160;38;7;10;171;200;50;9;7;142;190;98;7;7;135;195;97;9;9;143;144;39;7;45;146;59;16;47;109;70;60;91;139;114;150;142;144;135;142;140;147;138;126;143;143;147;138;141;129;137;143;149;140;152;143;139;141;135;145;141;141;131;139;130;132;124;105;96;108;72;64;82;79;65;77;82;102;123;133;51;53;69;60;58;32;42;62;105;64;83;208;177;153;142;125;121;133;127;141;171;159;180;154;146;139;118;137;137;119;111;122;110;115;121;113;121;121;112;105;96;110;124;126;87;1;19;26;23;29;34;69;73;73;54;46;26;18;15;11;9;1;7;8;16;25;30;27;27;29;31;29;28;29;29;28;24;21;19;23;21;47;40;29;38;28;16;26;29;33;29;22;23;22;18;3;87;59;68;63;12;45;38;117;45;3;27;24;26;27;15;23;30;22;12;58;94;54;139;74;97;83;51;67;21;19;78;9;87;171;37;11;2;6;6;0;2;0;0;4;1;4;1;1;0;0;0;2;2;0;1;1;4;1;4;5;17;69;138;156;200;218;191;151;135;97;115;59;55;60;44;64;75;45;63;78;83;77;65;62;67;67;43;57;93;144;194;195;215;223;189;174;171;175;192;208;215;230;227;184;127;85;58;39;39;53;84;78;102;132;151;164;173;176;170;168;154;158;182;189;194;219;231;177;118;102;90;96;136;147;148;154;155;153;142;143;152;144;142;145;146;145;143;147;155;161;145;153;157;156;159;160;156;150;150;145;140;140;145;146;139;130;137;136;139;143;145;147
185;184;184;184;186;186;186;185;183;193;186;183;188;193;196;187;203;202;189;196;204;202;203;190;201;203;187;204;212;200;207;198;200;202;203;198;186;179;175;169;171;163;152;165;182;187;186;172;177;186;207;217;222;224;216;212;203;192;124;125;147;169;145;177;184;153;180;127;163;180;103;91;169;158;51;13;168;195;58;10;76;193;174;11;19;96;216;118;16;12;109;196;104;11;7;122;196;151;11;8;91;185;180;12;14;30;191;181;26;7;6;174;172;92;8;12;121;198;147;7;8;49;184;161;22;7;40;168;146;114;7;41;168;134;154;35;70;152;137;138;87;115;163;130;121;120;157;128;134;147;155;147;153;146;140;113;111;126;143;128;141;138;154;157;148;156;144;157;139;149;161;153;156;135;145;118;133;117;97;114;102;110;81;77;72;86;53;52;46;70;52;42;85;74;102;89;112;111;131;147;123;142;103;101;112;126;133;133;124;135;114;94;78;121;107;131;145;145;146;152;143;139;142;118;93;111;115;111;107;125;107;117;118;122;109;122;136;133;138;131;134;113;116;131;129;105;55;9;33;29;24;21;20;24;7;1;6;12;15;19;21;24;30;29;27;26;24;24;23;25;26;26;26;24;21;21;24;28;28;28;24;27;38;42;26;18;39;26;27;26;25;30;25;15;18;21;15;40;81;45;54;51;28;22;24;63;109;26;15;32;36;15;35;25;17;19;45;87;55;50;62;52;33;39;51;122;142;111;60;9;40;116;82;68;80;87;98;84;86;95;100;83;64;79;97;92;85;97;95;108;92;76;100;85;114;148;160;201;221;202;171;126;110;172;24;15;61;66;70;104;144;129;124;122;129;120;137;117;113;108;119;144;160;182;189;221;235;209;190;186;186;179;197;207;250;245;208;193;137;60;53;34;48;69;69;88;125;141;151;152;176;173;162;165;158;168;157;183;205;204;195;193;177;148;80;100;116;146;157;149;153;143;153;149;142;145;147;143;146;151;153;146;143;145;147;147;150;155;153;152;151;151;152;153;151;146;142;137;137;141;141;137;136;139;143;144;144;144;145;145
184;184;188;186;192;190;190;186;179;200;197;194;186;175;186;198;183;188;191;196;188;188;203;199;197;207;195;191;186;180;184;168;165;161;160;162;169;184;203;212;199;211;208;218;211;195;207;208;201;193;188;177;172;173;172;178;181;204;181;91;102;151;77;147;108;139;128;170;127;126;170;185;131;146;185;159;163;142;182;115;160;151;152;114;111;166;152;166;62;65;170;159;165;46;46;166;143;148;60;74;173;149;140;118;35;134;160;131;135;67;115;173;122;153;102;106;176;98;168;128;129;172;120;143;155;132;181;136;113;162;171;164;142;103;129;187;174;133;95;128;168;145;119;100;146;166;121;119;134;125;126;114;121;156;113;166;125;127;118;141;120;119;109;90;116;114;91;137;64;120;57;73;97;82;67;69;60;57;50;75;68;85;71;83;73;121;138;151;147;177;184;181;202;188;191;160;173;138;127;160;170;160;115;133;123;110;72;85;100;129;119;144;173;151;159;166;129;138;131;127;119;114;120;114;125;143;111;78;121;115;82;120;128;129;122;127;124;119;128;127;133;119;122;99;51;8;1;29;21;27;31;21;23;26;32;42;30;29;28;27;22;19;23;29;32;33;27;25;22;28;26;25;24;27;29;29;27;26;24;23;31;23;29;30;29;30;47;29;23;24;16;11;17;38;57;52;73;67;99;68;21;35;60;47;13;54;175;90;2;28;18;31;17;24;30;23;13;59;62;58;55;69;83;72;78;116;59;67;37;59;106;113;128;158;174;142;139;145;135;130;145;134;109;113;144;147;150;164;158;166;146;124;157;173;169;164;159;111;99;103;99;91;66;146;107;90;131;124;73;135;185;155;156;155;173;178;181;173;194;203;206;208;193;195;189;170;169;190;214;236;231;235;202;169;96;34;50;65;44;61;80;114;120;125;161;178;178;192;195;192;193;172;164;192;197;207;224;201;175;132;85;84;102;99;143;154;148;150;146;133;141;153;148;153;149;145;146;144;146;155;141;143;150;156;155;150;150;155;155;148;146;147;144;142;140;136;143;132;128;135;139;135;134;139;139;141;136;133;135;135
180;179;182;177;183;181;185;181;191;202;190;196;204;193;195;200;200;199;195;190;180;176;178;172;181;180;182;194;191;183;190;194;214;211;214;214;204;195;191;189;186;190;186;193;189;179;184;184;189;189;193;192;198;207;207;213;189;188;226;113;87;111;66;178;35;151;136;133;114;144;152;150;164;119;151;162;145;112;133;166;134;134;132;164;162;133;120;136;170;170;159;111;157;164;182;158;116;147;171;164;145;116;108;159;189;150;132;110;134;173;167;118;113;142;166;176;142;106;132;150;167;134;128;128;124;185;145;118;119;125;167;131;142;117;169;134;137;149;117;168;140;147;130;140;143;113;141;132;121;113;119;143;104;76;105;100;67;80;5;82;44;30;80;8;82;56;38;90;14;91;59;107;94;110;112;140;155;160;164;177;183;199;199;211;188;180;165;151;128;108;93;75;51;52;22;32;17;31;6;135;206;140;49;140;160;180;227;244;252;246;251;225;186;145;146;116;132;130;118;126;134;131;134;127;124;121;124;103;119;121;126;141;137;136;142;140;119;107;111;111;49;42;19;1;11;30;30;31;23;27;26;21;31;24;23;19;29;20;19;24;27;26;26;33;17;23;23;29;26;30;24;22;25;26;25;23;25;29;30;30;30;23;25;33;39;32;24;18;1;17;26;33;48;79;101;92;113;117;160;127;21;27;51;70;47;59;77;51;15;36;18;29;25;29;29;9;32;60;17;14;41;39;64;55;99;151;24;33;63;88;114;96;113;84;72;91;84;92;84;76;83;95;87;62;65;77;100;108;102;98;90;69;98;123;108;102;70;21;83;144;158;156;166;207;114;65;67;51;9;95;160;125;116;130;159;164;165;167;174;168;156;167;184;187;197;238;248;201;144;120;80;42;44;39;63;76;89;103;115;153;191;184;198;211;200;190;183;167;173;181;189;213;225;224;190;157;114;92;94;121;143;152;156;154;151;146;143;153;160;154;153;162;149;151;147;139;143;152;152;150;156;154;150;149;152;155;153;148;156;152;155;156;149;147;146;141;149;145;144;145;142;136;139;147;135;140;136;132;137;138
197;193;196;197;215;221;224;217;206;215;193;192;200;184;174;168;174;172;168;167;175;186;193;198;187;190;191;189;187;194;201;198;182;182;189;192;184;179;185;193;207;195;186;186;194;197;193;188;192;189;179;156;139;123;100;90;107;133;182;138;123;151;56;174;33;88;153;42;36;169;112;24;142;152;124;106;165;125;166;136;136;139;132;137;130;155;118;142;168;146;151;116;130;175;138;150;127;133;157;169;127;138;142;166;156;143;142;130;147;153;158;146;113;166;157;127;151;126;148;157;101;153;127;132;150;84;122;135;141;142;49;78;141;144;117;10;37;137;115;83;7;34;143;108;9;6;68;66;17;7;85;67;12;11;86;31;52;95;71;136;114;94;174;128;156;169;158;180;170;181;170;186;170;182;163;156;127;114;102;81;79;60;26;2;19;4;2;9;3;2;14;15;25;36;45;60;61;41;2;159;161;82;111;239;246;247;200;143;109;92;68;54;84;106;100;123;125;129;123;135;134;113;106;104;112;115;141;135;121;124;120;101;97;74;66;50;23;12;10;5;8;16;9;19;33;24;20;29;23;27;25;25;35;24;26;28;24;26;30;28;29;31;24;19;32;32;25;27;20;25;25;31;30;26;22;22;26;28;22;13;17;29;29;36;30;19;25;67;73;76;92;115;120;124;145;155;138;147;167;162;32;28;50;43;45;47;19;2;44;15;35;21;20;34;17;10;59;39;6;47;48;30;17;91;109;64;5;47;46;25;35;45;88;98;105;102;93;73;85;104;92;106;120;77;79;89;122;125;130;122;122;97;131;137;104;120;78;63;129;139;120;127;132;84;4;25;25;55;97;156;192;191;208;190;168;177;175;178;186;218;234;239;240;204;180;126;74;57;43;34;48;66;118;141;151;141;176;201;186;208;171;185;176;166;176;181;193;221;228;216;175;165;130;99;103;108;131;159;169;163;165;163;159;164;168;163;160;152;151;156;149;141;147;141;151;158;154;155;160;167;156;162;160;151;149;154;152;144;138;138;143;142;135;139;145;141;149;145;142;142;140;136;133;133;134;140;137;134;140;139
194;207;207;194;170;167;167;174;150;158;165;168;175;182;183;179;182;187;189;197;212;205;195;200;176;189;190;180;189;198;192;196;196;207;203;213;199;206;202;196;186;171;177;161;143;143;131;129;120;119;130;137;143;159;170;172;184;186;152;52;60;145;84;148;126;113;196;114;59;179;106;15;73;177;79;15;74;156;128;28;62;137;137;107;69;107;124;156;107;40;133;135;167;100;64;114;141;163;98;15;127;122;139;112;11;51;120;150;128;8;9;137;131;127;7;7;111;149;131;9;8;69;145;155;25;8;23;157;151;18;4;5;159;151;45;6;13;123;148;51;10;90;139;104;27;64;125;136;52;80;127;127;118;156;172;152;144;161;164;148;146;142;126;112;92;81;85;73;69;56;42;30;18;6;2;4;2;2;2;6;13;16;23;35;44;40;47;50;47;55;64;57;58;47;43;52;68;28;54;174;135;94;99;51;28;82;79;46;58;81;87;94;114;117;111;121;125;134;124;120;134;135;132;147;162;143;113;75;56;62;17;25;36;2;4;9;11;23;23;25;33;22;25;31;30;23;19;30;24;27;33;24;24;20;26;24;23;26;25;25;23;31;25;31;23;27;26;30;25;28;24;25;20;20;12;15;4;0;6;30;15;19;37;43;40;36;28;158;164;161;146;144;153;141;154;172;171;179;208;198;62;4;11;3;6;18;23;19;5;13;6;17;8;18;21;21;32;50;59;52;52;60;37;38;21;17;13;22;6;2;47;122;165;181;191;198;211;230;251;238;220;212;168;59;44;59;91;107;100;96;79;43;93;128;107;99;101;90;110;125;52;57;72;89;155;173;202;213;211;184;177;168;151;164;193;208;245;212;203;163;104;73;41;17;35;44;67;86;100;126;157;171;178;181;195;198;183;178;173;153;168;187;206;216;220;209;178;146;116;95;86;96;121;145;155;163;158;138;133;150;160;154;153;162;157;145;158;154;148;160;157;155;159;163;167;169;168;166;164;164;161;160;159;157;154;152;151;151;154;152;150;149;150;153;155;157;152;147;143;144;143;140;137;137;135;141;140;134;133;133
178;174;155;155;165;179;191;183;200;206;211;209;204;202;203;203;178;194;201;190;197;189;186;184;220;212;232;236;214;205;195;177;158;158;137;121;114;128;127;108;119;125;138;148;159;169;175;182;190;192;205;213;213;218;221;221;216;188;181;87;46;69;62;60;93;124;118;162;184;169;191;168;163;169;165;47;99;193;134;37;35;144;146;79;21;91;131;155;57;9;88;152;147;49;7;62;139;145;54;10;15;157;146;52;9;7;150;165;77;13;9;151;146;124;8;10;112;152;134;24;4;105;154;161;119;50;134;177;173;125;88;135;180;168;192;135;178;186;146;174;152;177;142;160;163;163;158;161;138;153;144;126;112;105;88;60;30;7;2;2;2;5;2;2;2;2;7;2;8;3;7;19;26;26;31;40;53;54;48;44;47;50;53;57;57;47;50;53;45;47;54;53;41;43;47;40;44;17;72;148;139;49;2;10;72;80;64;95;91;99;102;108;117;109;104;119;120;136;141;143;143;121;93;86;40;22;12;14;8;46;32;115;30;18;30;37;30;25;23;26;31;24;26;26;26;27;25;31;28;24;27;22;25;25;32;29;27;27;26;22;24;29;26;31;31;27;23;20;15;11;10;12;13;32;48;63;70;89;120;171;37;9;30;35;31;26;7;163;160;164;166;190;200;211;189;192;176;156;157;101;42;56;61;59;50;34;36;26;34;28;24;21;33;30;28;44;33;2;3;7;2;2;2;6;7;25;55;108;117;140;168;179;193;210;211;211;194;156;102;121;122;68;59;58;87;81;93;86;51;46;67;73;77;107;94;97;87;63;98;132;127;164;198;189;202;189;185;174;172;160;172;206;241;250;216;167;114;49;31;42;50;65;79;98;135;158;174;170;178;205;208;182;183;164;158;162;166;184;209;220;224;215;188;146;108;91;95;104;117;133;156;159;152;144;133;132;130;135;139;143;146;145;138;130;135;126;143;146;146;158;157;158;155;151;146;144;145;147;147;147;137;137;138;139;139;138;138;139;144;144;145;145;144;141;138;136;138;135;134;135;135;134;136;140;138;130;122;125;134;134
206;220;209;211;214;212;215;194;189;187;189;187;181;183;194;204;204;220;223;195;200;195;195;184;155;124;113;113;102;90;99;127;145;127;133;168;188;182;187;193;198;195;186;196;208;200;200;206;217;209;205;199;187;176;169;161;151;143;157;122;95;76;42;36;33;9;21;20;12;21;51;92;125;110;142;156;167;139;180;183;166;179;167;184;172;188;170;176;180;154;207;180;169;198;146;188;165;173;175;165;172;190;186;191;172;184;195;155;201;169;190;187;152;185;171;186;190;160;183;183;176;178;125;120;147;152;125;94;104;108;134;124;74;64;59;59;25;26;26;20;14;12;13;10;11;15;2;2;4;8;2;3;3;2;2;3;7;13;24;34;20;28;26;27;31;33;37;36;38;33;35;45;45;36;34;40;33;41;41;36;39;43;39;35;52;40;42;48;41;37;43;47;50;33;39;42;46;27;102;132;110;113;88;103;134;127;120;118;105;121;118;106;119;141;137;119;101;89;61;34;18;6;1;3;10;8;16;35;0;74;203;181;4;16;24;27;22;22;31;34;26;25;28;23;23;29;26;27;26;21;27;27;24;21;29;27;26;28;30;26;26;25;15;15;14;11;13;22;34;49;67;81;98;111;131;144;150;151;154;206;61;4;33;36;38;37;2;172;179;152;166;168;73;91;80;62;67;42;78;100;164;193;175;185;189;177;181;155;163;166;181;172;181;167;138;151;156;128;119;117;131;128;106;125;135;149;167;190;207;220;231;211;192;163;121;117;115;53;21;130;147;125;117;173;180;173;177;169;157;175;188;168;164;172;174;186;191;184;192;205;204;188;185;168;166;166;181;206;218;237;242;209;140;70;45;57;51;57;91;111;128;161;182;196;193;179;178;185;181;169;164;164;183;198;220;233;229;209;178;154;114;99;93;111;139;160;170;173;161;162;169;164;157;157;165;181;174;181;177;163;158;166;169;163;167;156;168;169;164;168;165;167;165;163;164;167;170;167;158;150;150;151;153;153;153;153;153;152;151;152;153;153;151;147;144;142;141;141;144;145;140;133;131;134;136;132;127;129;132;129
192;168;156;190;184;165;178;214;207;189;184;194;197;192;182;171;152;122;94;80;88;86;103;125;96;111;135;142;150;171;177;174;188;179;179;197;200;193;198;202;188;193;200;196;169;141;147;168;125;129;128;124;119;118;124;123;109;164;146;133;97;126;57;35;29;50;41;31;20;29;17;4;4;3;4;5;2;4;9;31;31;35;34;48;45;58;56;60;68;81;68;70;73;81;91;76;70;63;62;70;66;60;37;49;39;51;46;24;50;35;27;35;22;36;28;32;26;10;29;36;2;20;4;4;8;7;2;3;2;11;2;2;2;4;6;2;14;2;8;6;12;8;22;15;20;21;23;22;18;17;21;25;30;34;32;26;24;27;25;19;25;32;28;25;30;31;31;32;30;28;31;38;39;35;35;39;33;44;48;47;50;54;50;46;48;39;42;50;48;44;47;49;36;50;66;41;33;55;124;103;104;117;115;126;114;99;116;109;134;129;123;117;107;86;52;24;20;17;13;12;12;16;22;25;25;35;36;17;5;57;217;137;2;31;30;26;25;24;28;15;24;25;29;24;23;26;21;19;29;22;28;32;28;24;26;21;18;20;15;14;11;24;21;31;42;55;67;90;102;123;129;136;142;130;131;134;142;141;138;206;62;2;37;38;44;48;2;166;168;122;158;177;11;54;83;55;68;45;53;78;122;91;77;101;43;52;72;62;62;70;90;84;81;79;101;126;126;135;145;125;142;172;117;176;174;155;133;84;84;76;126;154;111;41;40;128;182;70;72;152;128;104;93;186;175;165;165;173;177;176;166;151;185;173;184;175;181;199;182;176;178;159;179;206;230;235;209;198;152;102;39;30;56;67;85;115;152;158;179;189;193;195;187;186;174;173;171;167;167;179;199;213;223;214;172;114;83;81;85;89;119;132;150;160;151;138;138;146;145;142;147;150;154;156;148;147;146;147;148;148;149;152;158;163;166;155;160;160;156;156;154;159;155;151;147;146;149;150;149;147;148;149;150;148;147;147;146;145;151;150;148;147;146;148;150;152;143;142;143;145;145;146;153;162;138;146;146;143;148;154
197;210;208;207;195;212;176;153;155;134;126;123;106;89;82;77;84;110;127;141;149;169;176;180;193;220;211;188;199;202;184;190;191;198;184;176;152;153;146;135;149;139;148;133;123;138;128;107;126;149;158;159;157;161;175;178;192;186;178;151;103;227;138;65;30;56;37;40;38;38;50;45;32;46;26;34;33;25;4;14;4;3;4;5;4;4;4;3;3;5;7;2;3;3;4;3;5;2;7;4;7;1;8;1;3;15;3;8;1;8;11;9;13;9;4;10;11;9;8;2;21;27;14;22;26;8;31;32;28;28;32;31;29;29;31;31;22;39;33;26;26;32;25;30;24;19;24;25;25;29;34;27;24;22;23;27;28;26;27;30;25;30;27;23;29;32;28;29;28;31;32;32;33;36;38;38;35;39;38;36;37;37;38;43;36;33;34;36;37;40;39;36;52;28;33;36;40;72;121;125;108;120;113;117;135;144;142;129;101;67;41;28;11;1;2;14;16;15;20;25;25;28;31;29;29;20;27;32;17;41;180;71;0;22;17;20;28;29;36;26;23;22;28;29;31;34;31;33;32;22;18;22;20;20;17;13;22;32;31;44;42;68;67;84;105;120;120;135;126;142;131;129;136;136;147;145;146;139;127;195;60;4;43;47;47;44;1;170;172;159;203;246;25;62;95;90;76;80;85;101;131;124;133;141;73;59;70;71;74;64;79;77;42;28;109;149;115;121;118;74;109;135;42;118;93;85;82;59;73;52;122;183;156;95;85;143;174;81;137;136;133;110;110;163;174;167;149;145;162;173;182;199;184;165;175;176;163;157;156;166;199;231;242;177;115;106;74;39;21;58;77;107;149;167;177;189;198;188;182;177;175;172;170;176;174;205;223;220;221;219;190;151;121;97;80;102;142;162;168;179;167;161;153;149;147;147;150;154;163;160;158;149;150;157;150;144;142;137;142;154;159;155;156;162;154;148;151;153;150;149;149;154;148;144;139;134;134;138;145;150;143;145;145;142;141;142;143;142;131;131;130;129;130;133;137;140;124;125;129;133;130;122;117;116;138;140;133;130;141;153
156;148;124;94;73;102;83;81;88;94;125;154;155;156;172;182;209;195;187;212;211;208;196;203;197;179;184;194;189;183;182;189;159;156;142;153;142;154;159;164;174;138;151;154;145;166;188;206;202;216;208;205;205;202;205;197;187;184;181;169;47;109;201;137;106;65;55;56;48;33;51;33;29;24;32;19;34;27;25;31;35;34;37;26;31;34;41;31;39;28;34;45;35;30;17;36;25;40;23;22;21;29;37;35;33;20;31;22;39;29;29;26;32;23;24;33;27;28;30;39;28;23;24;38;24;28;28;31;26;27;21;33;21;19;25;29;28;22;20;19;27;22;20;19;26;32;29;22;24;22;22;25;24;20;21;24;24;21;22;26;26;28;30;27;30;34;27;25;25;32;35;31;31;38;40;36;40;41;40;43;44;41;41;49;46;48;44;40;44;51;52;47;53;49;48;38;58;137;151;124;123;127;120;95;79;54;20;18;3;8;13;14;19;31;36;29;34;32;33;33;28;26;24;20;22;38;15;35;18;22;69;5;26;37;25;28;28;17;25;29;33;26;26;22;19;15;11;15;12;15;15;20;21;30;40;53;71;86;93;111;109;127;118;128;127;136;127;133;122;141;136;138;151;155;158;143;141;146;144;209;65;5;47;57;51;37;2;192;220;180;186;240;24;82;104;96;106;81;85;93;117;136;137;133;107;85;88;76;97;85;113;109;98;73;124;142;127;137;113;86;135;130;51;133;108;107;93;109;113;76;121;165;139;107;108;136;166;64;102;89;70;52;96;145;173;187;175;164;179;180;169;170;172;178;167;177;190;218;249;233;192;124;67;34;32;60;85;108;172;213;220;214;211;200;196;192;186;193;187;171;176;203;222;224;219;204;177;148;116;91;93;112;129;151;164;166;168;160;143;134;140;142;146;152;159;161;155;148;157;145;145;149;151;148;145;155;163;158;156;157;158;158;157;157;152;152;153;154;152;146;144;146;141;144;147;148;146;144;144;144;142;144;144;141;139;140;140;138;136;138;141;142;142;142;142;143;141;134;128;128;131;136;145;153;145;143;139;138;143;142
95;103;131;156;164;171;170;186;196;174;177;193;195;195;195;185;176;188;199;207;192;191;188;193;188;181;150;124;131;131;124;140;155;160;159;173;172;178;176;168;158;176;204;194;177;195;200;184;172;173;155;160;172;172;174;165;169;179;174;192;126;21;64;141;101;72;90;70;75;57;27;41;26;20;47;25;25;19;31;30;23;22;24;28;27;23;22;26;23;26;23;29;26;31;26;23;32;25;18;40;28;19;23;21;31;20;35;30;21;15;29;21;25;29;28;24;19;33;25;16;24;26;21;26;25;19;33;19;18;24;18;26;26;23;18;28;25;23;25;32;16;29;34;31;22;26;20;20;25;27;23;29;26;29;30;26;26;27;26;23;23;20;27;25;27;35;30;27;28;33;34;30;29;32;34;32;35;35;37;44;51;48;45;49;44;49;46;40;43;49;52;51;38;66;86;69;61;117;105;64;40;34;34;9;1;9;9;23;30;28;25;24;26;26;22;17;20;20;22;23;24;25;26;26;29;26;19;32;27;28;1;19;21;29;25;28;25;12;15;16;5;2;8;11;17;24;26;33;50;69;75;84;92;107;118;139;129;132;133;134;136;144;140;147;137;142;146;155;155;157;154;155;150;147;143;134;137;142;144;203;71;2;43;55;51;40;1;199;187;171;205;218;7;20;39;53;56;22;49;68;89;109;117;122;130;134;142;122;130;114;132;122;141;126;139;127;123;137;130;141;136;123;80;134;127;134;111;127;127;86;124;170;134;84;86;114;126;73;102;137;153;198;213;206;194;192;187;189;188;174;171;188;194;200;218;248;224;156;100;49;17;33;72;111;145;175;201;213;196;181;150;155;172;175;177;167;168;176;194;214;219;201;165;128;97;93;98;123;148;152;152;161;161;150;149;159;154;137;145;175;161;162;160;154;149;151;161;169;161;147;152;166;172;164;154;160;157;163;165;160;160;162;160;153;148;153;154;155;156;152;151;151;149;149;148;148;148;147;146;145;146;149;150;146;143;143;141;138;132;135;139;140;139;136;135;135;132;129;129;133;137;140;145;151;136;143;147;149;150;148
231;224;218;203;206;203;211;208;203;180;181;196;198;199;197;184;178;170;150;123;109;110;98;73;59;83;81;92;145;163;156;183;182;173;170;180;182;179;188;190;199;189;181;183;180;178;179;170;190;192;176;184;192;182;188;189;203;183;201;209;203;144;60;47;87;62;40;35;57;43;14;48;73;27;21;24;24;30;22;35;32;36;26;28;22;32;26;28;21;31;25;18;23;24;36;24;20;27;21;26;26;25;24;27;23;23;24;28;30;25;28;31;24;23;26;32;22;24;20;30;23;28;27;29;25;29;29;26;31;29;27;24;29;24;27;22;24;27;25;25;27;21;16;23;29;24;24;32;23;25;25;26;24;23;22;23;25;27;29;30;31;23;28;24;22;32;28;23;27;28;28;25;24;26;29;31;27;25;22;26;35;36;33;34;27;35;34;28;28;30;32;34;35;18;32;46;19;14;4;2;16;7;11;16;33;34;15;27;22;25;27;29;29;28;29;35;26;27;26;25;26;26;25;27;30;26;20;28;31;23;30;34;17;24;20;16;19;29;39;37;63;66;77;84;94;107;111;117;113;127;121;127;138;143;130;133;140;137;142;134;146;147;147;147;158;153;161;163;166;151;150;150;154;151;159;174;180;175;178;239;82;2;47;54;57;54;1;191;177;114;107;107;53;97;94;97;91;73;98;97;107;114;111;79;88;102;104;96;84;62;69;71;81;55;81;91;69;74;87;93;76;86;63;68;66;86;92;103;89;80;91;81;46;61;123;163;184;202;232;225;211;208;171;175;171;167;171;181;194;210;220;220;203;187;155;70;10;23;53;80;102;131;164;177;180;172;179;177;180;181;173;181;176;169;195;209;238;224;197;158;112;91;102;113;132;152;157;149;148;147;146;148;146;156;156;147;147;155;155;147;166;159;154;156;158;156;154;152;156;163;170;167;172;180;166;151;158;165;164;154;149;152;154;151;146;153;151;150;152;150;151;151;156;152;150;151;154;154;149;145;144;149;151;148;146;146;144;139;137;139;140;139;137;136;138;139;139;140;144;149;147;141;137;136;140;149;149;146;153;163
185;176;176;185;187;183;181;182;176;185;174;170;145;122;112;103;82;68;76;93;102;108;120;141;181;166;197;211;195;202;205;187;197;188;196;188;190;177;187;184;168;196;180;174;191;185;183;193;186;187;195;195;196;177;176;183;167;138;117;144;133;91;80;49;38;61;61;44;27;14;38;94;39;14;24;17;32;31;14;26;26;18;22;26;23;25;24;27;27;23;27;27;29;30;22;22;28;28;36;23;24;32;22;28;24;28;29;24;22;26;22;25;23;26;28;27;25;26;28;30;24;24;24;24;24;24;24;24;24;24;24;24;25;25;25;25;23;24;25;26;27;28;29;30;26;26;26;25;25;24;24;24;27;27;26;25;24;24;23;23;26;26;26;26;26;26;26;26;25;25;26;26;27;27;25;24;27;26;24;22;22;24;26;27;24;24;24;24;24;24;24;24;25;23;21;20;20;22;24;26;25;29;29;31;34;32;27;27;25;25;27;27;26;24;20;16;26;28;21;24;23;28;24;28;23;25;29;21;23;16;18;17;58;59;59;60;68;83;98;105;121;119;122;125;125;126;125;121;139;148;147;143;148;150;145;143;144;154;153;150;166;143;164;140;158;150;142;143;139;163;161;176;179;181;185;190;187;175;178;244;82;2;50;63;58;43;1;187;138;138;156;171;234;210;199;211;211;209;193;169;168;163;165;150;145;145;142;153;156;161;156;154;148;142;150;158;166;147;117;132;152;173;159;145;158;158;148;147;127;154;168;169;175;214;224;204;192;184;178;164;172;166;169;191;205;224;231;221;206;167;111;73;24;18;33;88;161;207;216;211;198;190;175;181;178;171;184;180;167;199;199;210;238;230;196;168;101;89;89;108;131;145;154;160;161;153;147;147;149;150;149;148;146;147;147;151;155;151;143;142;141;143;147;149;148;147;149;153;150;159;161;153;147;149;151;147;155;152;151;153;154;151;148;146;142;144;147;148;145;143;145;149;158;151;148;147;145;145;145;144;142;146;145;141;139;141;139;135;134;136;138;138;137;137;140;143;144;146;144;140;140;147;153;154;156;164;170;166;156;150
169;177;168;151;127;128;122;117;114;98;92;82;92;106;112;126;146;167;185;195;210;213;199;198;196;197;201;185;174;182;181;179;173;170;195;189;187;176;189;172;186;189;186;185;189;178;167;177;170;156;151;135;117;110;100;72;56;61;56;50;60;118;176;169;170;184;198;200;205;211;206;168;3;40;84;14;27;24;38;22;23;36;29;22;25;27;28;21;28;27;27;24;23;24;26;30;24;25;26;25;25;24;21;25;23;29;24;20;29;31;25;28;23;25;25;24;23;24;25;25;27;27;27;27;27;27;27;27;25;25;25;25;25;25;24;24;27;27;27;26;25;25;24;24;25;25;25;25;25;25;25;25;24;24;25;25;25;25;25;25;26;26;26;26;26;26;26;26;25;25;26;26;27;27;25;24;24;25;26;26;26;26;25;24;25;25;25;25;25;25;25;25;26;26;25;25;25;25;26;26;29;28;25;23;24;24;23;24;23;29;26;22;25;25;26;36;22;26;29;31;28;30;19;24;26;22;17;17;25;22;18;18;20;32;36;57;74;86;110;113;112;120;128;135;142;146;147;148;141;145;145;142;141;146;157;170;160;170;170;162;167;149;168;157;161;175;173;183;177;188;188;189;188;189;185;171;185;186;164;227;81;2;44;65;61;35;2;192;193;190;198;167;175;154;141;164;166;167;143;145;180;162;159;192;194;177;173;183;187;192;176;179;188;181;179;174;187;197;191;206;189;178;175;180;193;179;191;214;206;212;214;206;198;201;181;181;180;202;194;219;231;238;241;204;174;159;94;36;25;30;51;94;134;181;227;242;227;199;179;174;183;193;196;200;182;176;210;226;229;217;178;143;119;95;92;106;138;144;155;162;157;149;149;156;151;148;147;148;148;147;147;149;153;156;152;147;151;155;153;151;152;152;154;157;158;156;156;157;152;152;152;151;151;151;151;150;147;144;140;140;143;147;148;148;142;148;152;150;147;148;150;150;140;144;143;140;139;138;135;132;141;137;134;131;129;129;130;132;133;133;133;134;136;137;139;141;137;143;146;145;146;151;156;157;159;156;153;155;158;158
126;111;97;98;75;90;107;120;129;135;170;172;177;192;199;193;202;175;175;171;164;183;186;158;169;166;157;165;185;165;132;140;186;149;149;169;170;174;181;170;137;157;180;174;161;137;107;113;94;85;56;52;71;82;85;105;137;180;202;200;205;211;200;194;182;182;189;178;174;178;240;206;3;40;50;28;17;35;26;24;32;32;24;26;40;32;22;29;23;29;31;33;32;28;28;26;28;30;25;28;30;27;29;25;32;31;28;28;34;27;24;28;25;26;26;24;25;26;25;23;27;27;27;27;27;27;27;27;25;25;25;25;25;24;24;24;26;26;25;25;25;24;24;24;24;24;24;25;25;25;26;26;23;23;24;25;25;26;26;27;26;26;26;26;26;26;26;26;26;25;26;26;27;27;26;25;23;25;27;28;28;27;25;23;26;26;26;26;26;26;26;26;25;25;27;28;28;26;25;24;24;24;24;25;27;28;28;28;25;34;25;18;25;21;18;30;24;26;27;24;19;25;18;29;42;46;43;56;75;91;107;132;124;134;124;140;144;137;156;153;159;167;166;159;165;176;170;154;162;163;164;160;155;158;162;161;155;152;148;150;169;178;194;190;202;213;206;208;200;207;196;183;195;193;198;181;185;163;129;223;80;1;43;60;65;39;2;210;189;167;156;137;183;168;144;171;153;157;175;185;178;175;178;155;153;167;183;164;138;147;154;182;188;171;174;178;175;163;156;176;159;167;185;177;182;175;182;174;183;176;178;170;167;187;190;215;226;238;207;179;150;127;57;23;40;47;56;79;128;172;202;217;213;197;174;161;163;169;173;177;178;167;170;205;226;223;207;170;108;95;100;117;130;136;144;159;153;147;142;143;145;147;147;147;146;147;148;147;144;142;144;147;148;144;143;150;155;150;149;158;155;155;155;157;159;158;155;152;161;151;147;152;154;150;147;148;141;143;146;148;153;156;152;145;141;148;150;145;143;145;144;140;141;148;142;133;135;138;137;139;135;132;137;146;148;142;139;143;140;139;139;140;142;144;144;144;138;144;149;150;149;151;152;151;151;149;148;150;152;153
93;126;139;158;184;200;196;209;213;215;205;207;206;201;198;177;171;205;205;180;184;195;195;211;199;178;165;179;201;199;192;202;174;182;202;190;158;139;137;122;93;115;113;84;75;77;80;103;103;112;138;179;185;185;191;211;208;184;175;180;168;173;174;163;168;192;152;164;164;192;110;4;4;5;4;4;6;3;3;10;2;5;17;2;6;11;2;8;9;12;8;10;12;12;16;11;11;15;17;15;13;16;19;15;4;11;10;4;11;12;18;17;24;26;27;26;26;27;27;26;25;25;25;25;25;25;25;25;25;25;25;25;25;25;24;24;23;24;24;24;25;25;25;26;24;24;24;25;25;25;26;26;24;25;25;25;25;25;25;25;26;26;26;26;26;26;26;26;26;26;26;26;27;27;26;25;26;26;26;26;26;26;26;26;26;26;26;26;26;26;26;26;25;25;27;27;27;26;24;23;26;25;27;28;26;25;24;21;22;24;21;23;32;30;24;26;23;26;16;16;13;19;24;33;17;66;84;87;102;132;133;133;164;170;162;177;178;167;180;179;188;152;145;166;166;154;161;178;172;173;173;164;158;167;171;162;167;173;184;190;193;191;184;181;183;180;187;201;205;212;201;206;185;162;138;113;138;162;160;246;78;9;48;64;85;53;2;198;203;174;149;180;188;196;210;192;202;206;173;149;168;186;181;162;190;193;198;198;196;206;190;183;178;163;163;165;172;186;189;190;200;195;196;185;183;179;183;185;195;198;217;232;234;236;194;153;120;90;68;50;45;49;32;111;145;155;198;222;222;190;181;171;170;180;179;170;173;183;190;192;230;230;223;195;136;96;97;96;127;123;150;162;156;153;146;144;148;150;150;148;146;147;149;151;145;143;142;141;140;141;144;146;147;143;143;153;158;150;150;160;150;154;154;149;149;152;149;142;148;139;136;141;144;140;139;143;139;139;137;134;138;144;143;137;143;144;143;140;140;141;139;134;136;141;131;122;128;131;131;139;134;128;127;130;130;126;128;134;138;138;139;141;143;145;146;147;153;157;159;159;158;158;157;154;152;157;160;160;157;155
227;227;229;215;203;186;185;186;156;178;168;182;178;173;174;193;185;182;162;161;183;167;148;177;193;187;198;193;169;176;183;156;146;118;100;66;80;74;91;87;105;89;85;117;148;166;193;210;215;211;206;209;198;197;183;171;169;177;169;175;168;174;178;169;180;157;166;166;146;217;126;30;76;78;69;52;65;52;53;45;57;40;31;24;23;14;23;25;13;17;14;11;10;10;10;5;12;4;13;11;5;5;2;7;11;25;29;17;18;21;39;36;19;23;26;26;25;25;26;27;26;26;26;26;26;26;26;26;25;25;25;25;25;25;25;25;26;26;26;25;25;24;24;24;25;25;25;25;25;25;25;25;25;25;25;25;25;25;25;24;26;26;26;26;26;26;26;26;26;26;26;26;27;27;26;25;27;27;26;25;25;26;27;27;26;26;26;26;26;26;26;26;27;27;26;26;26;26;26;26;31;27;27;27;24;26;30;27;36;27;27;29;23;21;22;16;12;26;19;40;50;56;69;69;83;117;120;111;107;118;123;140;114;117;124;137;139;131;132;136;133;145;163;158;142;154;161;138;134;136;143;144;143;158;179;187;191;186;186;184;183;190;189;196;188;189;178;169;144;123;114;112;90;105;145;183;193;186;189;250;55;5;1;25;46;1;6;210;208;146;192;192;184;154;146;178;179;184;130;127;186;183;160;192;196;171;139;148;154;155;156;155;177;178;192;197;192;195;192;185;179;172;167;177;194;214;219;244;214;214;179;144;102;78;70;66;63;60;52;68;107;149;185;208;196;202;193;157;176;185;194;181;165;177;175;173;199;232;233;215;182;127;78;75;101;135;152;143;146;138;154;150;136;144;151;153;140;149;155;152;144;140;141;143;143;140;137;138;144;148;150;149;150;156;152;144;147;153;153;152;148;156;155;145;142;148;148;140;133;132;133;137;139;140;143;148;145;146;143;138;140;145;145;140;146;139;135;138;141;141;138;137;132;134;128;130;139;135;129;135;139;137;134;132;132;134;137;140;136;139;143;146;148;150;153;156;151;151;150;150;151;153;153;151;152;152;152;153;155;155
160;142;156;164;166;144;152;155;124;131;154;167;139;172;173;167;165;149;171;171;152;185;200;160;157;160;118;89;90;68;52;69;55;76;112;157;173;163;162;187;211;211;222;226;197;192;207;179;195;194;176;168;181;195;193;193;173;207;185;189;199;188;175;194;185;191;197;188;190;171;203;229;212;230;228;233;223;232;229;228;208;230;218;215;221;216;239;196;210;215;223;218;218;227;226;227;226;189;196;213;224;228;217;227;217;196;225;214;168;172;157;25;16;21;26;26;24;25;26;27;26;26;26;26;26;26;26;26;24;24;25;25;25;25;26;26;26;26;26;26;25;25;25;25;25;25;25;25;25;25;25;24;25;25;25;25;25;25;25;25;26;26;26;26;26;26;26;26;27;26;26;26;26;27;26;26;26;26;26;27;27;26;26;26;25;25;25;25;25;25;25;25;26;26;25;24;24;24;25;26;29;24;27;29;25;27;31;26;30;18;22;23;11;15;30;31;47;64;64;93;110;119;129;126;143;137;127;138;151;149;141;149;148;147;151;156;153;145;143;149;148;147;153;148;136;143;157;154;169;171;185;199;195;182;174;174;179;175;178;184;186;181;166;159;152;146;123;145;143;126;159;177;196;189;171;154;134;151;171;179;13;65;121;87;109;133;91;159;128;167;198;168;193;167;186;207;197;191;221;232;171;151;172;165;162;163;152;182;196;199;209;206;200;193;196;196;184;177;185;193;198;225;240;243;228;205;130;94;89;79;35;50;74;68;71;92;147;161;173;210;246;219;198;172;167;167;186;185;176;159;176;189;197;220;235;226;194;150;109;87;98;120;149;163;156;146;147;152;162;149;153;156;153;157;156;149;151;147;143;142;145;147;145;142;151;149;147;149;155;159;156;151;151;155;153;148;150;152;149;147;146;153;153;142;138;143;146;142;141;143;146;145;143;143;145;148;138;141;142;141;142;142;140;136;143;134;129;132;135;132;129;131;136;134;131;137;145;139;133;137;133;137;138;136;139;145;147;145;146;150;154;156;156;156;158;160;156;154;152;151;153;155;156;156;158;157;156;157;159;160
181;193;167;145;184;188;189;214;219;200;214;203;153;196;214;186;184;171;179;167;132;110;80;42;44;30;32;62;85;114;160;182;203;211;202;218;210;223;198;187;187;153;152;172;168;167;181;184;180;169;190;194;169;169;197;198;212;192;182;195;178;186;183;177;184;167;173;181;183;183;160;182;161;163;177;176;163;154;163;173;158;174;165;158;154;131;163;161;148;155;179;180;186;196;176;171;171;144;155;177;175;149;112;92;110;76;44;24;20;15;53;57;18;23;26;26;26;26;26;26;25;25;25;25;25;25;25;25;25;25;25;25;25;25;25;25;24;24;25;25;25;26;26;26;25;25;25;25;25;25;25;24;25;25;25;25;25;25;25;25;26;26;26;26;26;26;26;26;27;26;26;26;26;27;26;26;25;25;26;26;26;26;25;25;26;26;26;26;26;26;26;26;24;24;24;24;25;25;25;25;26;20;25;27;20;20;22;14;13;14;29;45;50;65;86;97;115;119;120;131;138;146;139;141;129;149;156;143;143;148;155;156;157;160;157;164;165;162;173;177;157;155;157;172;188;183;183;201;201;191;181;181;184;182;181;186;193;191;186;176;160;140;134;133;146;179;187;183;187;196;191;160;140;128;132;151;137;133;129;110;140;209;208;198;210;217;217;175;177;176;152;157;164;193;176;169;166;183;170;166;172;185;186;188;189;210;212;216;201;193;192;186;171;179;185;192;210;236;244;230;225;184;136;92;62;65;54;63;57;72;76;104;114;123;163;212;207;204;201;170;177;163;156;186;189;166;172;207;211;239;239;214;200;163;120;99;99;110;137;167;169;165;158;153;158;160;158;164;156;161;162;163;158;153;152;148;149;150;151;153;152;149;147;146;162;162;160;159;160;162;159;156;157;153;151;158;161;152;146;150;146;147;147;145;141;141;144;149;147;148;148;148;145;141;140;141;147;145;140;136;134;136;141;145;138;134;131;131;131;129;128;130;134;130;127;129;132;132;131;133;149;147;141;133;133;141;148;149;149;151;154;155;154;152;150;149;149;150;150;150;149;149;151;153;152;154;156;155;154;153
198;194;194;194;188;182;183;184;184;163;149;174;178;171;137;81;93;69;33;34;64;57;50;91;123;178;197;186;179;184;194;191;177;171;173;150;146;148;167;160;162;188;197;180;186;193;172;167;180;166;175;178;171;161;168;164;149;158;186;176;131;167;179;165;179;190;149;174;153;146;180;172;175;155;153;144;156;173;174;154;163;163;176;173;192;174;166;176;189;159;141;107;107;133;125;131;119;95;70;48;16;3;6;4;5;37;60;71;94;83;81;51;20;23;25;26;26;27;25;22;26;26;26;26;26;26;26;26;26;26;26;25;25;25;25;25;26;26;25;25;25;25;24;24;25;25;25;25;25;25;25;25;26;26;25;25;25;24;24;24;26;26;26;26;26;26;26;26;27;26;26;26;26;27;27;26;26;26;25;24;24;25;26;26;26;26;26;26;26;26;26;26;25;26;27;28;29;28;27;26;23;15;19;24;21;30;41;37;53;62;78;98;113;119;125;133;136;130;137;134;134;145;125;133;158;142;136;138;152;147;146;144;145;154;142;149;144;130;144;139;138;180;182;175;200;205;188;190;186;201;204;199;199;197;187;180;165;144;118;107;117;133;171;191;159;144;171;166;166;169;153;176;158;151;168;193;179;181;187;181;204;184;181;191;154;120;159;196;180;178;191;170;167;146;133;155;162;176;182;195;188;192;195;193;194;187;176;174;170;179;183;191;223;233;234;221;189;150;120;98;97;72;80;81;81;98;101;105;160;167;205;237;222;221;209;180;179;147;167;168;176;177;178;210;227;248;236;219;148;139;108;96;100;121;142;156;166;165;155;146;149;155;156;156;164;163;156;164;149;165;157;148;148;150;158;154;152;151;152;155;158;158;161;165;163;165;164;160;157;159;161;161;158;155;149;147;149;147;143;143;151;145;146;151;150;143;147;157;146;143;144;150;153;150;147;149;146;145;144;142;138;135;137;140;137;139;141;140;139;140;143;144;143;141;140;139;138;141;142;139;148;148;147;145;146;151;154;155;146;148;150;152;153;151;148;146;141;146;151;153;151;150;153;157;154;154;154;155;156;156
187;170;166;178;153;143;149;150;131;113;84;61;45;35;44;66;60;89;121;151;167;187;223;203;189;187;209;189;173;188;202;188;191;180;193;203;199;190;193;201;201;190;187;178;192;206;164;178;184;182;164;160;195;197;201;202;195;183;179;190;182;211;178;174;165;187;164;175;195;162;155;187;161;176;191;164;133;149;164;153;145;164;141;112;138;150;123;124;115;87;117;117;87;69;33;15;11;6;5;14;34;61;89;108;74;86;66;32;14;2;4;24;25;26;25;23;25;28;27;22;26;26;26;27;28;28;25;23;25;25;25;25;25;24;25;25;25;25;24;27;28;23;22;28;24;27;26;23;25;29;28;24;23;24;26;27;24;22;25;31;24;25;27;27;26;24;25;27;27;23;27;29;23;22;26;27;26;28;26;23;26;27;25;25;25;24;29;19;27;28;27;26;29;31;24;24;23;15;15;16;29;24;30;41;50;72;91;97;114;113;124;129;135;128;112;124;128;138;138;142;142;154;149;144;166;150;153;161;168;154;153;153;162;159;151;145;142;157;163;175;183;188;178;164;163;168;172;176;182;163;138;132;137;126;103;88;106;115;134;163;170;174;160;147;148;150;149;141;156;136;126;159;171;172;176;149;138;168;167;131;137;136;138;148;164;174;182;190;172;183;167;160;194;190;221;211;205;187;186;183;176;186;186;161;170;157;173;216;214;232;240;231;194;147;112;100;82;71;78;89;107;97;109;123;133;173;213;218;195;186;175;177;174;179;165;161;175;190;201;210;227;238;226;208;175;135;101;103;126;147;159;166;169;178;170;162;171;175;172;176;171;174;170;165;176;164;157;159;154;163;158;158;168;164;170;149;162;160;163;165;162;161;164;164;162;160;153;161;158;158;153;163;155;154;149;140;138;141;144;143;150;149;147;144;143;144;147;150;151;149;144;144;145;140;134;133;133;134;139;137;137;132;124;129;133;132;135;140;135;144;141;145;147;145;153;156;150;153;156;143;154;153;160;166;167;166;162;162;173;166;162;162;160;156;153;153;168;165;164;165;165;161;158;158;167;168;167;165;164;163
134;120;103;105;96;71;42;19;15;24;68;94;91;143;183;164;193;212;208;200;198;177;184;190;186;166;168;168;169;179;177;154;169;166;161;183;186;196;173;187;175;179;205;190;178;191;195;184;211;192;185;190;195;178;172;182;175;184;186;159;149;218;176;181;173;184;172;193;194;195;183;178;169;161;154;159;162;152;143;141;145;135;121;108;103;82;60;72;62;33;29;25;7;6;22;49;85;111;116;89;64;52;31;5;12;2;8;17;18;30;35;18;26;25;26;27;28;27;25;24;29;27;24;23;24;26;27;28;24;26;27;25;25;27;27;25;22;27;24;21;26;29;26;23;20;25;26;26;27;23;21;23;28;25;25;27;28;26;22;19;29;26;22;22;25;28;27;25;27;32;22;20;35;33;23;28;21;30;25;29;29;22;27;26;24;21;29;27;27;25;23;24;16;18;13;20;30;36;45;51;61;68;78;93;92;106;106;102;113;123;124;133;136;130;139;153;147;160;146;155;161;172;160;173;154;170;180;167;168;171;177;170;163;171;176;178;178;187;173;165;171;168;165;170;182;187;177;165;130;130;131;141;134;124;150;183;214;214;211;200;178;182;179;165;184;180;157;167;190;187;189;173;170;166;177;163;155;187;171;172;204;195;197;198;189;186;177;154;157;177;172;167;183;174;185;173;166;172;165;160;168;162;187;204;243;246;252;219;155;153;119;76;68;72;99;109;83;69;84;98;123;153;187;193;186;199;196;165;137;166;175;181;180;173;173;209;237;219;189;159;138;124;107;91;118;132;151;165;167;161;158;159;158;162;156;155;168;172;171;178;183;177;171;155;162;165;159;171;171;172;165;171;173;163;175;175;174;174;176;172;165;164;163;157;165;162;157;160;159;154;151;159;148;149;151;152;155;157;155;152;146;144;141;139;137;134;131;129;143;134;121;119;128;132;129;126;119;124;132;131;132;133;133;145;131;138;144;138;130;141;141;139;142;141;153;150;143;153;158;155;165;152;153;163;165;162;160;163;152;156;159;158;158;160;164;166;166;165;165;167;168;166;165;166;165;166;166;166;166;167
41;39;27;36;59;72;104;141;160;190;200;197;190;192;184;185;189;193;186;182;193;171;154;158;163;176;194;182;169;185;181;171;198;185;178;175;180;183;172;199;194;165;162;167;184;168;181;178;172;170;192;179;176;194;165;170;166;193;168;183;179;159;193;178;171;169;171;173;130;143;157;131;133;130;119;120;109;88;92;102;112;88;78;65;38;19;10;12;24;40;39;49;73;96;107;93;69;36;10;11;17;14;14;22;26;28;36;36;27;27;28;21;25;22;23;27;28;25;26;29;24;25;26;26;26;25;25;25;27;22;22;27;27;22;22;27;25;30;27;23;25;27;25;23;25;24;19;20;25;23;25;36;24;25;25;23;23;25;27;29;22;28;31;28;24;24;26;27;24;24;30;29;20;21;26;23;30;34;18;26;30;22;31;28;29;20;23;24;15;18;20;27;27;36;40;50;60;65;76;84;96;98;101;121;119;132;130;133;140;145;127;140;150;144;159;156;163;177;164;168;158;170;155;159;170;172;164;152;164;169;167;161;161;169;179;173;158;178;181;172;177;179;171;170;170;148;132;143;161;178;181;175;162;182;208;181;136;139;158;184;185;190;179;160;183;183;194;187;165;175;188;187;188;186;187;209;187;159;155;143;129;139;151;152;155;173;183;174;186;186;189;196;193;175;171;165;168;206;219;227;252;250;251;226;154;103;49;20;26;99;104;124;110;125;132;135;155;190;212;212;218;199;169;171;208;220;194;172;208;219;223;234;243;240;212;190;162;128;102;102;117;136;145;140;159;160;157;151;151;158;164;164;155;158;156;160;167;160;150;151;142;142;148;140;146;159;147;160;160;161;155;167;162;152;161;168;162;166;171;168;165;168;168;161;166;164;163;160;162;155;155;160;154;154;156;162;164;160;153;148;168;165;163;163;164;163;157;152;153;158;155;148;147;147;148;151;148;142;140;140;148;150;139;138;142;140;145;138;142;149;147;138;155;145;153;155;154;160;158;156;162;154;159;169;167;162;159;154;148;154;157;153;153;158;162;162;162;163;164;166;166;165;165;166;164;164;164;166;168;170
118;157;185;208;208;193;199;227;223;196;168;169;193;196;191;194;185;171;179;177;182;189;193;189;162;173;165;189;189;183;187;174;164;174;177;168;184;181;163;195;200;199;171;162;219;201;183;184;196;176;190;195;166;183;190;199;152;163;178;181;152;166;153;168;138;163;135;120;137;121;124;128;112;122;122;111;70;49;58;37;19;7;12;20;25;45;61;57;48;49;36;38;33;16;8;2;2;13;24;24;23;28;32;30;24;29;26;22;23;24;24;28;30;27;26;25;23;21;22;25;26;28;30;31;29;27;26;26;24;29;28;21;20;26;27;21;21;23;24;26;26;21;22;31;24;26;23;26;33;25;16;19;27;27;26;27;30;30;24;17;26;23;20;20;27;33;28;19;33;27;20;19;22;25;28;31;17;26;26;32;28;16;21;26;27;19;23;28;20;35;42;48;81;83;82;94;108;110;111;109;118;115;120;141;140;134;125;129;135;150;146;157;155;142;152;148;161;136;133;160;152;162;155;144;163;169;173;180;190;183;183;199;195;179;159;168;186;182;159;173;169;169;161;135;109;117;152;178;180;163;156;188;187;165;172;161;180;171;158;155;141;141;146;160;171;157;170;165;140;164;178;188;189;178;186;168;166;165;185;183;171;187;188;187;194;189;189;208;199;195;181;167;188;201;226;252;252;233;183;157;143;75;35;37;25;61;102;86;99;120;132;156;158;217;240;225;215;203;188;189;161;193;204;189;168;147;165;212;228;212;176;140;114;109;104;88;107;116;141;156;148;143;148;148;140;146;151;151;152;157;158;156;153;154;151;151;153;149;142;143;141;151;156;157;157;166;153;157;157;163;155;162;157;159;160;159;149;151;155;154;151;152;152;147;147;147;150;144;150;143;146;150;152;148;148;154;156;151;147;147;150;148;146;148;152;153;150;147;146;152;150;145;147;148;143;139;148;147;148;144;146;147;143;149;161;149;156;158;168;166;164;160;179;164;162;175;175;168;170;171;172;172;172;169;162;168;176;168;173;173;171;168;169;172;171;169;168;169;169;169;167;165;165;166;170;167;165;166;168;168
234;223;196;196;185;181;167;157;152;152;168;169;173;158;166;171;177;162;184;183;178;183;185;177;196;192;189;172;157;170;167;184;178;188;200;194;155;203;200;182;182;204;198;175;200;190;170;185;197;163;151;190;151;157;193;168;155;164;186;169;153;167;149;140;136;155;114;120;152;110;102;102;79;43;18;27;21;20;42;36;69;57;52;56;49;35;22;11;29;12;12;19;13;6;16;38;35;25;23;30;30;22;20;24;29;23;22;24;24;28;29;22;25;27;27;25;24;27;28;27;29;29;28;25;23;23;25;28;29;22;21;25;25;20;22;28;28;27;25;26;26;20;18;24;29;29;23;19;23;25;25;30;21;24;25;24;23;26;29;31;24;29;31;26;21;24;30;34;25;12;21;32;25;24;28;21;34;14;3;3;17;24;15;18;29;33;49;64;67;92;98;97;112;117;114;118;123;124;134;141;133;132;138;139;145;140;148;156;153;149;147;152;156;158;158;155;135;135;153;155;140;155;177;171;177;190;189;184;181;173;171;184;177;181;191;190;166;159;154;160;120;165;167;153;179;198;189;186;172;172;147;163;182;175;187;192;170;184;188;200;198;181;166;183;195;189;178;197;194;193;183;149;162;172;174;159;187;184;192;211;205;205;199;203;205;180;166;185;190;199;244;246;251;237;192;112;71;34;24;36;55;102;100;66;91;109;126;145;158;203;219;208;210;193;170;165;175;178;180;190;205;194;205;223;232;239;224;186;141;148;137;149;176;178;186;204;195;182;178;177;173;178;182;174;170;172;174;174;168;162;159;158;157;156;146;134;133;139;147;152;156;167;156;158;154;158;160;157;155;161;152;152;147;155;156;155;154;150;152;153;148;145;146;147;143;145;148;141;148;144;148;148;150;144;142;145;143;139;139;143;143;143;144;145;145;143;141;139;134;138;133;125;127;133;137;140;138;137;138;132;135;142;145;155;143;137;150;150;152;146;149;154;161;163;155;166;162;151;168;171;169;173;170;169;167;172;181;171;175;174;175;179;180;178;176;176;172;174;174;172;169;168;168;168;179;174;171;171;172;171
180;172;178;212;210;202;202;206;185;208;216;210;225;192;168;169;194;195;206;190;178;162;162;181;215;205;197;167;168;197;180;170;172;165;144;163;175;186;153;152;181;156;178;184;171;165;156;162;180;188;191;193;173;191;187;174;172;176;161;125;166;138;147;145;153;124;94;120;102;72;81;53;32;47;54;74;91;87;71;46;20;17;7;7;12;11;19;28;23;22;30;20;23;37;26;18;9;18;24;23;25;29;30;26;21;28;26;24;28;26;25;32;24;28;29;27;27;29;28;23;24;24;24;23;22;22;23;24;29;20;20;28;28;21;22;31;21;23;19;16;22;25;20;14;13;19;25;26;24;23;24;23;27;26;24;22;20;20;24;30;29;26;23;24;26;27;22;18;19;37;28;20;26;9;0;18;4;13;44;58;73;88;85;104;101;105;116;119;118;131;127;118;139;146;143;143;142;140;152;162;148;161;171;154;159;153;160;157;149;151;173;171;161;162;165;181;179;186;189;175;184;194;198;184;180;180;171;175;184;190;180;178;177;165;156;138;124;160;177;167;162;201;191;165;176;178;171;188;182;190;190;194;188;189;191;154;135;176;178;169;184;205;191;180;175;180;177;177;177;188;189;179;203;202;201;216;196;183;189;173;166;161;158;157;169;203;237;246;213;225;182;83;60;20;9;21;87;130;115;92;105;113;98;166;193;228;206;222;216;193;172;185;179;169;191;210;196;196;213;213;228;221;191;164;142;98;77;101;128;143;145;153;164;149;150;150;156;160;172;178;178;180;179;169;187;179;176;184;191;189;182;179;177;181;179;170;165;170;174;174;158;168;158;165;163;160;168;159;161;162;163;166;160;158;158;163;159;152;153;157;153;149;153;157;146;150;150;144;148;148;148;146;153;149;146;146;143;139;138;142;135;138;141;141;138;133;129;127;130;136;132;122;119;124;134;145;138;136;137;134;141;146;140;142;144;143;151;146;144;146;146;145;145;160;153;157;157;152;163;155;139;143;140;154;160;153;152;145;151;154;160;165;161;154;154;158;160;162;162;160;159;160;160;160;160;156;156;159;161;161
207;176;169;188;202;187;194;199;200;189;184;186;192;209;217;210;220;219;210;208;241;235;211;206;189;224;216;247;230;182;229;228;241;250;243;230;211;223;237;234;205;169;172;157;148;179;186;167;178;154;143;136;154;172;128;142;134;141;151;181;156;134;140;80;92;74;52;67;75;71;80;76;86;64;44;35;20;4;6;28;23;42;45;45;46;42;44;40;40;44;44;30;36;42;27;33;34;32;26;18;18;23;25;22;29;34;23;19;30;27;19;27;29;28;26;23;22;20;16;13;12;13;16;18;20;20;18;17;9;30;31;11;11;32;31;10;14;20;21;22;31;37;35;32;42;32;32;32;24;26;33;32;36;25;22;32;42;41;33;27;18;22;29;32;28;23;26;32;39;33;36;40;47;67;86;88;116;118;129;128;133;136;128;135;138;140;150;148;153;160;160;159;160;155;143;150;162;161;155;147;164;170;169;156;170;175;181;177;197;173;171;160;152;158;159;171;187;179;181;192;193;176;175;188;191;189;183;187;178;169;154;151;163;166;152;162;191;193;168;185;188;167;184;199;183;192;202;178;168;179;192;185;170;192;211;179;211;204;198;205;191;171;165;187;184;181;199;189;189;200;197;204;186;198;182;151;161;183;156;190;196;218;248;251;229;199;151;95;55;49;36;42;99;104;112;129;152;149;186;224;220;231;223;215;198;184;188;174;172;164;209;174;179;187;214;225;207;194;176;144;98;62;70;107;121;131;149;154;151;156;152;148;151;150;160;138;146;149;151;147;143;145;150;154;148;144;143;147;150;149;149;151;145;151;160;163;161;162;162;158;161;166;166;172;172;162;163;151;159;155;162;167;168;158;155;159;158;153;152;151;146;143;147;148;155;160;156;152;153;158;154;151;147;145;146;148;150;149;148;149;143;146;148;148;145;141;137;135;146;140;132;132;142;145;139;135;129;139;150;147;145;145;142;148;158;151;151;151;150;157;154;153;150;152;152;150;155;156;148;143;154;160;148;157;165;155;159;164;152;155;157;156;150;147;149;153;154;155;155;154;154;156;156;155;159;157;158;163;164;161
189;184;183;164;181;173;196;195;190;192;196;192;158;182;183;153;172;190;180;156;166;167;169;173;221;181;149;181;204;183;197;187;194;166;171;224;177;188;215;215;209;234;246;215;209;215;194;168;173;158;158;181;167;163;182;199;182;164;109;87;72;59;73;106;95;97;99;58;35;6;6;12;5;8;18;13;24;70;86;59;64;81;86;92;90;86;91;86;78;90;78;65;80;76;55;63;66;46;39;50;54;41;31;33;28;19;27;29;15;16;24;16;13;8;7;12;18;20;23;27;48;47;46;48;52;55;57;58;48;59;61;53;52;60;57;46;53;56;58;60;58;51;50;58;72;51;52;64;64;67;72;66;89;78;65;48;27;12;17;30;36;33;35;43;48;53;65;77;75;76;110;125;110;133;158;139;138;138;132;133;144;151;152;151;142;145;158;156;167;169;172;178;171;174;170;174;178;173;173;173;178;173;167;177;196;193;174;163;139;131;153;177;191;198;194;194;179;176;182;185;170;180;188;181;167;167;160;159;152;168;178;185;178;189;209;209;189;199;198;189;184;193;206;199;180;185;196;190;195;204;189;183;201;199;186;190;191;179;170;173;169;184;193;195;202;190;190;199;198;179;182;171;169;164;189;226;242;225;217;244;217;159;93;58;43;32;32;46;63;78;125;162;161;158;197;219;222;217;206;187;171;177;181;168;185;188;167;190;213;244;247;214;218;204;164;122;105;103;108;119;117;161;171;157;165;170;159;154;146;166;157;152;165;153;161;162;158;159;159;160;163;161;158;159;163;155;147;146;149;151;149;147;157;153;155;158;157;159;166;168;166;158;164;162;166;162;164;159;160;150;153;152;162;158;156;153;153;152;152;149;146;148;153;152;145;152;145;144;143;153;146;142;150;148;146;147;148;147;143;140;147;147;146;145;143;140;138;137;144;142;138;142;150;148;140;137;151;151;152;148;153;157;152;154;161;151;152;160;152;156;157;171;172;156;162;155;155;157;147;167;153;176;167;166;169;157;162;168;168;168;164;157;157;164;168;169;166;167;165;164;164;167;166;163;162;161;161;163;159;151
210;195;173;179;197;205;207;190;183;201;211;208;220;215;192;193;157;176;185;176;200;202;197;201;181;213;241;203;185;206;189;170;150;157;161;204;136;168;154;132;151;157;169;182;205;183;203;223;240;239;235;250;222;156;123;83;60;67;79;108;134;108;71;35;26;16;9;14;48;87;105;118;151;133;145;127;117;131;127;140;142;120;115;96;96;109;118;118;125;125;115;122;125;101;81;86;70;81;90;72;49;42;30;29;3;16;6;10;22;20;25;35;68;56;65;85;97;104;109;117;127;118;122;116;103;102;103;106;103;97;105;107;107;99;106;104;108;108;100;96;94;80;74;88;80;73;92;92;87;87;89;72;33;30;12;10;33;64;87;92;90;84;81;91;109;128;134;126;137;151;146;157;186;173;148;155;148;172;171;164;160;154;160;161;163;164;167;159;169;155;143;146;155;165;167;158;158;156;173;174;182;177;180;169;137;126;154;187;190;200;212;205;182;171;173;173;181;184;174;192;183;193;165;151;152;153;156;171;172;201;189;173;184;183;185;190;182;189;201;183;182;199;191;173;179;192;192;189;189;186;174;177;187;178;169;182;183;179;184;197;203;196;187;184;171;171;168;166;166;187;216;229;251;249;228;187;109;82;95;42;8;9;21;65;84;82;116;157;168;190;206;215;211;202;210;181;171;197;174;183;209;195;199;229;219;208;189;215;168;133;102;122;99;87;91;127;160;168;169;167;167;151;160;165;154;154;162;165;160;164;161;165;166;157;160;167;154;170;166;158;159;154;154;159;166;160;160;161;159;161;166;169;166;174;167;170;177;165;159;172;173;159;172;159;168;158;163;170;165;162;156;147;161;158;159;159;153;157;159;160;147;159;160;151;160;166;164;159;157;160;162;157;151;159;149;150;153;142;141;142;141;147;144;143;147;140;143;138;140;149;143;145;144;148;145;155;151;141;140;134;145;160;149;145;152;144;151;159;144;149;151;159;149;146;147;148;144;143;152;166;142;159;160;152;152;148;146;151;159;159;150;147;149;160;162;160;161;159;171;160;156;160;164;160;174;163;162;159;154;154
181;198;188;179;186;186;181;195;198;157;169;186;154;161;206;206;197;196;193;191;192;164;161;183;147;135;137;123;126;150;150;147;185;238;169;145;189;179;148;189;223;188;192;191;221;203;211;185;135;131;93;91;103;119;153;174;182;174;146;102;40;10;33;66;130;155;197;201;194;205;201;194;182;179;181;172;165;169;168;172;167;153;169;182;182;181;178;142;131;133;123;127;121;114;118;100;96;84;73;41;25;28;32;21;58;54;76;81;84;106;119;134;140;141;140;148;154;156;144;143;127;141;140;152;147;132;141;138;107;115;113;113;120;120;125;120;125;123;133;128;140;153;155;158;145;146;131;93;54;33;37;33;48;76;107;121;123;116;110;111;109;147;166;154;153;169;165;177;172;153;162;175;101;41;64;115;122;134;129;131;157;181;184;170;162;155;152;147;161;155;151;162;152;154;151;164;158;154;154;162;151;140;151;161;181;208;208;202;192;197;191;188;189;198;204;193;176;201;178;167;161;164;156;188;212;187;195;194;181;179;194;198;220;191;185;186;195;191;177;200;206;196;193;197;196;190;194;204;203;200;197;203;195;207;204;195;203;201;196;188;177;171;175;183;210;220;247;238;233;212;181;125;69;40;23;23;56;85;83;96;145;171;200;202;204;217;219;218;209;215;206;180;181;188;191;200;211;188;212;212;215;175;180;149;131;123;107;116;106;116;124;144;150;163;177;176;163;155;161;174;158;155;163;170;162;159;165;164;172;180;166;165;169;159;157;163;165;170;163;151;167;163;159;150;161;158;160;161;157;155;158;160;163;166;160;162;167;157;150;158;168;153;160;155;165;159;152;153;138;157;165;151;153;151;153;151;148;150;157;163;158;159;154;144;144;151;169;166;156;153;153;169;154;154;161;155;151;155;153;154;159;151;160;162;168;176;164;166;153;160;163;158;167;162;154;168;174;170;174;162;160;159;160;166;169;171;170;175;156;176;165;158;175;167;159;159;168;178;180;178;177;167;169;169;169;159;146;160;154;166;180;167;154;161;159;162;149;161;159;155;156;152;159;161;144;145;146;146;161;154
208;174;189;223;161;190;200;208;175;171;195;186;152;191;224;183;191;196;168;170;202;196;190;200;220;211;194;215;227;206;200;199;159;179;163;173;216;197;208;219;188;151;146;149;113;94;73;50;67;122;154;168;156;125;79;48;52;27;15;64;161;230;228;242;242;209;210;200;179;181;180;174;172;174;156;159;176;183;186;176;173;190;170;144;149;147;152;142;147;137;125;113;92;72;64;50;25;10;55;58;75;96;99;119;132;131;155;157;146;159;170;162;148;155;156;155;149;155;152;148;151;153;152;159;147;149;166;142;159;160;145;156;159;157;167;166;165;183;186;175;173;148;124;106;67;62;23;12;49;107;142;142;153;128;115;120;146;166;161;163;196;172;165;167;169;170;147;159;152;151;154;167;131;160;184;146;137;132;149;176;185;167;156;172;179;179;184;180;180;163;153;165;182;185;179;190;170;151;155;168;187;195;205;211;204;195;191;183;185;203;208;212;210;197;182;162;153;167;157;160;171;178;173;189;186;188;198;186;193;189;199;214;165;158;183;197;207;206;187;202;201;195;182;187;209;209;202;212;204;195;198;214;196;206;202;188;194;193;198;213;235;249;247;238;213;164;107;63;84;68;54;71;92;135;177;193;216;225;220;242;233;211;212;209;203;203;200;208;203;209;212;215;227;224;200;194;189;149;126;116;125;110;112;137;146;154;165;171;171;170;176;183;168;159;160;157;159;164;156;158;165;166;162;169;168;161;167;164;154;156;149;170;183;162;163;168;175;163;162;162;185;173;172;175;177;173;175;177;176;175;174;170;165;161;170;179;173;170;171;167;167;171;166;169;166;155;157;159;156;161;162;155;155;147;146;147;149;144;145;147;152;150;148;143;150;128;133;129;122;118;113;136;114;131;119;122;120;127;150;120;122;121;149;121;133;137;150;132;127;140;151;147;154;155;152;165;161;169;176;174;170;174;187;168;185;182;167;188;171;173;156;186;177;176;179;185;188;186;183;181;188;188;193;174;180;204;198;197;187;183;191;184;171;179;167;179;185;178;174;185;188;179;180;188;166;157;156;166;164;160
178;201;214;175;186;208;188;178;183;211;191;172;206;213;170;175;190;209;195;206;216;197;180;172;190;184;172;195;192;163;174;187;210;203;229;245;200;171;154;85;62;38;59;88;124;156;176;180;143;84;46;27;7;15;86;161;205;203;243;238;214;204;175;166;157;155;171;177;177;196;201;178;157;203;213;210;210;198;181;158;181;164;160;175;183;160;151;141;86;53;35;27;36;29;43;96;129;161;132;144;129;159;162;151;149;161;171;142;150;158;146;165;170;152;144;140;136;145;161;152;160;165;165;157;160;160;146;142;146;142;151;188;179;186;193;149;183;172;115;69;32;1;2;19;64;96;140;186;187;162;135;135;149;159;184;180;169;156;139;151;143;126;148;156;149;158;168;164;160;160;161;195;174;161;180;182;175;183;184;158;148;161;164;169;168;176;172;156;170;196;202;200;167;157;169;135;150;193;197;206;203;202;190;192;187;182;199;204;211;203;186;164;152;146;150;168;171;169;173;183;192;199;201;198;191;204;204;191;200;214;209;210;209;200;224;219;171;177;212;198;200;205;219;222;211;209;206;190;198;203;183;177;185;195;204;235;243;238;218;180;134;96;74;66;50;95;138;189;210;219;244;250;251;241;232;236;224;213;212;192;195;207;204;226;227;216;218;180;192;185;169;175;163;163;192;196;241;253;241;187;141;180;172;165;166;160;166;166;165;158;163;175;168;156;167;168;168;169;163;178;172;172;158;174;185;172;167;156;188;187;187;170;153;160;197;166;174;168;172;171;177;168;169;181;169;170;175;175;172;173;177;176;176;170;182;182;168;171;179;178;164;176;161;177;176;171;169;167;179;167;159;163;170;166;164;166;164;162;164;161;168;158;151;144;161;156;153;144;153;167;153;139;141;133;138;154;146;132;145;161;146;133;131;115;142;114;141;128;135;135;142;152;136;132;134;131;147;130;123;116;133;134;91;97;114;114;116;141;125;126;109;126;126;131;132;125;118;117;122;127;138;131;142;150;152;152;144;146;159;135;157;158;168;155;165;165;153;169;191;174;152;163;161;155;158;182;174;178;170;170
171;180;203;190;221;197;171;182;192;188;173;212;231;198;163;168;218;184;168;192;174;179;201;189;181;195;235;203;186;243;231;169;154;172;117;58;44;76;99;148;204;211;203;157;113;62;22;22;42;93;180;219;242;247;250;235;195;201;212;190;167;146;168;181;163;184;185;181;179;186;193;174;179;181;168;154;150;142;148;178;197;164;140;117;105;76;50;41;17;68;107;117;150;165;167;160;153;188;166;164;187;186;188;161;179;162;159;165;165;160;173;149;157;162;171;167;162;138;156;168;155;140;148;155;153;164;174;176;162;202;164;138;145;158;137;92;41;13;17;50;81;140;163;186;179;151;136;135;128;144;159;188;169;162;167;160;166;173;154;153;156;135;154;173;169;153;172;156;167;172;149;160;169;159;167;165;161;141;142;145;146;140;125;128;126;136;178;218;212;169;138;148;174;172;195;215;226;206;195;193;190;190;203;198;203;211;196;196;194;172;164;158;178;196;187;197;194;203;208;197;181;166;171;183;200;183;197;200;181;184;184;167;200;207;193;202;223;217;206;198;199;199;198;202;198;181;192;229;211;207;235;250;239;206;173;130;112;76;64;103;158;193;212;225;253;229;234;200;172;193;191;193;194;190;205;186;181;207;207;212;223;192;186;133;117;146;118;102;110;106;93;100;101;108;129;116;107;116;158;160;141;148;155;153;150;153;154;145;152;170;162;149;166;150;158;162;168;168;149;151;176;183;167;166;160;152;187;220;253;250;246;250;247;167;158;183;173;187;188;175;169;187;182;180;173;180;187;183;174;176;186;192;189;176;174;168;165;169;161;155;153;160;158;156;144;159;147;174;169;169;167;167;167;172;171;167;162;165;167;160;168;163;162;155;148;151;148;158;164;160;160;152;168;164;147;154;166;162;158;150;142;174;160;153;167;162;174;176;178;134;84;73;74;72;84;62;66;41;19;47;40;29;24;28;48;27;35;51;47;64;72;68;84;89;86;78;78;84;77;63;62;61;72;100;98;78;86;100;98;103;103;128;108;130;138;128;143;140;139;141;148;149;144;143;150;148;145;156;164;170
197;194;185;192;190;186;176;191;188;210;176;205;201;182;214;228;223;195;169;200;190;178;194;237;246;243;224;223;185;111;83;83;101;122;149;155;175;201;160;106;65;42;7;47;124;186;199;237;246;248;243;210;204;185;174;170;166;193;169;168;198;152;168;175;188;191;172;174;188;185;178;165;155;133;114;104;120;122;104;118;74;58;47;38;52;46;65;127;201;213;209;213;203;174;198;183;202;197;209;175;196;156;149;166;158;160;154;165;190;160;153;160;142;152;145;156;192;164;153;162;145;171;154;155;177;174;164;149;146;133;105;90;53;23;27;24;79;159;155;181;175;134;128;133;144;159;175;172;171;190;182;162;158;164;168;156;157;169;168;174;175;176;172;171;176;164;179;161;156;176;172;167;164;162;183;181;197;184;187;190;178;168;176;195;216;234;200;112;66;110;156;177;195;210;200;206;192;188;203;207;199;216;192;216;222;187;177;136;131;153;186;186;190;198;185;187;197;187;199;207;197;199;210;206;181;172;203;208;200;195;209;203;200;197;194;194;195;197;200;201;215;214;224;231;239;252;237;190;205;199;142;66;83;121;154;160;170;218;248;235;212;201;183;160;153;161;158;181;174;135;178;165;142;190;169;152;174;165;133;107;121;116;131;147;141;135;153;175;160;185;201;183;185;178;165;158;171;151;137;144;186;175;165;162;176;160;158;168;169;173;163;176;164;164;171;165;164;169;162;163;165;165;156;167;170;150;141;139;102;77;80;98;114;109;137;155;153;157;154;148;145;173;158;151;166;164;163;159;157;163;166;162;162;186;171;142;158;162;159;204;253;242;253;251;250;253;156;144;170;165;164;170;164;164;163;164;159;159;157;149;151;155;160;158;161;156;142;154;147;127;143;152;141;127;151;126;130;146;120;156;170;125;136;161;157;148;130;81;34;58;118;167;210;220;230;168;186;216;214;215;174;178;214;208;183;183;182;171;185;177;169;173;180;161;145;144;152;158;158;157;133;126;101;109;123;123;119;93;94;137;101;52;112;87;63;42;34;62;48;42;71;64;60;48;59;94;122;95;102;98
207;201;193;190;198;189;221;222;175;191;185;217;178;159;186;164;148;162;192;216;195;244;240;179;116;62;74;66;76;137;161;185;171;133;114;92;66;33;57;105;144;174;219;239;245;199;197;213;183;174;162;172;185;183;184;202;177;174;180;188;198;187;204;181;169;177;170;148;146;145;120;103;102;124;136;125;134;141;109;89;92;108;138;142;147;161;172;161;139;152;164;174;181;168;193;182;163;183;157;178;166;156;166;177;169;158;186;161;161;149;131;157;185;189;157;156;169;155;149;156;163;186;160;141;145;144;134;106;56;39;19;35;89;141;181;191;165;142;142;132;142;179;191;183;183;193;179;170;163;152;166;166;141;147;148;148;161;174;172;167;178;166;157;178;184;172;175;178;181;169;163;178;172;170;168;156;129;129;152;193;213;214;213;206;151;102;70;104;173;229;207;169;154;142;163;170;180;208;194;216;201;208;207;163;117;100;115;162;198;204;196;178;171;184;197;194;208;171;169;188;187;205;215;195;208;212;215;198;196;195;198;205;207;220;232;244;236;238;252;237;219;204;183;152;102;55;44;58;107;95;105;146;208;222;221;219;220;186;154;150;165;182;194;201;214;217;229;237;209;196;246;199;141;149;155;124;129;124;99;152;135;120;127;147;162;158;145;144;155;156;161;143;163;157;150;144;161;165;159;167;159;140;169;179;161;173;185;173;168;185;177;176;180;181;179;173;173;179;180;177;186;179;168;169;177;178;175;175;181;181;171;165;163;187;176;169;175;162;160;161;159;171;155;155;159;151;143;142;149;157;150;134;165;145;161;157;141;153;148;126;114;102;103;104;126;170;141;165;173;157;155;173;169;166;165;173;171;168;169;171;161;160;156;149;149;164;158;150;149;153;156;138;162;216;251;253;253;244;195;133;75;130;145;102;106;93;138;198;206;234;213;173;173;145;132;164;164;167;165;149;199;236;206;208;183;213;208;168;189;193;189;197;207;200;198;203;204;200;202;208;211;220;218;224;218;198;199;207;209;222;211;207;247;252;247;215;207;213;215;183;183;172;188;205;221;229;158;40;49;87
194;218;208;223;219;173;182;195;192;163;153;182;181;219;241;225;234;231;196;158;104;106;79;64;109;153;167;161;150;111;73;60;52;78;116;160;215;232;233;212;229;215;191;179;171;177;184;160;177;181;174;186;176;196;198;188;216;189;213;182;163;183;168;141;145;132;145;132;128;138;134;160;159;131;112;104;89;65;76;124;144;170;166;151;170;188;194;169;187;194;194;148;154;158;149;149;185;151;111;146;164;151;161;150;165;166;143;161;181;166;187;125;152;158;147;166;161;179;191;183;170;183;158;114;90;53;18;29;83;139;193;214;211;157;124;129;140;183;190;186;194;162;171;160;147;168;144;157;180;156;165;150;161;184;195;192;182;171;169;168;185;185;185;183;151;170;180;179;184;190;192;199;177;186;192;199;190;211;221;201;138;90;97;108;111;168;225;230;189;174;173;187;194;205;194;200;201;173;178;152;155;125;62;79;151;206;230;201;168;199;209;211;188;177;203;201;214;208;200;207;207;209;207;215;212;210;209;218;208;224;216;215;222;202;162;150;89;62;109;75;69;69;98;135;150;170;209;240;238;238;248;241;218;213;217;207;204;217;230;237;243;247;243;235;240;222;209;170;151;176;159;119;142;154;151;179;174;159;193;194;186;185;192;166;164;180;168;170;184;162;158;162;172;146;171;161;165;157;149;172;173;142;179;172;167;148;161;171;172;163;160;185;162;159;156;162;166;161;160;156;158;166;176;173;172;175;171;171;165;183;177;186;168;183;155;184;172;165;174;167;164;173;167;169;178;177;176;174;175;179;175;161;156;169;171;153;160;169;162;182;155;174;146;139;128;135;147;170;158;155;157;167;155;156;152;152;167;158;158;169;159;164;165;163;161;164;170;176;183;185;177;168;171;195;157;155;173;208;248;198;159;152;85;110;214;234;212;185;171;120;149;224;214;211;188;209;212;160;141;176;184;135;158;161;171;163;178;170;165;159;164;158;159;180;186;170;164;177;182;175;165;173;184;196;198;184;189;221;195;193;158;167;158;171;169;212;245;191;217;184;211;246;207;151;118;102;152;188;166;192
168;184;160;161;157;161;165;195;178;222;247;220;200;169;103;73;106;66;56;86;123;158;170;157;140;110;95;101;117;157;202;222;240;253;248;234;215;201;195;177;200;171;169;216;213;193;192;196;208;223;222;214;224;205;191;174;175;141;163;158;161;153;128;147;151;145;144;154;161;136;100;93;72;102;117;112;149;177;186;184;189;186;160;184;209;167;163;190;188;194;187;174;196;168;176;184;129;198;211;171;172;170;169;163;160;161;183;132;150;173;176;187;211;195;190;182;164;152;134;118;82;33;2;23;85;143;182;214;196;154;149;131;134;164;194;208;188;173;169;162;168;177;160;154;155;165;168;163;164;168;167;163;172;164;152;157;162;158;177;170;157;132;114;122;141;157;166;168;147;155;159;150;162;175;184;176;170;157;112;80;104;161;199;200;213;189;175;160;167;187;182;181;180;210;187;186;163;135;188;114;123;122;162;220;228;187;168;194;177;177;189;197;187;209;208;191;205;216;218;219;202;193;187;196;189;173;161;178;176;187;131;110;114;89;100;118;168;187;181;208;237;247;253;241;253;242;225;203;194;225;210;209;230;234;218;240;246;221;214;217;198;167;148;141;122;124;109;125;149;126;135;153;166;152;150;151;155;159;151;146;158;161;163;169;169;164;165;152;154;172;174;181;164;154;173;187;170;192;194;187;189;180;202;175;193;183;194;188;173;185;192;174;154;178;174;181;172;157;176;170;157;161;180;172;175;171;169;181;172;163;168;165;153;170;169;160;161;157;170;163;156;174;177;166;165;159;169;169;161;160;161;166;175;173;167;165;174;177;169;163;160;177;168;169;178;170;161;153;147;165;163;147;147;149;153;148;158;138;137;155;147;153;160;163;157;149;149;151;145;152;145;157;156;95;128;116;107;107;87;126;182;176;157;216;183;137;153;148;151;166;170;163;125;168;193;197;227;201;186;227;193;160;180;160;181;151;216;246;253;252;251;245;156;179;195;195;195;198;188;172;173;187;182;172;170;166;184;224;217;188;204;200;202;175;175;163;137;135;176;212;183;118;73;113;150;160;164;157;159;168
168;176;202;209;213;225;222;230;199;148;86;41;48;75;101;145;177;160;156;155;125;94;62;73;135;162;180;183;192;200;180;148;171;165;152;140;140;157;183;199;196;196;194;195;185;189;213;210;215;192;161;140;143;139;114;111;122;150;147;135;120;131;166;140;116;126;106;103;89;96;121;109;133;149;149;157;168;167;174;176;184;202;175;183;197;149;165;176;159;151;142;191;186;155;196;188;178;186;118;170;200;186;214;207;177;174;182;197;191;181;195;154;139;124;115;86;66;31;28;22;38;130;200;227;207;169;155;133;150;158;184;193;188;177;171;147;181;190;188;197;205;201;217;223;222;218;213;216;219;209;203;211;207;220;217;220;219;185;183;191;178;206;222;219;225;213;189;201;191;181;189;169;165;128;130;129;130;152;172;198;214;188;179;158;158;156;161;169;166;160;164;174;174;158;129;149;134;137;174;185;182;200;193;166;163;180;190;196;196;195;186;164;165;180;177;178;176;172;143;133;158;173;163;160;172;188;181;172;213;214;194;235;243;253;243;249;246;227;223;212;201;207;218;231;226;223;223;231;230;215;202;196;174;172;165;132;117;138;125;116;108;122;136;133;134;146;147;155;163;150;158;155;165;149;155;163;154;139;138;155;135;146;152;145;143;148;161;144;161;175;162;162;156;173;161;156;162;165;160;172;153;166;145;179;147;134;153;151;134;164;168;155;162;168;169;159;163;169;186;175;172;174;165;173;170;179;170;176;180;172;176;183;176;176;168;176;166;165;172;168;166;169;178;169;168;185;163;167;174;172;179;184;182;167;165;169;165;157;171;170;182;161;172;159;158;170;163;178;168;154;149;155;167;163;154;164;166;155;155;164;160;162;161;155;145;154;160;156;153;162;161;161;163;161;174;170;161;155;153;156;143;147;158;143;116;143;169;160;159;154;149;130;164;139;132;115;124;135;146;158;144;156;184;167;158;154;146;120;99;113;125;133;145;160;171;168;163;169;178;183;180;192;186;173;176;179;170;162;166;179;200;199;228;186;165;181;187;252;184;187;232;249;252;252;253;215;147;156;150;154
223;221;206;188;162;88;66;71;48;80;126;153;179;185;149;124;82;114;118;162;164;122;120;181;205;155;127;140;141;113;113;145;172;168;162;162;184;209;202;183;182;188;215;228;210;177;164;123;99;95;97;113;116;118;110;143;155;164;126;88;59;46;37;9;29;54;93;115;141;154;137;177;170;176;205;223;202;200;214;201;182;209;191;168;180;173;184;196;112;132;187;193;68;30;73;59;85;78;46;76;42;54;73;82;91;84;48;46;99;124;90;92;67;43;22;20;83;114;160;164;155;151;111;128;148;153;191;190;190;169;168;168;166;163;180;200;182;146;127;74;53;57;83;130;107;79;65;67;64;64;75;84;84;93;90;95;104;87;95;105;122;135;120;72;64;71;70;105;92;100;138;135;167;155;182;183;175;184;173;165;170;153;178;174;167;177;169;180;183;160;154;158;167;190;198;193;208;215;203;192;194;196;203;220;227;199;167;157;179;186;188;181;188;197;183;202;198;204;200;218;221;201;181;201;251;233;235;226;212;198;182;224;221;222;195;221;212;201;227;228;228;206;187;184;152;136;123;125;113;105;114;133;125;112;138;136;164;142;135;137;139;136;144;157;164;158;184;179;169;166;161;157;165;158;162;162;159;158;156;158;159;166;177;174;149;154;166;173;172;173;174;160;152;181;164;166;168;158;150;153;156;148;147;144;136;158;151;146;133;171;134;147;168;144;145;133;144;139;134;131;146;151;156;158;148;161;134;122;149;150;140;147;159;156;144;168;149;161;150;160;162;146;167;155;153;169;146;154;169;169;162;150;164;159;171;174;164;167;182;153;156;175;158;175;174;165;176;176;180;186;167;177;162;168;177;161;169;164;160;155;160;163;163;156;147;162;169;162;157;155;160;156;156;171;147;160;173;157;158;165;169;155;140;162;160;152;164;152;149;163;147;172;164;147;169;167;175;157;160;162;160;157;157;160;166;157;148;173;147;146;157;163;160;154;153;153;152;155;160;163;155;141;148;167;163;148;152;168;163;150;155;131;134;158;182;167;169;144;140;165;124;130;112;104;132;154;164;205;171;150
109;38;22;65;105;127;178;173;166;158;145;110;82;82;97;118;142;200;224;213;225;247;224;225;212;197;218;237;222;223;236;230;214;228;225;206;186;184;202;213;196;188;142;111;119;120;123;116;159;178;158;193;202;183;180;171;164;135;132;135;132;155;150;145;165;167;159;192;202;181;203;206;208;196;193;170;158;172;175;154;151;144;173;141;162;185;135;194;188;146;198;170;147;216;194;155;154;139;187;200;182;220;140;102;119;99;109;135;99;59;40;26;54;131;172;213;176;139;112;119;126;171;192;210;198;168;168;157;171;166;189;174;168;166;133;133;83;72;91;101;108;94;99;86;82;78;98;97;70;74;91;80;72;69;54;33;44;70;73;25;6;13;37;56;70;81;100;138;158;168;183;165;179;177;187;174;182;175;165;176;185;164;171;173;175;174;170;158;133;142;180;185;177;186;187;167;166;166;200;196;187;205;210;200;190;196;213;219;235;219;230;233;209;232;220;211;233;228;254;246;240;242;254;218;117;185;208;224;238;243;213;153;149;129;128;153;139;122;125;128;115;114;117;128;141;150;157;160;146;179;180;171;179;166;192;194;161;129;185;209;254;254;230;218;191;122;164;167;149;158;145;152;145;154;160;146;144;159;157;144;162;145;169;151;155;164;161;154;147;153;164;154;149;144;146;159;153;142;156;166;135;140;154;157;155;165;147;149;157;184;147;153;150;150;160;155;165;160;157;176;167;130;166;157;144;155;161;160;161;156;158;153;128;138;156;164;165;139;143;137;155;178;146;152;136;147;167;154;134;132;145;156;177;147;151;166;154;157;159;149;158;172;142;167;145;150;158;126;158;148;157;150;157;147;154;167;162;161;157;147;159;161;165;163;154;160;164;168;167;151;165;168;155;171;168;172;155;146;158;179;167;160;153;162;170;169;154;165;151;161;164;152;142;162;188;157;160;168;183;168;163;157;165;188;182;171;160;177;166;176;187;177;173;164;168;180;180;171;155;139;164;149;156;162;146;144;165;178;176;170;169;165;169;184;179;166;152;150;176;177;152;187;156;149;168;161;165;165;160;184
94;123;199;191;143;134;118;100;108;109;137;176;205;224;235;244;245;215;174;171;181;179;200;179;191;213;193;168;181;186;173;174;146;183;193;204;221;225;193;127;110;111;112;143;160;173;192;199;201;203;207;167;153;161;128;135;137;139;150;180;168;153;166;189;189;222;190;204;200;164;215;173;144;188;168;139;162;150;162;185;176;203;191;167;193;172;160;188;163;155;198;140;168;193;150;200;228;211;208;174;158;153;118;135;142;80;49;41;51;93;162;212;214;172;107;107;132;154;187;209;214;200;178;149;151;174;182;192;172;162;168;148;142;159;163;198;200;182;197;197;197;201;226;213;212;221;219;190;176;207;228;209;200;196;210;213;200;189;198;189;171;196;183;157;158;184;203;190;178;176;167;165;155;154;147;147;145;156;166;174;166;160;153;164;144;163;168;163;173;187;189;184;177;192;165;163;186;180;172;170;172;176;170;160;156;173;182;159;169;187;190;171;177;193;182;189;191;150;105;106;109;105;103;127;67;62;81;84;119;118;133;141;152;146;166;161;151;156;164;163;134;165;179;178;180;168;156;162;165;169;159;149;156;145;160;130;125;134;199;180;169;164;180;205;248;123;135;161;152;158;163;172;156;164;175;165;154;158;161;163;152;125;144;154;140;159;122;139;159;129;149;126;148;172;110;113;148;145;134;135;133;123;175;147;129;150;151;133;142;133;149;170;161;147;132;160;169;137;127;174;152;174;175;126;157;164;156;161;138;156;171;179;166;164;157;149;154;154;152;150;149;166;151;166;155;145;159;155;160;153;159;159;169;142;147;161;149;157;145;157;161;171;136;152;153;155;162;126;146;167;124;138;154;152;149;148;153;158;160;156;167;160;159;162;163;162;163;171;174;156;168;172;173;159;158;161;151;176;177;148;159;126;148;160;166;144;128;165;167;139;159;145;183;184;152;156;170;171;163;156;177;174;168;165;147;164;172;163;182;175;163;159;169;161;163;166;159;159;163;159;180;165;165;164;159;174;182;164;149;171;167;171;170;176;153;163;183;164;170;168;162;180;178;185;176;170;176;168;166;194
172;125;102;105;113;148;177;203;239;223;208;206;213;215;193;164;168;199;201;159;173;184;182;163;179;179;171;161;174;206;216;202;223;197;160;145;124;102;114;129;157;185;188;189;178;198;208;186;167;160;130;132;156;165;158;146;133;134;153;182;193;209;211;195;206;190;168;154;174;174;180;170;173;214;175;183;200;153;175;187;180;202;192;156;190;156;176;200;119;161;194;157;193;204;194;183;155;129;130;121;93;56;51;19;27;90;151;195;234;202;159;118;109;148;199;209;212;185;195;183;158;142;161;168;176;174;151;166;160;148;148;189;203;184;172;178;129;130;181;179;169;174;169;159;163;158;157;177;191;168;150;165;176;178;181;178;191;196;203;201;181;153;126;170;202;170;159;171;165;167;158;175;161;170;164;176;160;173;173;160;150;174;166;172;173;192;189;182;198;205;196;199;210;188;214;222;202;202;213;203;196;190;187;201;195;178;182;181;180;155;177;174;182;180;194;173;172;160;166;180;151;158;172;182;192;183;227;188;119;138;181;147;151;163;177;161;157;161;167;153;152;167;151;152;159;164;155;176;171;150;151;161;165;151;169;147;160;162;124;114;116;100;84;96;92;132;153;153;167;150;134;139;159;151;155;157;160;165;162;159;160;155;174;181;151;168;131;159;148;171;141;165;163;135;124;179;182;166;160;144;153;130;133;145;150;164;158;146;134;147;162;141;145;167;140;145;153;159;149;149;160;155;142;150;156;141;145;143;141;148;143;148;142;140;142;147;143;172;122;160;166;147;166;136;120;140;145;153;164;137;156;172;137;142;159;164;150;159;141;147;147;148;145;145;150;127;144;113;166;149;125;156;147;160;145;149;150;155;156;155;159;149;146;153;158;158;158;160;164;159;161;157;154;161;154;164;161;136;118;119;161;126;153;135;150;157;167;165;150;167;162;154;159;172;155;165;172;165;154;166;176;154;150;158;162;155;171;166;187;160;146;164;155;157;172;180;170;168;172;167;167;150;155;170;172;175;176;166;151;161;171;172;151;170;169;166;167;164;176;158;172;171;153;167;165;164;154;162;145;149
99;161;153;185;222;201;182;173;185;185;191;200;194;179;178;185;181;202;174;175;211;187;180;183;182;193;219;242;231;187;144;124;98;93;113;136;159;177;189;211;187;219;195;188;201;170;144;157;153;169;160;166;147;133;143;176;209;187;231;193;154;194;195;171;178;155;182;200;175;177;188;182;203;186;152;202;208;190;190;137;178;177;145;158;184;122;164;169;152;205;186;171;185;134;123;146;110;98;53;12;41;87;151;212;235;205;158;93;104;116;132;184;200;188;157;155;135;177;176;156;180;175;175;169;165;160;155;164;158;171;161;172;161;156;170;173;194;192;174;166;169;171;180;168;154;172;173;165;167;167;171;182;166;160;167;163;149;115;99;98;140;175;185;182;172;159;164;168;157;164;162;169;162;172;168;170;182;168;159;177;191;196;171;163;200;180;172;177;171;189;204;169;150;168;184;143;135;161;146;109;137;148;118;105;121;135;155;165;147;142;159;155;143;122;154;165;157;175;221;190;213;178;190;166;171;207;150;177;209;184;174;157;165;170;165;154;162;169;164;158;161;161;145;153;176;181;163;161;150;158;172;164;161;168;188;168;168;169;159;185;148;171;205;177;165;153;164;170;159;152;166;158;158;146;144;145;156;168;159;147;134;149;170;127;151;159;157;132;156;157;151;154;101;170;231;233;253;250;254;248;254;124;151;178;183;182;174;184;167;181;172;147;140;163;160;162;150;154;162;158;178;177;166;167;157;171;183;190;201;160;148;168;159;172;179;147;153;164;154;163;161;143;155;155;169;185;169;167;154;130;146;173;168;159;161;166;160;151;152;150;155;125;169;156;147;155;160;138;149;154;156;160;154;144;184;161;152;153;148;147;144;144;143;150;145;146;146;148;153;165;160;155;156;168;145;142;166;138;131;180;161;145;175;147;151;161;144;151;149;147;154;156;144;138;181;174;157;167;164;165;162;160;158;157;178;163;167;168;174;165;155;171;158;152;164;173;164;164;171;167;167;168;172;171;166;167;170;166;171;161;167;170;171;162;164;179;162;177;164;153;175;174;180;154;162;161;156;160;151;145
217;204;169;177;181;177;207;213;186;185;186;195;185;161;159;172;179;186;187;204;211;201;208;212;200;150;90;74;94;109;128;158;195;191;213;205;217;233;191;169;169;156;150;161;162;133;139;146;143;142;124;137;147;180;176;198;166;145;169;151;161;138;104;178;191;183;177;173;150;171;157;128;159;147;139;154;110;141;169;150;161;166;108;136;157;146;195;156;187;188;178;182;150;121;84;37;4;33;122;214;252;247;191;150;88;139;163;192;198;172;185;167;180;164;177;182;164;176;188;180;167;175;164;173;176;166;176;174;169;168;162;169;166;173;170;166;153;165;169;162;176;179;158;167;175;160;166;173;165;172;185;183;157;135;147;145;128;131;166;185;180;172;175;167;154;166;174;159;173;170;172;170;175;171;169;164;160;168;166;171;171;159;150;141;109;143;124;116;118;113;126;118;117;167;123;100;116;158;128;149;163;167;133;147;181;150;122;131;139;156;136;138;144;150;148;141;143;147;135;115;170;171;178;188;176;183;174;166;193;197;197;200;197;197;189;170;176;196;172;177;172;168;163;146;164;158;156;143;160;153;169;159;141;150;165;135;149;166;141;153;151;151;149;152;162;155;175;154;155;177;173;165;172;170;176;170;158;155;156;162;154;165;153;150;161;158;158;152;151;138;153;143;125;158;99;68;75;95;91;127;158;89;98;62;85;95;43;41;141;79;9;75;124;107;107;116;101;96;104;92;72;92;125;94;62;76;51;54;57;98;106;115;116;115;133;166;180;167;177;155;149;138;159;190;177;161;154;170;162;176;173;185;159;150;136;129;144;150;169;127;122;158;132;128;173;166;128;118;163;189;163;181;147;122;120;165;153;155;148;150;145;153;152;157;157;152;150;151;153;169;158;158;150;159;158;133;167;185;157;144;152;165;120;146;155;130;133;164;164;130;175;163;149;149;166;147;157;163;162;158;154;169;159;148;154;164;151;165;170;152;122;157;157;147;158;168;158;158;172;175;166;161;157;159;167;171;170;170;163;160;176;160;170;155;161;161;160;159;150;156;162;150;168;152;142;140;164;142;161;171
